font	search_name	document_count	status	download_available	webfont_usable	webfont_usable_reason	delivery	package	version	license	download_url	note
08서울남산체 B	08서울남산체	33	not-found	불가	불가	검증 가능한 웹폰트 파일 미발견						Fontsource·명시 별칭·jsDelivr 웹 검색에서 검증 가능한 패키지를 찾지 못함
08서울남산체 EB	08서울남산체 eb	118	not-found	불가	불가	검증 가능한 웹폰트 파일 미발견						Fontsource·명시 별칭·jsDelivr 웹 검색에서 검증 가능한 패키지를 찾지 못함
08서울남산체 L	08서울남산체	12	not-found	불가	불가	검증 가능한 웹폰트 파일 미발견						Fontsource·명시 별칭·jsDelivr 웹 검색에서 검증 가능한 패키지를 찾지 못함
08서울남산체 M	08서울남산체	24	not-found	불가	불가	검증 가능한 웹폰트 파일 미발견						Fontsource·명시 별칭·jsDelivr 웹 검색에서 검증 가능한 패키지를 찾지 못함
08서울한강체 L	08서울한강체	97	not-found	불가	불가	검증 가능한 웹폰트 파일 미발견						Fontsource·명시 별칭·jsDelivr 웹 검색에서 검증 가능한 패키지를 찾지 못함
08서울한강체 M	08서울한강체	28	not-found	불가	불가	검증 가능한 웹폰트 파일 미발견						Fontsource·명시 별칭·jsDelivr 웹 검색에서 검증 가능한 패키지를 찾지 못함
12롯데마트드림Bold	12롯데마트드림bold	1	not-found	불가	불가	검증 가능한 웹폰트 파일 미발견		@tiptap/extension-bold, ansi-bold, @remirror/extension-bold				Fontsource·명시 별칭·jsDelivr 웹 검색에서 검증 가능한 패키지를 찾지 못함
12롯데마트드림Medium	12롯데마트드림medium	1	not-found	불가	불가	검증 가능한 웹폰트 파일 미발견		medium, medium-zoom, medium-editor				Fontsource·명시 별칭·jsDelivr 웹 검색에서 검증 가능한 패키지를 찾지 못함
1훈검정고무신 R	1훈검정고무신	3	not-found	불가	불가	검증 가능한 웹폰트 파일 미발견						Fontsource·명시 별칭·jsDelivr 웹 검색에서 검증 가능한 패키지를 찾지 못함
1ôç	1ôç	1	not-found	불가	불가	검증 가능한 웹폰트 파일 미발견						Fontsource·명시 별칭·jsDelivr 웹 검색에서 검증 가능한 패키지를 찾지 못함
2002	2002	55	not-found	불가	불가	검증 가능한 웹폰트 파일 미발견		@pickstar-2002/video-clip-mcp, romanian-cities, @audio/denoise-omlsa				Fontsource·명시 별칭·jsDelivr 웹 검색에서 검증 가능한 패키지를 찾지 못함
20faces	20faces	1	license-review	가능	라이선스 검토 필요	CDN 응답은 확인했지만 원 권리자의 웹 사용 허가를 확인하지 못함	OnlineWebFonts	onlinewebfonts:945256fbf686f39790043c7f1330a600	945256fbf686f39790043c7f1330a600	원 권리자 웹 사용 허가 미확인	https://db.onlinewebfonts.com/t/945256fbf686f39790043c7f1330a600.woff2	OnlineWebFonts WOFF2 응답 확인 (https://www.onlinewebfonts.com/download/945256fbf686f39790043c7f1330a600); 실제 서비스 배포 전 원 권리자 사용 허가 확인 필요
210 럭키수퍼 L	210 럭키수퍼	2	not-found	불가	불가	검증 가능한 웹폰트 파일 미발견						Fontsource·명시 별칭·jsDelivr 웹 검색에서 검증 가능한 패키지를 찾지 못함
3 of 9 Barcode	3 of 9 barcode	8	license-review	가능	라이선스 검토 필요	CDN 응답은 확인했지만 원 권리자의 웹 사용 허가를 확인하지 못함	OnlineWebFonts	onlinewebfonts:7a3abce9f43e0b74320df47238a0460c	7a3abce9f43e0b74320df47238a0460c	원 권리자 웹 사용 허가 미확인	https://db.onlinewebfonts.com/t/7a3abce9f43e0b74320df47238a0460c.woff2	OnlineWebFonts WOFF2 응답 확인 (https://www.onlinewebfonts.com/download/7a3abce9f43e0b74320df47238a0460c); 실제 서비스 배포 전 원 권리자 사용 허가 확인 필요
3D LET (BRK)	3d let (brk)	1	not-found	불가	불가	검증 가능한 웹폰트 파일 미발견						Fontsource·명시 별칭·jsDelivr 웹 검색에서 검증 가능한 패키지를 찾지 못함
62570체	62570체	1	available	가능	가능	공급 경로의 라이선스 단서와 CDN 응답 확인	jsDelivr 웹 검색	@noonnu/62570che	0.1.0	MIT	https://cdn.jsdelivr.net/npm/@noonnu/62570che@0.1.0/fonts/62570-normal.woff	jsDelivr 웹 검색 후 실제 CDN 글꼴 파일 응답 확인
가는각진제목체	가는각진제목체	101	not-found	불가	불가	검증 가능한 웹폰트 파일 미발견						Fontsource·명시 별칭·jsDelivr 웹 검색에서 검증 가능한 패키지를 찾지 못함
가는공한	가는공한	10	not-found	불가	불가	검증 가능한 웹폰트 파일 미발견						Fontsource·명시 별칭·jsDelivr 웹 검색에서 검증 가능한 패키지를 찾지 못함
가는둥근제목체	가는둥근제목체	29	not-found	불가	불가	검증 가능한 웹폰트 파일 미발견						Fontsource·명시 별칭·jsDelivr 웹 검색에서 검증 가능한 패키지를 찾지 못함
가는안상수체	가는안상수체	44	not-found	불가	불가	검증 가능한 웹폰트 파일 미발견						Fontsource·명시 별칭·jsDelivr 웹 검색에서 검증 가능한 패키지를 찾지 못함
가는안상수체영문	가는안상수체영문	10	not-found	불가	불가	검증 가능한 웹폰트 파일 미발견						Fontsource·명시 별칭·jsDelivr 웹 검색에서 검증 가능한 패키지를 찾지 못함
가는으뜸체	가는으뜸체	10	not-found	불가	불가	검증 가능한 웹폰트 파일 미발견						Fontsource·명시 별칭·jsDelivr 웹 검색에서 검증 가능한 패키지를 찾지 못함
가는한	가는한	11	not-found	불가	불가	검증 가능한 웹폰트 파일 미발견						Fontsource·명시 별칭·jsDelivr 웹 검색에서 검증 가능한 패키지를 찾지 못함
가시나무B	가시나무	4	not-found	불가	불가	검증 가능한 웹폰트 파일 미발견						Fontsource·명시 별칭·jsDelivr 웹 검색에서 검증 가능한 패키지를 찾지 못함
가시나무IIM	가시나무iim	4	not-found	불가	불가	검증 가능한 웹폰트 파일 미발견						Fontsource·명시 별칭·jsDelivr 웹 검색에서 검증 가능한 패키지를 찾지 못함
가시나무L	가시나무	1	not-found	불가	불가	검증 가능한 웹폰트 파일 미발견						Fontsource·명시 별칭·jsDelivr 웹 검색에서 검증 가능한 패키지를 찾지 못함
가시나무M	가시나무	9	not-found	불가	불가	검증 가능한 웹폰트 파일 미발견						Fontsource·명시 별칭·jsDelivr 웹 검색에서 검증 가능한 패키지를 찾지 못함
가을10	가을10	1	not-found	불가	불가	검증 가능한 웹폰트 파일 미발견						Fontsource·명시 별칭·jsDelivr 웹 검색에서 검증 가능한 패키지를 찾지 못함
가을9	가을9	1	not-found	불가	불가	검증 가능한 웹폰트 파일 미발견						Fontsource·명시 별칭·jsDelivr 웹 검색에서 검증 가능한 패키지를 찾지 못함
가을잎체(가는)	가을잎체(가는)	2	not-found	불가	불가	검증 가능한 웹폰트 파일 미발견						Fontsource·명시 별칭·jsDelivr 웹 검색에서 검증 가능한 패키지를 찾지 못함
가을체	가을체	5	not-found	불가	불가	검증 가능한 웹폰트 파일 미발견						Fontsource·명시 별칭·jsDelivr 웹 검색에서 검증 가능한 패키지를 찾지 못함
가지	가지	12	not-found	불가	불가	검증 가능한 웹폰트 파일 미발견						Fontsource·명시 별칭·jsDelivr 웹 검색에서 검증 가능한 패키지를 찾지 못함
각머리A	각머리a	3	not-found	불가	불가	검증 가능한 웹폰트 파일 미발견						Fontsource·명시 별칭·jsDelivr 웹 검색에서 검증 가능한 패키지를 찾지 못함
각머리D	각머리d	1	not-found	불가	불가	검증 가능한 웹폰트 파일 미발견						Fontsource·명시 별칭·jsDelivr 웹 검색에서 검증 가능한 패키지를 찾지 못함
갈대M	갈대	5	not-found	불가	불가	검증 가능한 웹폰트 파일 미발견						Fontsource·명시 별칭·jsDelivr 웹 검색에서 검증 가능한 패키지를 찾지 못함
갈잎체	갈잎체	1	not-found	불가	불가	검증 가능한 웹폰트 파일 미발견						Fontsource·명시 별칭·jsDelivr 웹 검색에서 검증 가능한 패키지를 찾지 못함
강낭콩	강낭콩	10	not-found	불가	불가	검증 가능한 웹폰트 파일 미발견						Fontsource·명시 별칭·jsDelivr 웹 검색에서 검증 가능한 패키지를 찾지 못함
개성체	개성체	1	not-found	불가	불가	검증 가능한 웹폰트 파일 미발견						Fontsource·명시 별칭·jsDelivr 웹 검색에서 검증 가능한 패키지를 찾지 못함
갯마을B	갯마을	2	not-found	불가	불가	검증 가능한 웹폰트 파일 미발견						Fontsource·명시 별칭·jsDelivr 웹 검색에서 검증 가능한 패키지를 찾지 못함
갯마을L	갯마을	2	not-found	불가	불가	검증 가능한 웹폰트 파일 미발견						Fontsource·명시 별칭·jsDelivr 웹 검색에서 검증 가능한 패키지를 찾지 못함
갯마을M	갯마을	2	not-found	불가	불가	검증 가능한 웹폰트 파일 미발견						Fontsource·명시 별칭·jsDelivr 웹 검색에서 검증 가능한 패키지를 찾지 못함
견고딕	견고딕	60	not-found	불가	불가	검증 가능한 웹폰트 파일 미발견		@noonnu/chosun-bg, @noonnu/chosunbg				Fontsource·명시 별칭·jsDelivr 웹 검색에서 검증 가능한 패키지를 찾지 못함
견명조	견명조	46	not-found	불가	불가	검증 가능한 웹폰트 파일 미발견						Fontsource·명시 별칭·jsDelivr 웹 검색에서 검증 가능한 패키지를 찾지 못함
경기천년바탕 Bold	경기천년바탕	2	available	가능	가능	Noonnu 상세 페이지의 웹사이트 사용 가능 요약과 CDN 응답 확인	Noonnu CDN	noonnu:font_page/13	13	Noonnu 요약표: 웹사이트 사용 가능	https://cdn.jsdelivr.net/gh/projectnoonnu/2410-3@1.0/Batang_Regular.woff	Noonnu 상세 페이지에서 웹사이트 사용 허가와 CDN 응답 확인 (https://noonnu.cc/font_page/13)
경기천년바탕 Regular	경기천년바탕	20	available	가능	가능	Noonnu 상세 페이지의 웹사이트 사용 가능 요약과 CDN 응답 확인	Noonnu CDN	noonnu:font_page/13	13	Noonnu 요약표: 웹사이트 사용 가능	https://cdn.jsdelivr.net/gh/projectnoonnu/2410-3@1.0/Batang_Regular.woff	Noonnu 상세 페이지에서 웹사이트 사용 허가와 CDN 응답 확인 (https://noonnu.cc/font_page/13)
경기천년바탕OTF Bold	경기천년바탕otf	2	not-found	불가	불가	검증 가능한 웹폰트 파일 미발견						Fontsource·명시 별칭·jsDelivr 웹 검색에서 검증 가능한 패키지를 찾지 못함
경기천년바탕OTF Regular	경기천년바탕otf	1	not-found	불가	불가	검증 가능한 웹폰트 파일 미발견						Fontsource·명시 별칭·jsDelivr 웹 검색에서 검증 가능한 패키지를 찾지 못함
경기천년제목 Bold	경기천년제목	3	available	가능	가능	Noonnu 상세 페이지의 웹사이트 사용 가능 요약과 CDN 응답 확인	Noonnu CDN	noonnu:font_page/14	14	Noonnu 요약표: 웹사이트 사용 가능	https://cdn.jsdelivr.net/gh/projectnoonnu/2410-3@1.0/Title_Medium.woff	Noonnu 상세 페이지에서 웹사이트 사용 허가와 CDN 응답 확인 (https://noonnu.cc/font_page/14)
경기천년제목 Light	경기천년제목	4	available	가능	가능	Noonnu 상세 페이지의 웹사이트 사용 가능 요약과 CDN 응답 확인	Noonnu CDN	noonnu:font_page/14	14	Noonnu 요약표: 웹사이트 사용 가능	https://cdn.jsdelivr.net/gh/projectnoonnu/2410-3@1.0/Title_Medium.woff	Noonnu 상세 페이지에서 웹사이트 사용 허가와 CDN 응답 확인 (https://noonnu.cc/font_page/14)
경기천년제목 Medium	경기천년제목	13	available	가능	가능	Noonnu 상세 페이지의 웹사이트 사용 가능 요약과 CDN 응답 확인	Noonnu CDN	noonnu:font_page/14	14	Noonnu 요약표: 웹사이트 사용 가능	https://cdn.jsdelivr.net/gh/projectnoonnu/2410-3@1.0/Title_Medium.woff	Noonnu 상세 페이지에서 웹사이트 사용 허가와 CDN 응답 확인 (https://noonnu.cc/font_page/14)
경기천년제목OTF Bold	경기천년제목otf	1	not-found	불가	불가	검증 가능한 웹폰트 파일 미발견						Fontsource·명시 별칭·jsDelivr 웹 검색에서 검증 가능한 패키지를 찾지 못함
경기천년제목V Bold	경기천년제목v	1	not-found	불가	불가	검증 가능한 웹폰트 파일 미발견						Fontsource·명시 별칭·jsDelivr 웹 검색에서 검증 가능한 패키지를 찾지 못함
고구려B	고구려	2	not-found	불가	불가	검증 가능한 웹폰트 파일 미발견						Fontsource·명시 별칭·jsDelivr 웹 검색에서 검증 가능한 패키지를 찾지 못함
고구려L	고구려	2	not-found	불가	불가	검증 가능한 웹폰트 파일 미발견						Fontsource·명시 별칭·jsDelivr 웹 검색에서 검증 가능한 패키지를 찾지 못함
고구려M	고구려	2	not-found	불가	불가	검증 가능한 웹폰트 파일 미발견						Fontsource·명시 별칭·jsDelivr 웹 검색에서 검증 가능한 패키지를 찾지 못함
고딕	고딕	201	not-found	불가	불가	검증 가능한 웹폰트 파일 미발견						Fontsource·명시 별칭·jsDelivr 웹 검색에서 검증 가능한 패키지를 찾지 못함; Noonnu 조회 실패: HTTP 429
고딩B	고딩	2	not-found	불가	불가	검증 가능한 웹폰트 파일 미발견						Fontsource·명시 별칭·jsDelivr 웹 검색에서 검증 가능한 패키지를 찾지 못함
고딩L	고딩	2	not-found	불가	불가	검증 가능한 웹폰트 파일 미발견						Fontsource·명시 별칭·jsDelivr 웹 검색에서 검증 가능한 패키지를 찾지 못함
고딩M	고딩	2	not-found	불가	불가	검증 가능한 웹폰트 파일 미발견						Fontsource·명시 별칭·jsDelivr 웹 검색에서 검증 가능한 패키지를 찾지 못함
고추잠자리B	고추잠자리	2	not-found	불가	불가	검증 가능한 웹폰트 파일 미발견						Fontsource·명시 별칭·jsDelivr 웹 검색에서 검증 가능한 패키지를 찾지 못함
고추잠자리L	고추잠자리	2	not-found	불가	불가	검증 가능한 웹폰트 파일 미발견						Fontsource·명시 별칭·jsDelivr 웹 검색에서 검증 가능한 패키지를 찾지 못함
고추잠자리M	고추잠자리	2	not-found	불가	불가	검증 가능한 웹폰트 파일 미발견						Fontsource·명시 별칭·jsDelivr 웹 검색에서 검증 가능한 패키지를 찾지 못함
공작	공작	1	not-found	불가	불가	검증 가능한 웹폰트 파일 미발견						Fontsource·명시 별칭·jsDelivr 웹 검색에서 검증 가능한 패키지를 찾지 못함
광진구청	광진구청	1	not-found	불가	불가	검증 가능한 웹폰트 파일 미발견						Fontsource·명시 별칭·jsDelivr 웹 검색에서 검증 가능한 패키지를 찾지 못함
구름L	구름	1	not-found	불가	불가	검증 가능한 웹폰트 파일 미발견						Fontsource·명시 별칭·jsDelivr 웹 검색에서 검증 가능한 패키지를 찾지 못함; Noonnu 조회 실패: HTTP 429
국학진흥KK1	국학진흥kk1	1	not-found	불가	불가	검증 가능한 웹폰트 파일 미발견						Fontsource·명시 별칭·jsDelivr 웹 검색에서 검증 가능한 패키지를 찾지 못함
굴렁쇠목각M	굴렁쇠목각	2	not-found	불가	불가	검증 가능한 웹폰트 파일 미발견						Fontsource·명시 별칭·jsDelivr 웹 검색에서 검증 가능한 패키지를 찾지 못함
굴렁쇠M	굴렁쇠	2	not-found	불가	불가	검증 가능한 웹폰트 파일 미발견						Fontsource·명시 별칭·jsDelivr 웹 검색에서 검증 가능한 패키지를 찾지 못함; Noonnu 조회 실패: HTTP 429
굴림	굴림	5610	not-found	불가	불가	검증 가능한 웹폰트 파일 미발견						Fontsource·명시 별칭·jsDelivr 웹 검색에서 검증 가능한 패키지를 찾지 못함; Noonnu 조회 실패: HTTP 429
굴림 옛한글	굴림 옛한글	2	not-found	불가	불가	검증 가능한 웹폰트 파일 미발견						Fontsource·명시 별칭·jsDelivr 웹 검색에서 검증 가능한 패키지를 찾지 못함; Noonnu 조회 실패: HTTP 429
굴림 옛한글 자모	굴림 옛한글 자모	1	not-found	불가	불가	검증 가능한 웹폰트 파일 미발견						Fontsource·명시 별칭·jsDelivr 웹 검색에서 검증 가능한 패키지를 찾지 못함; Noonnu 조회 실패: HTTP 429
굴림체	굴림체	2506	not-found	불가	불가	검증 가능한 웹폰트 파일 미발견		@noonnu/chosun-gu, @noonnu/chosungu				Fontsource·명시 별칭·jsDelivr 웹 검색에서 검증 가능한 패키지를 찾지 못함
굵은공한	굵은공한	11	not-found	불가	불가	검증 가능한 웹폰트 파일 미발견						Fontsource·명시 별칭·jsDelivr 웹 검색에서 검증 가능한 패키지를 찾지 못함; Noonnu 조회 실패: HTTP 429
굵은안상수체	굵은안상수체	12	not-found	불가	불가	검증 가능한 웹폰트 파일 미발견						Fontsource·명시 별칭·jsDelivr 웹 검색에서 검증 가능한 패키지를 찾지 못함; Noonnu 조회 실패: HTTP 429
굵은안상수체영문	굵은안상수체영문	10	not-found	불가	불가	검증 가능한 웹폰트 파일 미발견						Fontsource·명시 별칭·jsDelivr 웹 검색에서 검증 가능한 패키지를 찾지 못함; Noonnu 조회 실패: HTTP 429
굵은으뜸체	굵은으뜸체	1	not-found	불가	불가	검증 가능한 웹폰트 파일 미발견						Fontsource·명시 별칭·jsDelivr 웹 검색에서 검증 가능한 패키지를 찾지 못함; Noonnu 조회 실패: HTTP 429
굵은한	굵은한	10	not-found	불가	불가	검증 가능한 웹폰트 파일 미발견						Fontsource·명시 별칭·jsDelivr 웹 검색에서 검증 가능한 패키지를 찾지 못함; Noonnu 조회 실패: HTTP 429
궁서	궁서	233	not-found	불가	불가	검증 가능한 웹폰트 파일 미발견						Fontsource·명시 별칭·jsDelivr 웹 검색에서 검증 가능한 패키지를 찾지 못함; Noonnu 조회 실패: HTTP 429
궁서 옛한글	궁서 옛한글	2	not-found	불가	불가	검증 가능한 웹폰트 파일 미발견						Fontsource·명시 별칭·jsDelivr 웹 검색에서 검증 가능한 패키지를 찾지 못함; Noonnu 조회 실패: HTTP 429
궁서체	궁서체	74	not-found	불가	불가	검증 가능한 웹폰트 파일 미발견		@noonnu/chosun-gs, @noonnu/chosungs				Fontsource·명시 별칭·jsDelivr 웹 검색에서 검증 가능한 패키지를 찾지 못함
그래픽	그래픽	53	not-found	불가	불가	검증 가능한 웹폰트 파일 미발견		@noonnu/y-universe-b				Fontsource·명시 별칭·jsDelivr 웹 검색에서 검증 가능한 패키지를 찾지 못함; Noonnu 조회 실패: HTTP 429
그래픽체	그래픽체	3	not-found	불가	불가	검증 가능한 웹폰트 파일 미발견						Fontsource·명시 별칭·jsDelivr 웹 검색에서 검증 가능한 패키지를 찾지 못함; Noonnu 조회 실패: HTTP 429
까치집B	까치집	2	not-found	불가	불가	검증 가능한 웹폰트 파일 미발견						Fontsource·명시 별칭·jsDelivr 웹 검색에서 검증 가능한 패키지를 찾지 못함; Noonnu 조회 실패: HTTP 429
까치집M	까치집	2	not-found	불가	불가	검증 가능한 웹폰트 파일 미발견						Fontsource·명시 별칭·jsDelivr 웹 검색에서 검증 가능한 패키지를 찾지 못함; Noonnu 조회 실패: HTTP 429
꼬꼬마B	꼬꼬마	2	not-found	불가	불가	검증 가능한 웹폰트 파일 미발견						Fontsource·명시 별칭·jsDelivr 웹 검색에서 검증 가능한 패키지를 찾지 못함
꼬꼬마L	꼬꼬마	2	not-found	불가	불가	검증 가능한 웹폰트 파일 미발견						Fontsource·명시 별칭·jsDelivr 웹 검색에서 검증 가능한 패키지를 찾지 못함
꼬꼬마M	꼬꼬마	2	not-found	불가	불가	검증 가능한 웹폰트 파일 미발견						Fontsource·명시 별칭·jsDelivr 웹 검색에서 검증 가능한 패키지를 찾지 못함
나눔고딕	나눔고딕	205	available	가능	가능	공급 경로의 라이선스 단서와 CDN 응답 확인	Fontsource npm	@fontsource/nanum-gothic	5.3.0	OFL-1.1	https://cdn.jsdelivr.net/npm/@fontsource/nanum-gothic@5.3.0/files/nanum-gothic-0-400-normal.woff	패키지 메타데이터와 실제 CDN 글꼴 파일 응답 확인
나눔고딕 Bold	나눔고딕	251	available	가능	가능	공급 경로의 라이선스 단서와 CDN 응답 확인	Fontsource npm	@fontsource/nanum-gothic	5.3.0	OFL-1.1	https://cdn.jsdelivr.net/npm/@fontsource/nanum-gothic@5.3.0/files/nanum-gothic-0-400-normal.woff	패키지 메타데이터와 실제 CDN 글꼴 파일 응답 확인
나눔고딕 ExtraBold	나눔고딕	91	available	가능	가능	공급 경로의 라이선스 단서와 CDN 응답 확인	Fontsource npm	@fontsource/nanum-gothic	5.3.0	OFL-1.1	https://cdn.jsdelivr.net/npm/@fontsource/nanum-gothic@5.3.0/files/nanum-gothic-0-400-normal.woff	패키지 메타데이터와 실제 CDN 글꼴 파일 응답 확인
나눔고딕 Light	나눔고딕	65	available	가능	가능	공급 경로의 라이선스 단서와 CDN 응답 확인	Fontsource npm	@fontsource/nanum-gothic	5.3.0	OFL-1.1	https://cdn.jsdelivr.net/npm/@fontsource/nanum-gothic@5.3.0/files/nanum-gothic-0-400-normal.woff	패키지 메타데이터와 실제 CDN 글꼴 파일 응답 확인
나눔고딕_코딩	나눔고딕 코딩	18	available	가능	가능	공급 경로의 라이선스 단서와 CDN 응답 확인	Fontsource npm	@fontsource/nanum-gothic-coding	5.3.0	OFL-1.1	https://cdn.jsdelivr.net/npm/@fontsource/nanum-gothic-coding@5.3.0/files/nanum-gothic-coding-0-400-normal.woff	패키지 메타데이터와 실제 CDN 글꼴 파일 응답 확인
나눔고딕OTF	나눔고딕otf	1	available	가능	가능	공급 경로의 라이선스 단서와 CDN 응답 확인	jsDelivr 웹 검색	@kfonts/nanum-gothic-otf	0.2.0	OFL-1.1	https://cdn.jsdelivr.net/npm/@kfonts/nanum-gothic-otf@0.2.0/src/NanumGothic.otf	jsDelivr 웹 검색 후 실제 CDN 글꼴 파일 응답 확인
나눔고딕OTF Bold	나눔고딕otf	1	available	가능	가능	공급 경로의 라이선스 단서와 CDN 응답 확인	jsDelivr 웹 검색	@kfonts/nanum-gothic-otf	0.2.0	OFL-1.1	https://cdn.jsdelivr.net/npm/@kfonts/nanum-gothic-otf@0.2.0/src/NanumGothicBold.otf	jsDelivr 웹 검색 후 실제 CDN 글꼴 파일 응답 확인
나눔명조	나눔명조	116	available	가능	가능	공급 경로의 라이선스 단서와 CDN 응답 확인	Fontsource npm	@fontsource/nanum-myeongjo	5.3.0	OFL-1.1	https://cdn.jsdelivr.net/npm/@fontsource/nanum-myeongjo@5.3.0/files/nanum-myeongjo-0-400-normal.woff	패키지 메타데이터와 실제 CDN 글꼴 파일 응답 확인
나눔명조 ExtraBold	나눔명조	19	available	가능	가능	공급 경로의 라이선스 단서와 CDN 응답 확인	Fontsource npm	@fontsource/nanum-myeongjo	5.3.0	OFL-1.1	https://cdn.jsdelivr.net/npm/@fontsource/nanum-myeongjo@5.3.0/files/nanum-myeongjo-0-400-normal.woff	패키지 메타데이터와 실제 CDN 글꼴 파일 응답 확인
나눔명조OTF ExtraBold	나눔명조otf	9	available	가능	가능	공급 경로의 라이선스 단서와 CDN 응답 확인	jsDelivr 웹 검색	@kfonts/nanum-myeongjo-otf	0.2.0	OFL-1.1	https://cdn.jsdelivr.net/npm/@kfonts/nanum-myeongjo-otf@0.2.0/src/NanumMyeongjoExtraBold.otf	jsDelivr 웹 검색 후 실제 CDN 글꼴 파일 응답 확인
나눔바른고딕	나눔바른고딕	34	not-found	불가	불가	검증 가능한 웹폰트 파일 미발견		@kfonts/nanum-barun-gothic, @kfonts/nanum-barun-gothic-yet-hangul, @kfonts/nanum-barun-gothic-yet-hangul-otf				Fontsource·명시 별칭·jsDelivr 웹 검색에서 검증 가능한 패키지를 찾지 못함
나눔바른고딕 옛한글	나눔바른고딕 옛한글	2	not-found	불가	불가	검증 가능한 웹폰트 파일 미발견		@kfonts/nanum-barun-gothic-yet-hangul				Fontsource·명시 별칭·jsDelivr 웹 검색에서 검증 가능한 패키지를 찾지 못함
나눔바른고딕 Light	나눔바른고딕	2	available	가능	가능	공급 경로의 라이선스 단서와 CDN 응답 확인	jsDelivr 웹 검색	@kfonts/nanum-barun-gothic	0.3.0	OFL-1.1	https://cdn.jsdelivr.net/npm/@kfonts/nanum-barun-gothic@0.3.0/NanumBarunGothicLight.woff	jsDelivr 웹 검색 후 실제 CDN 글꼴 파일 응답 확인
나눔바른고딕OTF	나눔바른고딕otf	1	available	가능	가능	공급 경로의 라이선스 단서와 CDN 응답 확인	jsDelivr 웹 검색	@kfonts/nanum-barun-gothic-yet-hangul-otf	0.2.0	OFL-1.1	https://cdn.jsdelivr.net/npm/@kfonts/nanum-barun-gothic-yet-hangul-otf@0.2.0/src/NanumBarunGothic-YetHangul.otf	jsDelivr 웹 검색 후 실제 CDN 글꼴 파일 응답 확인
나눔바른펜	나눔바른펜	3	available	가능	가능	Noonnu 상세 페이지의 웹사이트 사용 가능 요약과 CDN 응답 확인	Noonnu CDN	noonnu:font_page/42	42	Noonnu 요약표: 웹사이트 사용 가능	https://cdn.jsdelivr.net/gh/projectnoonnu/noonfonts_two@1.0/NanumBarunpen.woff	Noonnu 상세 페이지에서 웹사이트 사용 허가와 CDN 응답 확인 (https://noonnu.cc/font_page/42)
나눔손글씨 붓	나눔손글씨 붓	4	not-found	불가	불가	검증 가능한 웹폰트 파일 미발견		@kfonts/nanum-brush, @kfonts/nanum-brush-otf, @noonnu/nanum-brush-script				Fontsource·명시 별칭·jsDelivr 웹 검색에서 검증 가능한 패키지를 찾지 못함
나눔손글씨 펜	나눔손글씨 펜	1	not-found	불가	불가	검증 가능한 웹폰트 파일 미발견		@kfonts/nanum-pen-otf, @kfonts/nanum-pen, @noonnu/nanum-pen-script				Fontsource·명시 별칭·jsDelivr 웹 검색에서 검증 가능한 패키지를 찾지 못함
나눔스퀘어	나눔스퀘어	2	not-found	불가	불가	검증 가능한 웹폰트 파일 미발견		@noonnu/nanum-square-neo-variable, @kfonts/nanum-square, @kfonts/nanum-square-otf				Fontsource·명시 별칭·jsDelivr 웹 검색에서 검증 가능한 패키지를 찾지 못함
나눔스퀘어 Bold	나눔스퀘어	4	not-found	불가	불가	검증 가능한 웹폰트 파일 미발견		@noonnu/nanum-square-neo-variable, @kfonts/nanum-square, @kfonts/nanum-square-otf				Fontsource·명시 별칭·jsDelivr 웹 검색에서 검증 가능한 패키지를 찾지 못함
나눔스퀘어 ExtraBold	나눔스퀘어	3	not-found	불가	불가	검증 가능한 웹폰트 파일 미발견		@noonnu/nanum-square-neo-variable, @kfonts/nanum-square, @kfonts/nanum-square-otf				Fontsource·명시 별칭·jsDelivr 웹 검색에서 검증 가능한 패키지를 찾지 못함
나눔스퀘어라운드 Bold	나눔스퀘어라운드	1	available	가능	가능	Noonnu 상세 페이지의 웹사이트 사용 가능 요약과 CDN 응답 확인	Noonnu CDN	noonnu:font_page/38	38	Noonnu 요약표: 웹사이트 사용 가능	https://cdn.jsdelivr.net/gh/projectnoonnu/noonfonts_two@1.0/NanumSquareRound.woff	Noonnu 상세 페이지에서 웹사이트 사용 허가와 CDN 응답 확인 (https://noonnu.cc/font_page/38)
나눔스퀘어라운드 ExtraBold	나눔스퀘어라운드	1	available	가능	가능	Noonnu 상세 페이지의 웹사이트 사용 가능 요약과 CDN 응답 확인	Noonnu CDN	noonnu:font_page/38	38	Noonnu 요약표: 웹사이트 사용 가능	https://cdn.jsdelivr.net/gh/projectnoonnu/noonfonts_two@1.0/NanumSquareRound.woff	Noonnu 상세 페이지에서 웹사이트 사용 허가와 CDN 응답 확인 (https://noonnu.cc/font_page/38)
나눔스퀘어라운드 Regular	나눔스퀘어라운드	1	available	가능	가능	Noonnu 상세 페이지의 웹사이트 사용 가능 요약과 CDN 응답 확인	Noonnu CDN	noonnu:font_page/38	38	Noonnu 요약표: 웹사이트 사용 가능	https://cdn.jsdelivr.net/gh/projectnoonnu/noonfonts_two@1.0/NanumSquareRound.woff	Noonnu 상세 페이지에서 웹사이트 사용 허가와 CDN 응답 확인 (https://noonnu.cc/font_page/38)
나눔스퀘어OTF	나눔스퀘어otf	1	available	가능	가능	공급 경로의 라이선스 단서와 CDN 응답 확인	jsDelivr 웹 검색	@kfonts/nanum-square-otf	0.2.0	OFL-1.1	https://cdn.jsdelivr.net/npm/@kfonts/nanum-square-otf@0.2.0/src/NanumSquareB.otf	jsDelivr 웹 검색 후 실제 CDN 글꼴 파일 응답 확인
나눔스퀘어OTF ExtraBold	나눔스퀘어otf	1	not-found	불가	불가	검증 가능한 웹폰트 파일 미발견		@kfonts/nanum-square-otf, @kfonts/nanum-square-ac-otf				Fontsource·명시 별칭·jsDelivr 웹 검색에서 검증 가능한 패키지를 찾지 못함
낙서B	낙서	2	not-found	불가	불가	검증 가능한 웹폰트 파일 미발견						Fontsource·명시 별칭·jsDelivr 웹 검색에서 검증 가능한 패키지를 찾지 못함
낙서L	낙서	2	not-found	불가	불가	검증 가능한 웹폰트 파일 미발견						Fontsource·명시 별칭·jsDelivr 웹 검색에서 검증 가능한 패키지를 찾지 못함
낙서O	낙서o	2	not-found	불가	불가	검증 가능한 웹폰트 파일 미발견						Fontsource·명시 별칭·jsDelivr 웹 검색에서 검증 가능한 패키지를 찾지 못함
남양주 고딕 M	남양주 고딕	1	not-found	불가	불가	검증 가능한 웹폰트 파일 미발견		@noonnu/eoe-zno_m, @noonnu/eoe-zno-eb, @noonnu/eoe-zno_l				Fontsource·명시 별칭·jsDelivr 웹 검색에서 검증 가능한 패키지를 찾지 못함; Noonnu 조회 실패: HTTP 429
네모딱지12	네모딱지12	1	not-found	불가	불가	검증 가능한 웹폰트 파일 미발견						Fontsource·명시 별칭·jsDelivr 웹 검색에서 검증 가능한 패키지를 찾지 못함
농협체	농협체	1	not-found	불가	불가	검증 가능한 웹폰트 파일 미발견						Fontsource·명시 별칭·jsDelivr 웹 검색에서 검증 가능한 패키지를 찾지 못함
누드펀치Go	누드펀치go	2	not-found	불가	불가	검증 가능한 웹폰트 파일 미발견						Fontsource·명시 별칭·jsDelivr 웹 검색에서 검증 가능한 패키지를 찾지 못함
누드펀치Mj	누드펀치mj	2	not-found	불가	불가	검증 가능한 웹폰트 파일 미발견						Fontsource·명시 별칭·jsDelivr 웹 검색에서 검증 가능한 패키지를 찾지 못함
다음_Regular	다음	12	not-found	불가	불가	검증 가능한 웹폰트 파일 미발견		regularjs, regular				Fontsource·명시 별칭·jsDelivr 웹 검색에서 검증 가능한 패키지를 찾지 못함
다음_SemiBold	다음	7	available	가능	가능	공급 경로의 라이선스 단서와 CDN 응답 확인	jsDelivr 웹 검색	alibabapuhuiti-3-75-semibold	1.0.0	ISC	https://cdn.jsdelivr.net/npm/alibabapuhuiti-3-75-semibold@1.0.0/AlibabaPuHuiTi-3-75-SemiBold.otf	jsDelivr 웹 검색 후 실제 CDN 글꼴 파일 응답 확인
다정	다정	2	not-found	불가	불가	검증 가능한 웹폰트 파일 미발견						Fontsource·명시 별칭·jsDelivr 웹 검색에서 검증 가능한 패키지를 찾지 못함
더티폰트B	더티폰트	2	not-found	불가	불가	검증 가능한 웹폰트 파일 미발견						Fontsource·명시 별칭·jsDelivr 웹 검색에서 검증 가능한 패키지를 찾지 못함
더티폰트L	더티폰트	2	not-found	불가	불가	검증 가능한 웹폰트 파일 미발견						Fontsource·명시 별칭·jsDelivr 웹 검색에서 검증 가능한 패키지를 찾지 못함
더티폰트M	더티폰트	2	not-found	불가	불가	검증 가능한 웹폰트 파일 미발견						Fontsource·명시 별칭·jsDelivr 웹 검색에서 검증 가능한 패키지를 찾지 못함
돋움	돋움	3374	not-found	불가	불가	검증 가능한 웹폰트 파일 미발견						Fontsource·명시 별칭·jsDelivr 웹 검색에서 검증 가능한 패키지를 찾지 못함; Noonnu 조회 실패: HTTP 429
돋움 옛한글	돋움 옛한글	2	not-found	불가	불가	검증 가능한 웹폰트 파일 미발견						Fontsource·명시 별칭·jsDelivr 웹 검색에서 검증 가능한 패키지를 찾지 못함
돋움중둥근체	돋움중둥근체	1	not-found	불가	불가	검증 가능한 웹폰트 파일 미발견						Fontsource·명시 별칭·jsDelivr 웹 검색에서 검증 가능한 패키지를 찾지 못함
돋움체	돋움체	2589	available	가능	가능	공급 경로의 라이선스 단서와 CDN 응답 확인	jsDelivr 웹 검색	@noonnu/yi-sun-shin-dotum-m	0.1.0	MIT	https://cdn.jsdelivr.net/npm/@noonnu/yi-sun-shin-dotum-m@0.1.0/fonts/yisunshindotumm-normal.woff	jsDelivr 웹 검색 후 실제 CDN 글꼴 파일 응답 확인
돋음	돋음	2	not-found	불가	불가	검증 가능한 웹폰트 파일 미발견						Fontsource·명시 별칭·jsDelivr 웹 검색에서 검증 가능한 패키지를 찾지 못함; Noonnu 조회 실패: HTTP 429
둥근딱지12	둥근딱지12	1	not-found	불가	불가	검증 가능한 웹폰트 파일 미발견						Fontsource·명시 별칭·jsDelivr 웹 검색에서 검증 가능한 패키지를 찾지 못함; Noonnu 조회 실패: HTTP 429
둥근제목체	둥근제목체	2	not-found	불가	불가	검증 가능한 웹폰트 파일 미발견						Fontsource·명시 별칭·jsDelivr 웹 검색에서 검증 가능한 패키지를 찾지 못함; Noonnu 조회 실패: HTTP 429
디나루	디나루	171	not-found	불가	불가	검증 가능한 웹폰트 파일 미발견						Fontsource·명시 별칭·jsDelivr 웹 검색에서 검증 가능한 패키지를 찾지 못함; Noonnu 조회 실패: HTTP 429
딸기	딸기	11	not-found	불가	불가	검증 가능한 웹폰트 파일 미발견						Fontsource·명시 별칭·jsDelivr 웹 검색에서 검증 가능한 패키지를 찾지 못함; Noonnu 조회 실패: HTTP 429
띏튧	띏튧	1	not-found	불가	불가	검증 가능한 웹폰트 파일 미발견						Fontsource·명시 별칭·jsDelivr 웹 검색에서 검증 가능한 패키지를 찾지 못함; Noonnu 조회 실패: HTTP 429
력옓	력옓	6	not-found	불가	불가	검증 가능한 웹폰트 파일 미발견						Fontsource·명시 별칭·jsDelivr 웹 검색에서 검증 가능한 패키지를 찾지 못함; Noonnu 조회 실패: HTTP 429
맑은	맑은	2	not-found	불가	불가	검증 가능한 웹폰트 파일 미발견						Fontsource·명시 별칭·jsDelivr 웹 검색에서 검증 가능한 패키지를 찾지 못함; Noonnu 조회 실패: HTTP 429
맑은 고딕	맑은 고딕	3708	not-found	불가	불가	검증 가능한 웹폰트 파일 미발견		@log-er/han-span-widths, @log-er/han-span-calculator, han-span				Fontsource·명시 별칭·jsDelivr 웹 검색에서 검증 가능한 패키지를 찾지 못함; Noonnu 조회 실패: HTTP 429
맑은 고딕 Semilight	맑은 고딕 semilight	22	not-found	불가	불가	검증 가능한 웹폰트 파일 미발견		@semi-bot/semi-theme-semi-light-theme				Fontsource·명시 별칭·jsDelivr 웹 검색에서 검증 가능한 패키지를 찾지 못함; Noonnu 조회 실패: HTTP 429
맑은고딕	맑은고딕	3	not-found	불가	불가	검증 가능한 웹폰트 파일 미발견		@log-er/han-span-widths, @log-er/han-span-calculator, han-span				Fontsource·명시 별칭·jsDelivr 웹 검색에서 검증 가능한 패키지를 찾지 못함; Noonnu 조회 실패: HTTP 429
맹꽁이B	맹꽁이	2	not-found	불가	불가	검증 가능한 웹폰트 파일 미발견						Fontsource·명시 별칭·jsDelivr 웹 검색에서 검증 가능한 패키지를 찾지 못함; Noonnu 조회 실패: HTTP 429
맹꽁이L	맹꽁이	2	not-found	불가	불가	검증 가능한 웹폰트 파일 미발견						Fontsource·명시 별칭·jsDelivr 웹 검색에서 검증 가능한 패키지를 찾지 못함; Noonnu 조회 실패: HTTP 429
맹꽁이OB	맹꽁이ob	2	not-found	불가	불가	검증 가능한 웹폰트 파일 미발견						Fontsource·명시 별칭·jsDelivr 웹 검색에서 검증 가능한 패키지를 찾지 못함; Noonnu 조회 실패: HTTP 429
맹꽁이OL	맹꽁이ol	2	not-found	불가	불가	검증 가능한 웹폰트 파일 미발견						Fontsource·명시 별칭·jsDelivr 웹 검색에서 검증 가능한 패키지를 찾지 못함; Noonnu 조회 실패: HTTP 429
먼고딕	먼고딕	1	not-found	불가	불가	검증 가능한 웹폰트 파일 미발견						Fontsource·명시 별칭·jsDelivr 웹 검색에서 검증 가능한 패키지를 찾지 못함; Noonnu 조회 실패: HTTP 429
명조	명조	7533	not-found	불가	불가	검증 가능한 웹폰트 파일 미발견						Fontsource·명시 별칭·jsDelivr 웹 검색에서 검증 가능한 패키지를 찾지 못함; Noonnu 조회 실패: HTTP 429
뫼비우스 Bold	뫼비우스	2	not-found	불가	불가	검증 가능한 웹폰트 파일 미발견						Fontsource·명시 별칭·jsDelivr 웹 검색에서 검증 가능한 패키지를 찾지 못함; Noonnu 조회 실패: HTTP 429
뫼비우스 Regular	뫼비우스	271	not-found	불가	불가	검증 가능한 웹폰트 파일 미발견						Fontsource·명시 별칭·jsDelivr 웹 검색에서 검증 가능한 패키지를 찾지 못함; Noonnu 조회 실패: HTTP 429
문체부 궁체 정자체	문체부 궁체 정자체	6	not-found	불가	불가	검증 가능한 웹폰트 파일 미발견						Fontsource·명시 별칭·jsDelivr 웹 검색에서 검증 가능한 패키지를 찾지 못함; Noonnu 조회 실패: HTTP 429
문체부 궁체 흘림체	문체부 궁체 흘림체	1	not-found	불가	불가	검증 가능한 웹폰트 파일 미발견						Fontsource·명시 별칭·jsDelivr 웹 검색에서 검증 가능한 패키지를 찾지 못함; Noonnu 조회 실패: HTTP 429
문체부 돋음체	문체부 돋음체	36	not-found	불가	불가	검증 가능한 웹폰트 파일 미발견						Fontsource·명시 별칭·jsDelivr 웹 검색에서 검증 가능한 패키지를 찾지 못함; Noonnu 조회 실패: HTTP 429
문체부 바탕체	문체부 바탕체	37	not-found	불가	불가	검증 가능한 웹폰트 파일 미발견						Fontsource·명시 별칭·jsDelivr 웹 검색에서 검증 가능한 패키지를 찾지 못함; Noonnu 조회 실패: HTTP 429
문체부 쓰기 정체	문체부 쓰기 정체	1	not-found	불가	불가	검증 가능한 웹폰트 파일 미발견						Fontsource·명시 별칭·jsDelivr 웹 검색에서 검증 가능한 패키지를 찾지 못함; Noonnu 조회 실패: HTTP 429
문체부 쓰기 흘림체	문체부 쓰기 흘림체	1	not-found	불가	불가	검증 가능한 웹폰트 파일 미발견						Fontsource·명시 별칭·jsDelivr 웹 검색에서 검증 가능한 패키지를 찾지 못함; Noonnu 조회 실패: HTTP 429
문체부 제목 돋음체	문체부 제목 돋음체	16	not-found	불가	불가	검증 가능한 웹폰트 파일 미발견						Fontsource·명시 별칭·jsDelivr 웹 검색에서 검증 가능한 패키지를 찾지 못함; Noonnu 조회 실패: HTTP 429
문체부 제목 바탕체	문체부 제목 바탕체	6	not-found	불가	불가	검증 가능한 웹폰트 파일 미발견						Fontsource·명시 별칭·jsDelivr 웹 검색에서 검증 가능한 패키지를 찾지 못함; Noonnu 조회 실패: HTTP 429
문화돋움	문화돋움	19	not-found	불가	불가	검증 가능한 웹폰트 파일 미발견						Fontsource·명시 별칭·jsDelivr 웹 검색에서 검증 가능한 패키지를 찾지 못함; Noonnu 조회 실패: HTTP 429
문화돋움제목	문화돋움제목	10	not-found	불가	불가	검증 가능한 웹폰트 파일 미발견						Fontsource·명시 별칭·jsDelivr 웹 검색에서 검증 가능한 패키지를 찾지 못함; Noonnu 조회 실패: HTTP 429
문화바탕	문화바탕	14	not-found	불가	불가	검증 가능한 웹폰트 파일 미발견						Fontsource·명시 별칭·jsDelivr 웹 검색에서 검증 가능한 패키지를 찾지 못함; Noonnu 조회 실패: HTTP 429
문화바탕제목	문화바탕제목	12	not-found	불가	불가	검증 가능한 웹폰트 파일 미발견						Fontsource·명시 별칭·jsDelivr 웹 검색에서 검증 가능한 패키지를 찾지 못함; Noonnu 조회 실패: HTTP 429
문화방송	문화방송	9	not-found	불가	불가	검증 가능한 웹폰트 파일 미발견						Fontsource·명시 별칭·jsDelivr 웹 검색에서 검증 가능한 패키지를 찾지 못함; Noonnu 조회 실패: HTTP 429
문화부돋움체	문화부돋움체	1	not-found	불가	불가	검증 가능한 웹폰트 파일 미발견						Fontsource·명시 별칭·jsDelivr 웹 검색에서 검증 가능한 패키지를 찾지 못함; Noonnu 조회 실패: HTTP 429
문화쓰기	문화쓰기	10	not-found	불가	불가	검증 가능한 웹폰트 파일 미발견						Fontsource·명시 별칭·jsDelivr 웹 검색에서 검증 가능한 패키지를 찾지 못함; Noonnu 조회 실패: HTTP 429
문화쓰기흘림	문화쓰기흘림	10	not-found	불가	불가	검증 가능한 웹폰트 파일 미발견						Fontsource·명시 별칭·jsDelivr 웹 검색에서 검증 가능한 패키지를 찾지 못함; Noonnu 조회 실패: HTTP 429
미드본고딕B	미드본고딕	1	not-found	불가	불가	검증 가능한 웹폰트 파일 미발견						Fontsource·명시 별칭·jsDelivr 웹 검색에서 검증 가능한 패키지를 찾지 못함; Noonnu 조회 실패: HTTP 429
미로12	미로12	1	not-found	불가	불가	검증 가능한 웹폰트 파일 미발견						Fontsource·명시 별칭·jsDelivr 웹 검색에서 검증 가능한 패키지를 찾지 못함; Noonnu 조회 실패: HTTP 429
미로B	미로	2	not-found	불가	불가	검증 가능한 웹폰트 파일 미발견						Fontsource·명시 별칭·jsDelivr 웹 검색에서 검증 가능한 패키지를 찾지 못함; Noonnu 조회 실패: HTTP 429
미로L	미로	2	not-found	불가	불가	검증 가능한 웹폰트 파일 미발견						Fontsource·명시 별칭·jsDelivr 웹 검색에서 검증 가능한 패키지를 찾지 못함; Noonnu 조회 실패: HTTP 429
민10	민10	1	not-found	불가	불가	검증 가능한 웹폰트 파일 미발견						Fontsource·명시 별칭·jsDelivr 웹 검색에서 검증 가능한 패키지를 찾지 못함; Noonnu 조회 실패: HTTP 429
민12b	민12b	1	not-found	불가	불가	검증 가능한 웹폰트 파일 미발견						Fontsource·명시 별칭·jsDelivr 웹 검색에서 검증 가능한 패키지를 찾지 못함; Noonnu 조회 실패: HTTP 429
민9	민9	1	not-found	불가	불가	검증 가능한 웹폰트 파일 미발견						Fontsource·명시 별칭·jsDelivr 웹 검색에서 검증 가능한 패키지를 찾지 못함; Noonnu 조회 실패: HTTP 429
민준	민준	2	not-found	불가	불가	검증 가능한 웹폰트 파일 미발견						Fontsource·명시 별칭·jsDelivr 웹 검색에서 검증 가능한 패키지를 찾지 못함; Noonnu 조회 실패: HTTP 429
바겐세일B	바겐세일	2	not-found	불가	불가	검증 가능한 웹폰트 파일 미발견						Fontsource·명시 별칭·jsDelivr 웹 검색에서 검증 가능한 패키지를 찾지 못함; Noonnu 조회 실패: HTTP 429
바겐세일L	바겐세일	2	not-found	불가	불가	검증 가능한 웹폰트 파일 미발견						Fontsource·명시 별칭·jsDelivr 웹 검색에서 검증 가능한 패키지를 찾지 못함; Noonnu 조회 실패: HTTP 429
바겐세일M	바겐세일	2	not-found	불가	불가	검증 가능한 웹폰트 파일 미발견						Fontsource·명시 별칭·jsDelivr 웹 검색에서 검증 가능한 패키지를 찾지 못함; Noonnu 조회 실패: HTTP 429
바른돋움Pro 1	바른돋움pro 1	2	not-found	불가	불가	검증 가능한 웹폰트 파일 미발견						Fontsource·명시 별칭·jsDelivr 웹 검색에서 검증 가능한 패키지를 찾지 못함; Noonnu 조회 실패: HTTP 429
바른바탕1 L	바른바탕1	1	not-found	불가	불가	검증 가능한 웹폰트 파일 미발견						Fontsource·명시 별칭·jsDelivr 웹 검색에서 검증 가능한 패키지를 찾지 못함; Noonnu 조회 실패: HTTP 429
바른바탕3 B	바른바탕3	1	not-found	불가	불가	검증 가능한 웹폰트 파일 미발견						Fontsource·명시 별칭·jsDelivr 웹 검색에서 검증 가능한 패키지를 찾지 못함; Noonnu 조회 실패: HTTP 429
바른바탕Pro 1	바른바탕pro 1	1	not-found	불가	불가	검증 가능한 웹폰트 파일 미발견						Fontsource·명시 별칭·jsDelivr 웹 검색에서 검증 가능한 패키지를 찾지 못함; Noonnu 조회 실패: HTTP 429
바탕	바탕	5921	not-found	불가	불가	검증 가능한 웹폰트 파일 미발견						Fontsource·명시 별칭·jsDelivr 웹 검색에서 검증 가능한 패키지를 찾지 못함; Noonnu 조회 실패: HTTP 429
바탕 옛한글	바탕 옛한글	2	not-found	불가	불가	검증 가능한 웹폰트 파일 미발견						Fontsource·명시 별칭·jsDelivr 웹 검색에서 검증 가능한 패키지를 찾지 못함; Noonnu 조회 실패: HTTP 429
바탕 옛한글 자모	바탕 옛한글 자모	1	not-found	불가	불가	검증 가능한 웹폰트 파일 미발견						Fontsource·명시 별칭·jsDelivr 웹 검색에서 검증 가능한 패키지를 찾지 못함; Noonnu 조회 실패: HTTP 429
바탕체	바탕체	2590	available	가능	가능	공급 경로의 라이선스 단서와 CDN 응답 확인	jsDelivr 웹 검색	@noonnu/bareun-batang	0.1.0	MIT	https://cdn.jsdelivr.net/npm/@noonnu/bareun-batang@0.1.0/fonts/bareunbatang-400.woff	jsDelivr 웹 검색 후 실제 CDN 글꼴 파일 응답 확인
백묵 갈잎체(가는)	백묵 갈잎체(가는)	1	not-found	불가	불가	검증 가능한 웹폰트 파일 미발견						Fontsource·명시 별칭·jsDelivr 웹 검색에서 검증 가능한 패키지를 찾지 못함; Noonnu 조회 실패: HTTP 429
백묵 나래체(견중)	백묵 나래체(견중)	2	not-found	불가	불가	검증 가능한 웹폰트 파일 미발견						Fontsource·명시 별칭·jsDelivr 웹 검색에서 검증 가능한 패키지를 찾지 못함; Noonnu 조회 실패: HTTP 429
백제M	백제	2	not-found	불가	불가	검증 가능한 웹폰트 파일 미발견						Fontsource·명시 별칭·jsDelivr 웹 검색에서 검증 가능한 패키지를 찾지 못함; Noonnu 조회 실패: HTTP 429
볣쫐	볣쫐	3	not-found	불가	불가	검증 가능한 웹폰트 파일 미발견						Fontsource·명시 별칭·jsDelivr 웹 검색에서 검증 가능한 패키지를 찾지 못함; Noonnu 조회 실패: HTTP 429
보람M	보람	2	not-found	불가	불가	검증 가능한 웹폰트 파일 미발견						Fontsource·명시 별칭·jsDelivr 웹 검색에서 검증 가능한 패키지를 찾지 못함; Noonnu 조회 실패: HTTP 429
복숭아	복숭아	11	not-found	불가	불가	검증 가능한 웹폰트 파일 미발견						Fontsource·명시 별칭·jsDelivr 웹 검색에서 검증 가능한 패키지를 찾지 못함; Noonnu 조회 실패: HTTP 429
본고딕 KR Light	본고딕 kr	1	not-found	불가	불가	검증 가능한 웹폰트 파일 미발견						Fontsource·명시 별칭·jsDelivr 웹 검색에서 검증 가능한 패키지를 찾지 못함; Noonnu 조회 실패: HTTP 429
볼펜체C	볼펜체c	1	not-found	불가	불가	검증 가능한 웹폰트 파일 미발견						Fontsource·명시 별칭·jsDelivr 웹 검색에서 검증 가능한 패키지를 찾지 못함; Noonnu 조회 실패: HTTP 429
빅	빅	1	not-found	불가	불가	검증 가능한 웹폰트 파일 미발견						Fontsource·명시 별칭·jsDelivr 웹 검색에서 검증 가능한 패키지를 찾지 못함; Noonnu 조회 실패: HTTP 429
뻐꾸기B	뻐꾸기	2	not-found	불가	불가	검증 가능한 웹폰트 파일 미발견						Fontsource·명시 별칭·jsDelivr 웹 검색에서 검증 가능한 패키지를 찾지 못함; Noonnu 조회 실패: HTTP 429
뻐꾸기L	뻐꾸기	2	not-found	불가	불가	검증 가능한 웹폰트 파일 미발견						Fontsource·명시 별칭·jsDelivr 웹 검색에서 검증 가능한 패키지를 찾지 못함; Noonnu 조회 실패: HTTP 429
뻐꾸기M	뻐꾸기	2	not-found	불가	불가	검증 가능한 웹폰트 파일 미발견						Fontsource·명시 별칭·jsDelivr 웹 검색에서 검증 가능한 패키지를 찾지 못함; Noonnu 조회 실패: HTTP 429
삃력 칿?늸	삃력 칿?늸	3	not-found	불가	불가	검증 가능한 웹폰트 파일 미발견						Fontsource·명시 별칭·jsDelivr 웹 검색에서 검증 가능한 패키지를 찾지 못함; Noonnu 조회 실패: HTTP 429
삃력옓	삃력옓	4	not-found	불가	불가	검증 가능한 웹폰트 파일 미발견						Fontsource·명시 별칭·jsDelivr 웹 검색에서 검증 가능한 패키지를 찾지 못함; Noonnu 조회 실패: HTTP 429
삐꾸12	삐꾸12	1	not-found	불가	불가	검증 가능한 웹폰트 파일 미발견						Fontsource·명시 별칭·jsDelivr 웹 검색에서 검증 가능한 패키지를 찾지 못함; Noonnu 조회 실패: HTTP 429
사각12	사각12	1	not-found	불가	불가	검증 가능한 웹폰트 파일 미발견						Fontsource·명시 별칭·jsDelivr 웹 검색에서 검증 가능한 패키지를 찾지 못함; Noonnu 조회 실패: HTTP 429
사랑체	사랑체	1	not-found	불가	불가	검증 가능한 웹폰트 파일 미발견		@kfonts/nanum-handwritting-agisalangche, @noonnu/baby-love, @noonnu/chusa-love				Fontsource·명시 별칭·jsDelivr 웹 검색에서 검증 가능한 패키지를 찾지 못함; Noonnu 조회 실패: HTTP 429
사파이어B	사파이어	2	not-found	불가	불가	검증 가능한 웹폰트 파일 미발견						Fontsource·명시 별칭·jsDelivr 웹 검색에서 검증 가능한 패키지를 찾지 못함; Noonnu 조회 실패: HTTP 429
사파이어IIB	사파이어iib	2	not-found	불가	불가	검증 가능한 웹폰트 파일 미발견						Fontsource·명시 별칭·jsDelivr 웹 검색에서 검증 가능한 패키지를 찾지 못함; Noonnu 조회 실패: HTTP 429
사파이어IIL	사파이어iil	2	not-found	불가	불가	검증 가능한 웹폰트 파일 미발견						Fontsource·명시 별칭·jsDelivr 웹 검색에서 검증 가능한 패키지를 찾지 못함; Noonnu 조회 실패: HTTP 429
사파이어IIM	사파이어iim	2	not-found	불가	불가	검증 가능한 웹폰트 파일 미발견						Fontsource·명시 별칭·jsDelivr 웹 검색에서 검증 가능한 패키지를 찾지 못함; Noonnu 조회 실패: HTTP 429
사파이어L	사파이어	2	not-found	불가	불가	검증 가능한 웹폰트 파일 미발견						Fontsource·명시 별칭·jsDelivr 웹 검색에서 검증 가능한 패키지를 찾지 못함; Noonnu 조회 실패: HTTP 429
사파이어M	사파이어	7	not-found	불가	불가	검증 가능한 웹폰트 파일 미발견						Fontsource·명시 별칭·jsDelivr 웹 검색에서 검증 가능한 패키지를 찾지 못함; Noonnu 조회 실패: HTTP 429
산돌 도로표지판M	산돌 도로표지판	1	not-found	불가	불가	검증 가능한 웹폰트 파일 미발견						Fontsource·명시 별칭·jsDelivr 웹 검색에서 검증 가능한 패키지를 찾지 못함; Noonnu 조회 실패: HTTP 429
산돌 상아 Bold	산돌 상아	1	not-found	불가	불가	검증 가능한 웹폰트 파일 미발견						Fontsource·명시 별칭·jsDelivr 웹 검색에서 검증 가능한 패키지를 찾지 못함; Noonnu 조회 실패: HTTP 429
산돌02 L	산돌02	2	not-found	불가	불가	검증 가능한 웹폰트 파일 미발견						Fontsource·명시 별칭·jsDelivr 웹 검색에서 검증 가능한 패키지를 찾지 못함; Noonnu 조회 실패: HTTP 429
산돌02 M	산돌02	2	not-found	불가	불가	검증 가능한 웹폰트 파일 미발견						Fontsource·명시 별칭·jsDelivr 웹 검색에서 검증 가능한 패키지를 찾지 못함; Noonnu 조회 실패: HTTP 429
산돌02B	산돌02b	2	not-found	불가	불가	검증 가능한 웹폰트 파일 미발견						Fontsource·명시 별칭·jsDelivr 웹 검색에서 검증 가능한 패키지를 찾지 못함; Noonnu 조회 실패: HTTP 429
산돌60  L	산돌60	2	not-found	불가	불가	검증 가능한 웹폰트 파일 미발견						Fontsource·명시 별칭·jsDelivr 웹 검색에서 검증 가능한 패키지를 찾지 못함; Noonnu 조회 실패: HTTP 429
산돌60  R	산돌60	2	not-found	불가	불가	검증 가능한 웹폰트 파일 미발견						Fontsource·명시 별칭·jsDelivr 웹 검색에서 검증 가능한 패키지를 찾지 못함; Noonnu 조회 실패: HTTP 429
산돌60 M	산돌60	2	not-found	불가	불가	검증 가능한 웹폰트 파일 미발견						Fontsource·명시 별칭·jsDelivr 웹 검색에서 검증 가능한 패키지를 찾지 못함; Noonnu 조회 실패: HTTP 429
산돌60 SB	산돌60 sb	2	not-found	불가	불가	검증 가능한 웹폰트 파일 미발견						Fontsource·명시 별칭·jsDelivr 웹 검색에서 검증 가능한 패키지를 찾지 못함; Noonnu 조회 실패: HTTP 429
산돌60B	산돌60b	2	not-found	불가	불가	검증 가능한 웹폰트 파일 미발견						Fontsource·명시 별칭·jsDelivr 웹 검색에서 검증 가능한 패키지를 찾지 못함; Noonnu 조회 실패: HTTP 429
산돌개벽 L	산돌개벽	2	not-found	불가	불가	검증 가능한 웹폰트 파일 미발견						Fontsource·명시 별칭·jsDelivr 웹 검색에서 검증 가능한 패키지를 찾지 못함; Noonnu 조회 실패: HTTP 429
산돌개벽 M	산돌개벽	2	not-found	불가	불가	검증 가능한 웹폰트 파일 미발견						Fontsource·명시 별칭·jsDelivr 웹 검색에서 검증 가능한 패키지를 찾지 못함; Noonnu 조회 실패: HTTP 429
산돌개벽B	산돌개벽	2	not-found	불가	불가	검증 가능한 웹폰트 파일 미발견						Fontsource·명시 별칭·jsDelivr 웹 검색에서 검증 가능한 패키지를 찾지 못함; Noonnu 조회 실패: HTTP 429
산돌고딕 L	산돌고딕	69	not-found	불가	불가	검증 가능한 웹폰트 파일 미발견						Fontsource·명시 별칭·jsDelivr 웹 검색에서 검증 가능한 패키지를 찾지 못함; Noonnu 조회 실패: HTTP 429
산돌고딕 M	산돌고딕	88	not-found	불가	불가	검증 가능한 웹폰트 파일 미발견						Fontsource·명시 별칭·jsDelivr 웹 검색에서 검증 가능한 패키지를 찾지 못함; Noonnu 조회 실패: HTTP 429
산돌고딕B	산돌고딕	15	not-found	불가	불가	검증 가능한 웹폰트 파일 미발견						Fontsource·명시 별칭·jsDelivr 웹 검색에서 검증 가능한 패키지를 찾지 못함; Noonnu 조회 실패: HTTP 429
산돌광수 L	산돌광수	2	not-found	불가	불가	검증 가능한 웹폰트 파일 미발견						Fontsource·명시 별칭·jsDelivr 웹 검색에서 검증 가능한 패키지를 찾지 못함; Noonnu 조회 실패: HTTP 429
산돌광수 M	산돌광수	2	not-found	불가	불가	검증 가능한 웹폰트 파일 미발견						Fontsource·명시 별칭·jsDelivr 웹 검색에서 검증 가능한 패키지를 찾지 못함; Noonnu 조회 실패: HTTP 429
산돌광수B	산돌광수	2	not-found	불가	불가	검증 가능한 웹폰트 파일 미발견						Fontsource·명시 별칭·jsDelivr 웹 검색에서 검증 가능한 패키지를 찾지 못함; Noonnu 조회 실패: HTTP 429
산돌구운몽	산돌구운몽	2	not-found	불가	불가	검증 가능한 웹폰트 파일 미발견						Fontsource·명시 별칭·jsDelivr 웹 검색에서 검증 가능한 패키지를 찾지 못함; Noonnu 조회 실패: HTTP 429
산돌까치발 L	산돌까치발	2	not-found	불가	불가	검증 가능한 웹폰트 파일 미발견						Fontsource·명시 별칭·jsDelivr 웹 검색에서 검증 가능한 패키지를 찾지 못함; Noonnu 조회 실패: HTTP 429
산돌까치발 M	산돌까치발	2	not-found	불가	불가	검증 가능한 웹폰트 파일 미발견						Fontsource·명시 별칭·jsDelivr 웹 검색에서 검증 가능한 패키지를 찾지 못함; Noonnu 조회 실패: HTTP 429
산돌까치발B	산돌까치발	2	not-found	불가	불가	검증 가능한 웹폰트 파일 미발견						Fontsource·명시 별칭·jsDelivr 웹 검색에서 검증 가능한 패키지를 찾지 못함; Noonnu 조회 실패: HTTP 429
산돌남계연담	산돌남계연담	2	not-found	불가	불가	검증 가능한 웹폰트 파일 미발견						Fontsource·명시 별칭·jsDelivr 웹 검색에서 검증 가능한 패키지를 찾지 못함; Noonnu 조회 실패: HTTP 429
산돌네모 L	산돌네모	2	not-found	불가	불가	검증 가능한 웹폰트 파일 미발견						Fontsource·명시 별칭·jsDelivr 웹 검색에서 검증 가능한 패키지를 찾지 못함; Noonnu 조회 실패: HTTP 429
산돌네모 M	산돌네모	2	not-found	불가	불가	검증 가능한 웹폰트 파일 미발견						Fontsource·명시 별칭·jsDelivr 웹 검색에서 검증 가능한 패키지를 찾지 못함; Noonnu 조회 실패: HTTP 429
산돌네모B	산돌네모	2	not-found	불가	불가	검증 가능한 웹폰트 파일 미발견						Fontsource·명시 별칭·jsDelivr 웹 검색에서 검증 가능한 패키지를 찾지 못함; Noonnu 조회 실패: HTTP 429
산돌네모XB	산돌네모xb	2	not-found	불가	불가	검증 가능한 웹폰트 파일 미발견						Fontsource·명시 별칭·jsDelivr 웹 검색에서 검증 가능한 패키지를 찾지 못함; Noonnu 조회 실패: HTTP 429
산돌다솔 L	산돌다솔	2	not-found	불가	불가	검증 가능한 웹폰트 파일 미발견						Fontsource·명시 별칭·jsDelivr 웹 검색에서 검증 가능한 패키지를 찾지 못함; Noonnu 조회 실패: HTTP 429
산돌다솔 M	산돌다솔	2	not-found	불가	불가	검증 가능한 웹폰트 파일 미발견						Fontsource·명시 별칭·jsDelivr 웹 검색에서 검증 가능한 패키지를 찾지 못함; Noonnu 조회 실패: HTTP 429
산돌다솔B	산돌다솔	2	not-found	불가	불가	검증 가능한 웹폰트 파일 미발견						Fontsource·명시 별칭·jsDelivr 웹 검색에서 검증 가능한 패키지를 찾지 못함; Noonnu 조회 실패: HTTP 429
산돌단아  UL	산돌단아 ul	2	not-found	불가	불가	검증 가능한 웹폰트 파일 미발견						Fontsource·명시 별칭·jsDelivr 웹 검색에서 검증 가능한 패키지를 찾지 못함; Noonnu 조회 실패: HTTP 429
산돌단아 L	산돌단아	2	not-found	불가	불가	검증 가능한 웹폰트 파일 미발견						Fontsource·명시 별칭·jsDelivr 웹 검색에서 검증 가능한 패키지를 찾지 못함; Noonnu 조회 실패: HTTP 429
산돌단아 M	산돌단아	2	not-found	불가	불가	검증 가능한 웹폰트 파일 미발견						Fontsource·명시 별칭·jsDelivr 웹 검색에서 검증 가능한 패키지를 찾지 못함; Noonnu 조회 실패: HTTP 429
산돌단아B	산돌단아	5	not-found	불가	불가	검증 가능한 웹폰트 파일 미발견						Fontsource·명시 별칭·jsDelivr 웹 검색에서 검증 가능한 패키지를 찾지 못함; Noonnu 조회 실패: HTTP 429
산돌독수리 L	산돌독수리	2	not-found	불가	불가	검증 가능한 웹폰트 파일 미발견						Fontsource·명시 별칭·jsDelivr 웹 검색에서 검증 가능한 패키지를 찾지 못함; Noonnu 조회 실패: HTTP 429
산돌독수리 M	산돌독수리	4	not-found	불가	불가	검증 가능한 웹폰트 파일 미발견						Fontsource·명시 별칭·jsDelivr 웹 검색에서 검증 가능한 패키지를 찾지 못함; Noonnu 조회 실패: HTTP 429
산돌독수리B	산돌독수리	3	not-found	불가	불가	검증 가능한 웹폰트 파일 미발견						Fontsource·명시 별칭·jsDelivr 웹 검색에서 검증 가능한 패키지를 찾지 못함; Noonnu 조회 실패: HTTP 429
산돌돌 L	산돌돌	2	not-found	불가	불가	검증 가능한 웹폰트 파일 미발견						Fontsource·명시 별칭·jsDelivr 웹 검색에서 검증 가능한 패키지를 찾지 못함; Noonnu 조회 실패: HTTP 429
산돌돌 M	산돌돌	1	not-found	불가	불가	검증 가능한 웹폰트 파일 미발견						Fontsource·명시 별칭·jsDelivr 웹 검색에서 검증 가능한 패키지를 찾지 못함; Noonnu 조회 실패: HTTP 429
산돌명조	산돌명조	1	not-found	불가	불가	검증 가능한 웹폰트 파일 미발견						Fontsource·명시 별칭·jsDelivr 웹 검색에서 검증 가능한 패키지를 찾지 못함; Noonnu 조회 실패: HTTP 429
산돌명조 L	산돌명조	542	not-found	불가	불가	검증 가능한 웹폰트 파일 미발견						Fontsource·명시 별칭·jsDelivr 웹 검색에서 검증 가능한 패키지를 찾지 못함; Noonnu 조회 실패: HTTP 429
산돌명조 M	산돌명조	24	not-found	불가	불가	검증 가능한 웹폰트 파일 미발견						Fontsource·명시 별칭·jsDelivr 웹 검색에서 검증 가능한 패키지를 찾지 못함; Noonnu 조회 실패: HTTP 429
산돌명조B	산돌명조	12	not-found	불가	불가	검증 가능한 웹폰트 파일 미발견						Fontsource·명시 별칭·jsDelivr 웹 검색에서 검증 가능한 패키지를 찾지 못함; Noonnu 조회 실패: HTTP 429
산돌북 L	산돌북	1	not-found	불가	불가	검증 가능한 웹폰트 파일 미발견						Fontsource·명시 별칭·jsDelivr 웹 검색에서 검증 가능한 패키지를 찾지 못함; Noonnu 조회 실패: HTTP 429
산돌상아B	산돌상아	1	not-found	불가	불가	검증 가능한 웹폰트 파일 미발견						Fontsource·명시 별칭·jsDelivr 웹 검색에서 검증 가능한 패키지를 찾지 못함; Noonnu 조회 실패: HTTP 429
산돌신문제비 L	산돌신문제비	1	not-found	불가	불가	검증 가능한 웹폰트 파일 미발견						Fontsource·명시 별칭·jsDelivr 웹 검색에서 검증 가능한 패키지를 찾지 못함; Noonnu 조회 실패: HTTP 429
산돌신문제비B	산돌신문제비	4	not-found	불가	불가	검증 가능한 웹폰트 파일 미발견						Fontsource·명시 별칭·jsDelivr 웹 검색에서 검증 가능한 패키지를 찾지 못함; Noonnu 조회 실패: HTTP 429
산돌이야기 M	산돌이야기	1	not-found	불가	불가	검증 가능한 웹폰트 파일 미발견						Fontsource·명시 별칭·jsDelivr 웹 검색에서 검증 가능한 패키지를 찾지 못함; Noonnu 조회 실패: HTTP 429
산돌제비 L	산돌제비	8	not-found	불가	불가	검증 가능한 웹폰트 파일 미발견						Fontsource·명시 별칭·jsDelivr 웹 검색에서 검증 가능한 패키지를 찾지 못함; Noonnu 조회 실패: HTTP 429
산돌제비B	산돌제비	1	not-found	불가	불가	검증 가능한 웹폰트 파일 미발견						Fontsource·명시 별칭·jsDelivr 웹 검색에서 검증 가능한 패키지를 찾지 못함; Noonnu 조회 실패: HTTP 429
산돌향기 M	산돌향기	9	not-found	불가	불가	검증 가능한 웹폰트 파일 미발견						Fontsource·명시 별칭·jsDelivr 웹 검색에서 검증 가능한 패키지를 찾지 못함; Noonnu 조회 실패: HTTP 429
산돌향기B	산돌향기	1	not-found	불가	불가	검증 가능한 웹폰트 파일 미발견						Fontsource·명시 별칭·jsDelivr 웹 검색에서 검증 가능한 패키지를 찾지 못함; Noonnu 조회 실패: HTTP 429
산세리프	산세리프	3291	not-found	불가	불가	검증 가능한 웹폰트 파일 미발견						Fontsource·명시 별칭·jsDelivr 웹 검색에서 검증 가능한 패키지를 찾지 못함; Noonnu 조회 실패: HTTP 429
산울림B	산울림	2	not-found	불가	불가	검증 가능한 웹폰트 파일 미발견						Fontsource·명시 별칭·jsDelivr 웹 검색에서 검증 가능한 패키지를 찾지 못함; Noonnu 조회 실패: HTTP 429
산울림L	산울림	2	not-found	불가	불가	검증 가능한 웹폰트 파일 미발견						Fontsource·명시 별칭·jsDelivr 웹 검색에서 검증 가능한 패키지를 찾지 못함; Noonnu 조회 실패: HTTP 429
산울림M	산울림	2	not-found	불가	불가	검증 가능한 웹폰트 파일 미발견						Fontsource·명시 별칭·jsDelivr 웹 검색에서 검증 가능한 패키지를 찾지 못함; Noonnu 조회 실패: HTTP 429
새굴림	새굴림	166	not-found	불가	불가	검증 가능한 웹폰트 파일 미발견						Fontsource·명시 별칭·jsDelivr 웹 검색에서 검증 가능한 패키지를 찾지 못함; Noonnu 조회 실패: HTTP 429
새바탕	새바탕	1	available	가능	가능	공급 경로의 라이선스 단서와 CDN 응답 확인	jsDelivr GitHub	projectnoonnu/noonfonts_2104	1.0	한컴 라이선스(비상업적 사용 허용 문구는 font-loader.ts 참조)	https://cdn.jsdelivr.net/gh/projectnoonnu/noonfonts_2104@1.0/HANBatang.woff	rhwp-studio font-loader.ts에 이미 등록된 배포본
샘물	샘물	12	not-found	불가	불가	검증 가능한 웹폰트 파일 미발견						Fontsource·명시 별칭·jsDelivr 웹 검색에서 검증 가능한 패키지를 찾지 못함; Noonnu 조회 실패: HTTP 429
샘물체	샘물체	1	not-found	불가	불가	검증 가능한 웹폰트 파일 미발견						Fontsource·명시 별칭·jsDelivr 웹 검색에서 검증 가능한 패키지를 찾지 못함; Noonnu 조회 실패: HTTP 429
서울남산 장체EB	서울남산 장체eb	1	not-found	불가	불가	검증 가능한 웹폰트 파일 미발견						Fontsource·명시 별칭·jsDelivr 웹 검색에서 검증 가능한 패키지를 찾지 못함; Noonnu 조회 실패: HTTP 429
서울남산체 EB	서울남산체 eb	8	not-found	불가	불가	검증 가능한 웹폰트 파일 미발견						Fontsource·명시 별칭·jsDelivr 웹 검색에서 검증 가능한 패키지를 찾지 못함; Noonnu 조회 실패: HTTP 429
서울남산체 M	서울남산체	4	not-found	불가	불가	검증 가능한 웹폰트 파일 미발견		@noonnu/seoul-namsan-m, @noonnu/seoulnamsanm				Fontsource·명시 별칭·jsDelivr 웹 검색에서 검증 가능한 패키지를 찾지 못함; Noonnu 조회 실패: HTTP 429
서울도시	서울도시	1	not-found	불가	불가	검증 가능한 웹폰트 파일 미발견						Fontsource·명시 별칭·jsDelivr 웹 검색에서 검증 가능한 패키지를 찾지 못함; Noonnu 조회 실패: HTTP 429
서울들국화	서울들국화	55	not-found	불가	불가	검증 가능한 웹폰트 파일 미발견						Fontsource·명시 별칭·jsDelivr 웹 검색에서 검증 가능한 패키지를 찾지 못함; Noonnu 조회 실패: HTTP 429
서울시인	서울시인	2	not-found	불가	불가	검증 가능한 웹폰트 파일 미발견						Fontsource·명시 별칭·jsDelivr 웹 검색에서 검증 가능한 패키지를 찾지 못함; Noonnu 조회 실패: HTTP 429
서울한강체 L	서울한강체	1	not-found	불가	불가	검증 가능한 웹폰트 파일 미발견		@noonnu/seoul-hangang-m, @noonnu/seoulhangangm				Fontsource·명시 별칭·jsDelivr 웹 검색에서 검증 가능한 패키지를 찾지 못함; Noonnu 조회 실패: HTTP 429
서울한강체 M	서울한강체	4	not-found	불가	불가	검증 가능한 웹폰트 파일 미발견		@noonnu/seoul-hangang-m, @noonnu/seoulhangangm				Fontsource·명시 별칭·jsDelivr 웹 검색에서 검증 가능한 패키지를 찾지 못함; Noonnu 조회 실패: HTTP 429
세고딕	세고딕	50	not-found	불가	불가	검증 가능한 웹폰트 파일 미발견						Fontsource·명시 별칭·jsDelivr 웹 검색에서 검증 가능한 패키지를 찾지 못함; Noonnu 조회 실패: HTTP 429
세고딕V	세고딕v	1	not-found	불가	불가	검증 가능한 웹폰트 파일 미발견						Fontsource·명시 별칭·jsDelivr 웹 검색에서 검증 가능한 패키지를 찾지 못함; Noonnu 조회 실패: HTTP 429
세나루	세나루	24	not-found	불가	불가	검증 가능한 웹폰트 파일 미발견						Fontsource·명시 별칭·jsDelivr 웹 검색에서 검증 가능한 패키지를 찾지 못함; Noonnu 조회 실패: HTTP 429
세명조	세명조	1459	not-found	불가	불가	검증 가능한 웹폰트 파일 미발견						Fontsource·명시 별칭·jsDelivr 웹 검색에서 검증 가능한 패키지를 찾지 못함; Noonnu 조회 실패: HTTP 429
세명조V	세명조v	1	not-found	불가	불가	검증 가능한 웹폰트 파일 미발견						Fontsource·명시 별칭·jsDelivr 웹 검색에서 검증 가능한 패키지를 찾지 못함; Noonnu 조회 실패: HTTP 429
세희	세희	2	not-found	불가	불가	검증 가능한 웹폰트 파일 미발견						Fontsource·명시 별칭·jsDelivr 웹 검색에서 검증 가능한 패키지를 찾지 못함; Noonnu 조회 실패: HTTP 429
소망B	소망	61	not-found	불가	불가	검증 가능한 웹폰트 파일 미발견						Fontsource·명시 별칭·jsDelivr 웹 검색에서 검증 가능한 패키지를 찾지 못함; Noonnu 조회 실패: HTTP 429
소망L	소망	9	not-found	불가	불가	검증 가능한 웹폰트 파일 미발견						Fontsource·명시 별칭·jsDelivr 웹 검색에서 검증 가능한 패키지를 찾지 못함; Noonnu 조회 실패: HTTP 429
소망M	소망	45	not-found	불가	불가	검증 가능한 웹폰트 파일 미발견						Fontsource·명시 별칭·jsDelivr 웹 검색에서 검증 가능한 패키지를 찾지 못함; Noonnu 조회 실패: HTTP 429
소설가B	소설가	2	not-found	불가	불가	검증 가능한 웹폰트 파일 미발견						Fontsource·명시 별칭·jsDelivr 웹 검색에서 검증 가능한 패키지를 찾지 못함; Noonnu 조회 실패: HTTP 429
소설가L	소설가	2	not-found	불가	불가	검증 가능한 웹폰트 파일 미발견						Fontsource·명시 별칭·jsDelivr 웹 검색에서 검증 가능한 패키지를 찾지 못함; Noonnu 조회 실패: HTTP 429
소설가M	소설가	2	not-found	불가	불가	검증 가능한 웹폰트 파일 미발견						Fontsource·명시 별칭·jsDelivr 웹 검색에서 검증 가능한 패키지를 찾지 못함; Noonnu 조회 실패: HTTP 429
솔잎M	솔잎	9	not-found	불가	불가	검증 가능한 웹폰트 파일 미발견						Fontsource·명시 별칭·jsDelivr 웹 검색에서 검증 가능한 패키지를 찾지 못함; Noonnu 조회 실패: HTTP 429
宋?	宋?	1	not-found	불가	불가	검증 가능한 웹폰트 파일 미발견						Fontsource·명시 별칭·jsDelivr 웹 검색에서 검증 가능한 패키지를 찾지 못함; Noonnu 조회 실패: HTTP 429
수식	수식	12	not-found	불가	불가	검증 가능한 웹폰트 파일 미발견						Fontsource·명시 별칭·jsDelivr 웹 검색에서 검증 가능한 패키지를 찾지 못함; Noonnu 조회 실패: HTTP 429
수암A	수암a	2	not-found	불가	불가	검증 가능한 웹폰트 파일 미발견						Fontsource·명시 별칭·jsDelivr 웹 검색에서 검증 가능한 패키지를 찾지 못함; Noonnu 조회 실패: HTTP 429
수암B	수암	1	not-found	불가	불가	검증 가능한 웹폰트 파일 미발견						Fontsource·명시 별칭·jsDelivr 웹 검색에서 검증 가능한 패키지를 찾지 못함; Noonnu 조회 실패: HTTP 429
순명조	순명조	2	not-found	불가	불가	검증 가능한 웹폰트 파일 미발견						Fontsource·명시 별칭·jsDelivr 웹 검색에서 검증 가능한 패키지를 찾지 못함; Noonnu 조회 실패: HTTP 429
순명조체	순명조체	4	not-found	불가	불가	검증 가능한 웹폰트 파일 미발견						Fontsource·명시 별칭·jsDelivr 웹 검색에서 검증 가능한 패키지를 찾지 못함; Noonnu 조회 실패: HTTP 429
순수B	순수	2	not-found	불가	불가	검증 가능한 웹폰트 파일 미발견						Fontsource·명시 별칭·jsDelivr 웹 검색에서 검증 가능한 패키지를 찾지 못함; Noonnu 조회 실패: HTTP 429
순수L	순수	2	not-found	불가	불가	검증 가능한 웹폰트 파일 미발견						Fontsource·명시 별칭·jsDelivr 웹 검색에서 검증 가능한 패키지를 찾지 못함; Noonnu 조회 실패: HTTP 429
순수M	순수	2	not-found	불가	불가	검증 가능한 웹폰트 파일 미발견						Fontsource·명시 별칭·jsDelivr 웹 검색에서 검증 가능한 패키지를 찾지 못함; Noonnu 조회 실패: HTTP 429
순천 R	순천	1	not-found	불가	불가	검증 가능한 웹폰트 파일 미발견						Fontsource·명시 별칭·jsDelivr 웹 검색에서 검증 가능한 패키지를 찾지 못함; Noonnu 조회 실패: HTTP 429
쉐비 B	쉐비	1	not-found	불가	불가	검증 가능한 웹폰트 파일 미발견						Fontsource·명시 별칭·jsDelivr 웹 검색에서 검증 가능한 패키지를 찾지 못함; Noonnu 조회 실패: HTTP 429
쉬리B	쉬리	3	not-found	불가	불가	검증 가능한 웹폰트 파일 미발견						Fontsource·명시 별칭·jsDelivr 웹 검색에서 검증 가능한 패키지를 찾지 못함; Noonnu 조회 실패: HTTP 429
쉬리L	쉬리	2	not-found	불가	불가	검증 가능한 웹폰트 파일 미발견						Fontsource·명시 별칭·jsDelivr 웹 검색에서 검증 가능한 패키지를 찾지 못함; Noonnu 조회 실패: HTTP 429
쉬리M	쉬리	2	not-found	불가	불가	검증 가능한 웹폰트 파일 미발견						Fontsource·명시 별칭·jsDelivr 웹 검색에서 검증 가능한 패키지를 찾지 못함; Noonnu 조회 실패: HTTP 429
시스템	시스템	84	not-found	불가	불가	검증 가능한 웹폰트 파일 미발견		boottent-design, @simplysm/capacitor-plugin-file-system, @1d1s/design-system				Fontsource·명시 별칭·jsDelivr 웹 검색에서 검증 가능한 패키지를 찾지 못함; Noonnu 조회 실패: HTTP 429
시스템 간자	시스템 간자	8	not-found	불가	불가	검증 가능한 웹폰트 파일 미발견						Fontsource·명시 별칭·jsDelivr 웹 검색에서 검증 가능한 패키지를 찾지 못함; Noonnu 조회 실패: HTTP 429
시스템 약자	시스템 약자	10	not-found	불가	불가	검증 가능한 웹폰트 파일 미발견						Fontsource·명시 별칭·jsDelivr 웹 검색에서 검증 가능한 패키지를 찾지 못함; Noonnu 조회 실패: HTTP 429
시인B	시인	2	not-found	불가	불가	검증 가능한 웹폰트 파일 미발견						Fontsource·명시 별칭·jsDelivr 웹 검색에서 검증 가능한 패키지를 찾지 못함; Noonnu 조회 실패: HTTP 429
시인L	시인	2	not-found	불가	불가	검증 가능한 웹폰트 파일 미발견						Fontsource·명시 별칭·jsDelivr 웹 검색에서 검증 가능한 패키지를 찾지 못함; Noonnu 조회 실패: HTTP 429
시인M	시인	2	not-found	불가	불가	검증 가능한 웹폰트 파일 미발견						Fontsource·명시 별칭·jsDelivr 웹 검색에서 검증 가능한 패키지를 찾지 못함; Noonnu 조회 실패: HTTP 429
신그래픽	신그래픽	21	not-found	불가	불가	검증 가능한 웹폰트 파일 미발견						Fontsource·명시 별칭·jsDelivr 웹 검색에서 검증 가능한 패키지를 찾지 못함; Noonnu 조회 실패: HTTP 429
신디나루	신디나루	135	not-found	불가	불가	검증 가능한 웹폰트 파일 미발견						Fontsource·명시 별칭·jsDelivr 웹 검색에서 검증 가능한 패키지를 찾지 못함; Noonnu 조회 실패: HTTP 429
신명 견고딕	신명 견고딕	175	not-found	불가	불가	검증 가능한 웹폰트 파일 미발견						Fontsource·명시 별칭·jsDelivr 웹 검색에서 검증 가능한 패키지를 찾지 못함; Noonnu 조회 실패: HTTP 429
신명 견명조	신명 견명조	1711	not-found	불가	불가	검증 가능한 웹폰트 파일 미발견						Fontsource·명시 별칭·jsDelivr 웹 검색에서 검증 가능한 패키지를 찾지 못함; Noonnu 조회 실패: HTTP 429
신명 견명조V	신명 견명조v	1	not-found	불가	불가	검증 가능한 웹폰트 파일 미발견						Fontsource·명시 별칭·jsDelivr 웹 검색에서 검증 가능한 패키지를 찾지 못함; Noonnu 조회 실패: HTTP 429
신명 궁서	신명 궁서	57	not-found	불가	불가	검증 가능한 웹폰트 파일 미발견						Fontsource·명시 별칭·jsDelivr 웹 검색에서 검증 가능한 패키지를 찾지 못함; Noonnu 조회 실패: HTTP 429
신명 디나루	신명 디나루	42	not-found	불가	불가	검증 가능한 웹폰트 파일 미발견						Fontsource·명시 별칭·jsDelivr 웹 검색에서 검증 가능한 패키지를 찾지 못함; Noonnu 조회 실패: HTTP 429
신명 세고딕	신명 세고딕	15	not-found	불가	불가	검증 가능한 웹폰트 파일 미발견						Fontsource·명시 별칭·jsDelivr 웹 검색에서 검증 가능한 패키지를 찾지 못함; Noonnu 조회 실패: HTTP 429
신명 세나루	신명 세나루	25	not-found	불가	불가	검증 가능한 웹폰트 파일 미발견						Fontsource·명시 별칭·jsDelivr 웹 검색에서 검증 가능한 패키지를 찾지 못함; Noonnu 조회 실패: HTTP 429
신명 세명조	신명 세명조	809	not-found	불가	불가	검증 가능한 웹폰트 파일 미발견						Fontsource·명시 별칭·jsDelivr 웹 검색에서 검증 가능한 패키지를 찾지 못함; Noonnu 조회 실패: HTTP 429
신명 순명조	신명 순명조	109	not-found	불가	불가	검증 가능한 웹폰트 파일 미발견						Fontsource·명시 별칭·jsDelivr 웹 검색에서 검증 가능한 패키지를 찾지 못함; Noonnu 조회 실패: HTTP 429
신명 신그래픽	신명 신그래픽	16	not-found	불가	불가	검증 가능한 웹폰트 파일 미발견						Fontsource·명시 별칭·jsDelivr 웹 검색에서 검증 가능한 패키지를 찾지 못함; Noonnu 조회 실패: HTTP 429
신명 신명조	신명 신명조	1060	not-found	불가	불가	검증 가능한 웹폰트 파일 미발견						Fontsource·명시 별칭·jsDelivr 웹 검색에서 검증 가능한 패키지를 찾지 못함; Noonnu 조회 실패: HTTP 429
신명 신명조V	신명 신명조v	2	not-found	불가	불가	검증 가능한 웹폰트 파일 미발견						Fontsource·명시 별칭·jsDelivr 웹 검색에서 검증 가능한 패키지를 찾지 못함; Noonnu 조회 실패: HTTP 429
신명 신문고딕	신명 신문고딕	1	not-found	불가	불가	검증 가능한 웹폰트 파일 미발견						Fontsource·명시 별칭·jsDelivr 웹 검색에서 검증 가능한 패키지를 찾지 못함; Noonnu 조회 실패: HTTP 429
신명 신문명조	신명 신문명조	77	not-found	불가	불가	검증 가능한 웹폰트 파일 미발견						Fontsource·명시 별칭·jsDelivr 웹 검색에서 검증 가능한 패키지를 찾지 못함; Noonnu 조회 실패: HTTP 429
신명 신신명조	신명 신신명조	359	not-found	불가	불가	검증 가능한 웹폰트 파일 미발견						Fontsource·명시 별칭·jsDelivr 웹 검색에서 검증 가능한 패키지를 찾지 못함; Noonnu 조회 실패: HTTP 429
신명 중고딕	신명 중고딕	799	not-found	불가	불가	검증 가능한 웹폰트 파일 미발견						Fontsource·명시 별칭·jsDelivr 웹 검색에서 검증 가능한 패키지를 찾지 못함; Noonnu 조회 실패: HTTP 429
신명 중고딕V	신명 중고딕v	1	not-found	불가	불가	검증 가능한 웹폰트 파일 미발견						Fontsource·명시 별칭·jsDelivr 웹 검색에서 검증 가능한 패키지를 찾지 못함; Noonnu 조회 실패: HTTP 429
신명 중명조	신명 중명조	516	not-found	불가	불가	검증 가능한 웹폰트 파일 미발견						Fontsource·명시 별칭·jsDelivr 웹 검색에서 검증 가능한 패키지를 찾지 못함; Noonnu 조회 실패: HTTP 429
신명 태고딕	신명 태고딕	984	not-found	불가	불가	검증 가능한 웹폰트 파일 미발견						Fontsource·명시 별칭·jsDelivr 웹 검색에서 검증 가능한 패키지를 찾지 못함; Noonnu 조회 실패: HTTP 429
신명 태고딕V	신명 태고딕v	1	not-found	불가	불가	검증 가능한 웹폰트 파일 미발견						Fontsource·명시 별칭·jsDelivr 웹 검색에서 검증 가능한 패키지를 찾지 못함; Noonnu 조회 실패: HTTP 429
신명 태그래픽	신명 태그래픽	402	not-found	불가	불가	검증 가능한 웹폰트 파일 미발견						Fontsource·명시 별칭·jsDelivr 웹 검색에서 검증 가능한 패키지를 찾지 못함; Noonnu 조회 실패: HTTP 429
신명 태명조	신명 태명조	1515	not-found	불가	불가	검증 가능한 웹폰트 파일 미발견						Fontsource·명시 별칭·jsDelivr 웹 검색에서 검증 가능한 패키지를 찾지 못함; Noonnu 조회 실패: HTTP 429
신명 태명조V	신명 태명조v	1	not-found	불가	불가	검증 가능한 웹폰트 파일 미발견						Fontsource·명시 별칭·jsDelivr 웹 검색에서 검증 가능한 패키지를 찾지 못함; Noonnu 조회 실패: HTTP 429
신명조	신명조	1403	not-found	불가	불가	검증 가능한 웹폰트 파일 미발견		@noonnu/chosun-sm, @noonnu/chosunsm				Fontsource·명시 별칭·jsDelivr 웹 검색에서 검증 가능한 패키지를 찾지 못함; Noonnu 조회 실패: HTTP 429
신명조 간자	신명조 간자	92	not-found	불가	불가	검증 가능한 웹폰트 파일 미발견						Fontsource·명시 별칭·jsDelivr 웹 검색에서 검증 가능한 패키지를 찾지 못함; Noonnu 조회 실패: HTTP 429
신명조 약자	신명조 약자	63	not-found	불가	불가	검증 가능한 웹폰트 파일 미발견						Fontsource·명시 별칭·jsDelivr 웹 검색에서 검증 가능한 패키지를 찾지 못함; Noonnu 조회 실패: HTTP 429
신명조■얒a	신명조■얒a	1177	not-found	불가	불가	검증 가능한 웹폰트 파일 미발견						Fontsource·명시 별칭·jsDelivr 웹 검색에서 검증 가능한 패키지를 찾지 못함; Noonnu 조회 실패: HTTP 429
신명조체	신명조체	15	not-found	불가	불가	검증 가능한 웹폰트 파일 미발견						Fontsource·명시 별칭·jsDelivr 웹 검색에서 검증 가능한 패키지를 찾지 못함; Noonnu 조회 실패: HTTP 429
신명조확장둘	신명조확장둘	25	not-found	불가	불가	검증 가능한 웹폰트 파일 미발견						Fontsource·명시 별칭·jsDelivr 웹 검색에서 검증 가능한 패키지를 찾지 못함; Noonnu 조회 실패: HTTP 429
신명조확장셋	신명조확장셋	1	not-found	불가	불가	검증 가능한 웹폰트 파일 미발견						Fontsource·명시 별칭·jsDelivr 웹 검색에서 검증 가능한 패키지를 찾지 못함; Noonnu 조회 실패: HTTP 429
신명조확장하나	신명조확장하나	1	not-found	불가	불가	검증 가능한 웹폰트 파일 미발견						Fontsource·명시 별칭·jsDelivr 웹 검색에서 검증 가능한 패키지를 찾지 못함; Noonnu 조회 실패: HTTP 429
신문견고	신문견고	6	not-found	불가	불가	검증 가능한 웹폰트 파일 미발견						Fontsource·명시 별칭·jsDelivr 웹 검색에서 검증 가능한 패키지를 찾지 못함; Noonnu 조회 실패: HTTP 429
신문견명	신문견명	6	not-found	불가	불가	검증 가능한 웹폰트 파일 미발견						Fontsource·명시 별칭·jsDelivr 웹 검색에서 검증 가능한 패키지를 찾지 못함; Noonnu 조회 실패: HTTP 429
신문고딕	신문고딕	3	not-found	불가	불가	검증 가능한 웹폰트 파일 미발견						Fontsource·명시 별칭·jsDelivr 웹 검색에서 검증 가능한 패키지를 찾지 못함; Noonnu 조회 실패: HTTP 429
신문명조	신문명조	7	not-found	불가	불가	검증 가능한 웹폰트 파일 미발견						Fontsource·명시 별칭·jsDelivr 웹 검색에서 검증 가능한 패키지를 찾지 못함; Noonnu 조회 실패: HTTP 429
신문태고	신문태고	10	not-found	불가	불가	검증 가능한 웹폰트 파일 미발견						Fontsource·명시 별칭·jsDelivr 웹 검색에서 검증 가능한 패키지를 찾지 못함; Noonnu 조회 실패: HTTP 429
신문태명	신문태명	54	not-found	불가	불가	검증 가능한 웹폰트 파일 미발견						Fontsource·명시 별칭·jsDelivr 웹 검색에서 검증 가능한 패키지를 찾지 못함; Noonnu 조회 실패: HTTP 429
신세고딕	신세고딕	44	not-found	불가	불가	검증 가능한 웹폰트 파일 미발견						Fontsource·명시 별칭·jsDelivr 웹 검색에서 검증 가능한 패키지를 찾지 못함; Noonnu 조회 실패: HTTP 429
신세나루	신세나루	7	not-found	불가	불가	검증 가능한 웹폰트 파일 미발견						Fontsource·명시 별칭·jsDelivr 웹 검색에서 검증 가능한 패키지를 찾지 못함; Noonnu 조회 실패: HTTP 429
신중명조	신중명조	61	not-found	불가	불가	검증 가능한 웹폰트 파일 미발견						Fontsource·명시 별칭·jsDelivr 웹 검색에서 검증 가능한 패키지를 찾지 못함
신태명조	신태명조	91	not-found	불가	불가	검증 가능한 웹폰트 파일 미발견						Fontsource·명시 별칭·jsDelivr 웹 검색에서 검증 가능한 패키지를 찾지 못함
쌐쎘밌흤	쌐쎘밌흤	3	not-found	불가	불가	검증 가능한 웹폰트 파일 미발견						Fontsource·명시 별칭·jsDelivr 웹 검색에서 검증 가능한 패키지를 찾지 못함
쌱삃력옓	쌱삃력옓	2	not-found	불가	불가	검증 가능한 웹폰트 파일 미발견						Fontsource·명시 별칭·jsDelivr 웹 검색에서 검증 가능한 패키지를 찾지 못함
앀볣쫐	앀볣쫐	2	not-found	불가	불가	검증 가능한 웹폰트 파일 미발견						Fontsource·명시 별칭·jsDelivr 웹 검색에서 검증 가능한 패키지를 찾지 못함
아리따-돋움(TTF)-Medium	아리따 돋움(ttf)	1	not-found	불가	불가	검증 가능한 웹폰트 파일 미발견		medium, medium-zoom, medium-editor				Fontsource·명시 별칭·jsDelivr 웹 검색에서 검증 가능한 패키지를 찾지 못함
아리따B	아리따	1	not-found	불가	불가	검증 가능한 웹폰트 파일 미발견						Fontsource·명시 별칭·jsDelivr 웹 검색에서 검증 가능한 패키지를 찾지 못함
아이리스B	아이리스	1	not-found	불가	불가	검증 가능한 웹폰트 파일 미발견						Fontsource·명시 별칭·jsDelivr 웹 검색에서 검증 가능한 패키지를 찾지 못함
아이리스L	아이리스	2	not-found	불가	불가	검증 가능한 웹폰트 파일 미발견						Fontsource·명시 별칭·jsDelivr 웹 검색에서 검증 가능한 패키지를 찾지 못함
아이리스M	아이리스	40	not-found	불가	불가	검증 가능한 웹폰트 파일 미발견						Fontsource·명시 별칭·jsDelivr 웹 검색에서 검증 가능한 패키지를 찾지 못함
아혜	아혜	2	not-found	불가	불가	검증 가능한 웹폰트 파일 미발견						Fontsource·명시 별칭·jsDelivr 웹 검색에서 검증 가능한 패키지를 찾지 못함
안상수2006중간	안상수2006중간	1	not-found	불가	불가	검증 가능한 웹폰트 파일 미발견						Fontsource·명시 별칭·jsDelivr 웹 검색에서 검증 가능한 패키지를 찾지 못함
야간비행M	야간비행	2	not-found	불가	불가	검증 가능한 웹폰트 파일 미발견						Fontsource·명시 별칭·jsDelivr 웹 검색에서 검증 가능한 패키지를 찾지 못함
약물	약물	1	not-found	불가	불가	검증 가능한 웹폰트 파일 미발견						Fontsource·명시 별칭·jsDelivr 웹 검색에서 검증 가능한 패키지를 찾지 못함
양신명조	양신명조	2	not-found	불가	불가	검증 가능한 웹폰트 파일 미발견						Fontsource·명시 별칭·jsDelivr 웹 검색에서 검증 가능한 패키지를 찾지 못함
양재 다운명조M	양재 다운명조	65	not-found	불가	불가	검증 가능한 웹폰트 파일 미발견						Fontsource·명시 별칭·jsDelivr 웹 검색에서 검증 가능한 패키지를 찾지 못함
양재 둘기	양재 둘기	11	not-found	불가	불가	검증 가능한 웹폰트 파일 미발견						Fontsource·명시 별칭·jsDelivr 웹 검색에서 검증 가능한 패키지를 찾지 못함
양재 매화	양재 매화	10	not-found	불가	불가	검증 가능한 웹폰트 파일 미발견						Fontsource·명시 별칭·jsDelivr 웹 검색에서 검증 가능한 패키지를 찾지 못함
양재 본목각M	양재 본목각	13	not-found	불가	불가	검증 가능한 웹폰트 파일 미발견						Fontsource·명시 별칭·jsDelivr 웹 검색에서 검증 가능한 패키지를 찾지 못함
양재 샤넬	양재 샤넬	10	not-found	불가	불가	검증 가능한 웹폰트 파일 미발견						Fontsource·명시 별칭·jsDelivr 웹 검색에서 검증 가능한 패키지를 찾지 못함
양재 소슬	양재 소슬	11	not-found	불가	불가	검증 가능한 웹폰트 파일 미발견						Fontsource·명시 별칭·jsDelivr 웹 검색에서 검증 가능한 패키지를 찾지 못함
양재 와당	양재 와당	10	not-found	불가	불가	검증 가능한 웹폰트 파일 미발견						Fontsource·명시 별칭·jsDelivr 웹 검색에서 검증 가능한 패키지를 찾지 못함
양재 이니셜	양재 이니셜	10	not-found	불가	불가	검증 가능한 웹폰트 파일 미발견						Fontsource·명시 별칭·jsDelivr 웹 검색에서 검증 가능한 패키지를 찾지 못함
양재 참숯B	양재 참숯	12	not-found	불가	불가	검증 가능한 웹폰트 파일 미발견						Fontsource·명시 별칭·jsDelivr 웹 검색에서 검증 가능한 패키지를 찾지 못함
양재 튼튼B	양재 튼튼	178	not-found	불가	불가	검증 가능한 웹폰트 파일 미발견						Fontsource·명시 별칭·jsDelivr 웹 검색에서 검증 가능한 패키지를 찾지 못함
양재깨비체B	양재깨비체	1	not-found	불가	불가	검증 가능한 웹폰트 파일 미발견						Fontsource·명시 별칭·jsDelivr 웹 검색에서 검증 가능한 패키지를 찾지 못함
양재다운명조M	양재다운명조	3	not-found	불가	불가	검증 가능한 웹폰트 파일 미발견						Fontsource·명시 별칭·jsDelivr 웹 검색에서 검증 가능한 패키지를 찾지 못함
양재블럭체	양재블럭체	1	not-found	불가	불가	검증 가능한 웹폰트 파일 미발견						Fontsource·명시 별칭·jsDelivr 웹 검색에서 검증 가능한 패키지를 찾지 못함
양재소슬체S	양재소슬체s	1	not-found	불가	불가	검증 가능한 웹폰트 파일 미발견						Fontsource·명시 별칭·jsDelivr 웹 검색에서 검증 가능한 패키지를 찾지 못함
양재이니셜체	양재이니셜체	1	not-found	불가	불가	검증 가능한 웹폰트 파일 미발견						Fontsource·명시 별칭·jsDelivr 웹 검색에서 검증 가능한 패키지를 찾지 못함
양재인장체M	양재인장체	1	not-found	불가	불가	검증 가능한 웹폰트 파일 미발견						Fontsource·명시 별칭·jsDelivr 웹 검색에서 검증 가능한 패키지를 찾지 못함
양재참숯체B	양재참숯체	1	not-found	불가	불가	검증 가능한 웹폰트 파일 미발견						Fontsource·명시 별칭·jsDelivr 웹 검색에서 검증 가능한 패키지를 찾지 못함
양재튼튼체B	양재튼튼체	21	not-found	불가	불가	검증 가능한 웹폰트 파일 미발견						Fontsource·명시 별칭·jsDelivr 웹 검색에서 검증 가능한 패키지를 찾지 못함
양중고딕	양중고딕	1	not-found	불가	불가	검증 가능한 웹폰트 파일 미발견						Fontsource·명시 별칭·jsDelivr 웹 검색에서 검증 가능한 패키지를 찾지 못함
에스코어 드림 3 Light	에스코어 드림 3	3	available	가능	가능	공급 경로의 라이선스 단서와 CDN 응답 확인	jsDelivr 웹 검색	@noonnu/s-core-dream-3-light	0.1.0	MIT	https://cdn.jsdelivr.net/npm/@noonnu/s-core-dream-3-light@0.1.0/fonts/s-coredream-3light-normal.woff	jsDelivr 웹 검색 후 실제 CDN 글꼴 파일 응답 확인
엘플러스	엘플러스	1	not-found	불가	불가	검증 가능한 웹폰트 파일 미발견						Fontsource·명시 별칭·jsDelivr 웹 검색에서 검증 가능한 패키지를 찾지 못함
연세본문체	연세본문체	4	not-found	불가	불가	검증 가능한 웹폰트 파일 미발견						Fontsource·명시 별칭·jsDelivr 웹 검색에서 검증 가능한 패키지를 찾지 못함
엽서체	엽서체	1	not-found	불가	불가	검증 가능한 웹폰트 파일 미발견						Fontsource·명시 별칭·jsDelivr 웹 검색에서 검증 가능한 패키지를 찾지 못함
영문꾸미기(가)	영문꾸미기(가)	1	not-found	불가	불가	검증 가능한 웹폰트 파일 미발견						Fontsource·명시 별칭·jsDelivr 웹 검색에서 검증 가능한 패키지를 찾지 못함
영문꾸미기(나)	영문꾸미기(나)	1	not-found	불가	불가	검증 가능한 웹폰트 파일 미발견						Fontsource·명시 별칭·jsDelivr 웹 검색에서 검증 가능한 패키지를 찾지 못함
영문꾸미기(다)	영문꾸미기(다)	1	not-found	불가	불가	검증 가능한 웹폰트 파일 미발견						Fontsource·명시 별칭·jsDelivr 웹 검색에서 검증 가능한 패키지를 찾지 못함
옛체	옛체	1	not-found	불가	불가	검증 가능한 웹폰트 파일 미발견						Fontsource·명시 별칭·jsDelivr 웹 검색에서 검증 가능한 패키지를 찾지 못함
옛한글	옛한글	12	not-found	불가	불가	검증 가능한 웹폰트 파일 미발견		@kfonts/nanum-barun-gothic-yet-hangul, @kfonts/nanum-barun-gothic-yet-hangul-otf, @kfonts/nanum-myeongjo-yet-hangul				Fontsource·명시 별칭·jsDelivr 웹 검색에서 검증 가능한 패키지를 찾지 못함
오이	오이	12	not-found	불가	불가	검증 가능한 웹폰트 파일 미발견						Fontsource·명시 별칭·jsDelivr 웹 검색에서 검증 가능한 패키지를 찾지 못함
옥션고딕 B	옥션고딕	9	not-found	불가	불가	검증 가능한 웹폰트 파일 미발견						Fontsource·명시 별칭·jsDelivr 웹 검색에서 검증 가능한 패키지를 찾지 못함
옥션고딕 L	옥션고딕	1	not-found	불가	불가	검증 가능한 웹폰트 파일 미발견						Fontsource·명시 별칭·jsDelivr 웹 검색에서 검증 가능한 패키지를 찾지 못함
옥션고딕 M	옥션고딕	11	not-found	불가	불가	검증 가능한 웹폰트 파일 미발견						Fontsource·명시 별칭·jsDelivr 웹 검색에서 검증 가능한 패키지를 찾지 못함
옥수수	옥수수	51	not-found	불가	불가	검증 가능한 웹폰트 파일 미발견						Fontsource·명시 별칭·jsDelivr 웹 검색에서 검증 가능한 패키지를 찾지 못함
완도청정바다체 Regular	완도청정바다체	2	not-found	불가	불가	검증 가능한 웹폰트 파일 미발견		@noonnu/wandocleansear, @noonnu/wandocleansea-b, @noonnu/wandocleanseab				Fontsource·명시 별칭·jsDelivr 웹 검색에서 검증 가능한 패키지를 찾지 못함; Noonnu 조회 실패: HTTP 429
운현궁B	운현궁	2	not-found	불가	불가	검증 가능한 웹폰트 파일 미발견						Fontsource·명시 별칭·jsDelivr 웹 검색에서 검증 가능한 패키지를 찾지 못함
운현궁L	운현궁	2	not-found	불가	불가	검증 가능한 웹폰트 파일 미발견						Fontsource·명시 별칭·jsDelivr 웹 검색에서 검증 가능한 패키지를 찾지 못함
운현궁M	운현궁	2	not-found	불가	불가	검증 가능한 웹폰트 파일 미발견						Fontsource·명시 별칭·jsDelivr 웹 검색에서 검증 가능한 패키지를 찾지 못함
援대┝	援대┝	1	not-found	불가	불가	검증 가능한 웹폰트 파일 미발견						Fontsource·명시 별칭·jsDelivr 웹 검색에서 검증 가능한 패키지를 찾지 못함
유리별M	유리별	2	not-found	불가	불가	검증 가능한 웹폰트 파일 미발견						Fontsource·명시 별칭·jsDelivr 웹 검색에서 검증 가능한 패키지를 찾지 못함
諛뷀깢	諛뷀깢	1	not-found	불가	불가	검증 가능한 웹폰트 파일 미발견						Fontsource·명시 별칭·jsDelivr 웹 검색에서 검증 가능한 패키지를 찾지 못함
윤고딕	윤고딕	1	not-found	불가	불가	검증 가능한 웹폰트 파일 미발견						Fontsource·명시 별칭·jsDelivr 웹 검색에서 검증 가능한 패키지를 찾지 못함
윤고딕110	윤고딕110	114	not-found	불가	불가	검증 가능한 웹폰트 파일 미발견						Fontsource·명시 별칭·jsDelivr 웹 검색에서 검증 가능한 패키지를 찾지 못함
윤고딕110-WinCharSetFFFF-H	윤고딕110 wincharsetffff h	13	not-found	불가	불가	검증 가능한 웹폰트 파일 미발견						Fontsource·명시 별칭·jsDelivr 웹 검색에서 검증 가능한 패키지를 찾지 못함
윤고딕120	윤고딕120	780	not-found	불가	불가	검증 가능한 웹폰트 파일 미발견						Fontsource·명시 별칭·jsDelivr 웹 검색에서 검증 가능한 패키지를 찾지 못함
윤고딕120-90%	윤고딕120 90%	182	not-found	불가	불가	검증 가능한 웹폰트 파일 미발견						Fontsource·명시 별칭·jsDelivr 웹 검색에서 검증 가능한 패키지를 찾지 못함
윤고딕130	윤고딕130	1414	not-found	불가	불가	검증 가능한 웹폰트 파일 미발견						Fontsource·명시 별칭·jsDelivr 웹 검색에서 검증 가능한 패키지를 찾지 못함; Noonnu 조회 실패: HTTP 429
윤고딕140	윤고딕140	107	not-found	불가	불가	검증 가능한 웹폰트 파일 미발견						Fontsource·명시 별칭·jsDelivr 웹 검색에서 검증 가능한 패키지를 찾지 못함; Noonnu 조회 실패: HTTP 429
윤고딕150	윤고딕150	110	not-found	불가	불가	검증 가능한 웹폰트 파일 미발견						Fontsource·명시 별칭·jsDelivr 웹 검색에서 검증 가능한 패키지를 찾지 못함; Noonnu 조회 실패: HTTP 429
윤고딕160	윤고딕160	8	not-found	불가	불가	검증 가능한 웹폰트 파일 미발견						Fontsource·명시 별칭·jsDelivr 웹 검색에서 검증 가능한 패키지를 찾지 못함; Noonnu 조회 실패: HTTP 429
윤고딕220	윤고딕220	1037	not-found	불가	불가	검증 가능한 웹폰트 파일 미발견						Fontsource·명시 별칭·jsDelivr 웹 검색에서 검증 가능한 패키지를 찾지 못함; Noonnu 조회 실패: HTTP 429
윤고딕230	윤고딕230	20	not-found	불가	불가	검증 가능한 웹폰트 파일 미발견						Fontsource·명시 별칭·jsDelivr 웹 검색에서 검증 가능한 패키지를 찾지 못함; Noonnu 조회 실패: HTTP 429
윤고딕240	윤고딕240	12	not-found	불가	불가	검증 가능한 웹폰트 파일 미발견						Fontsource·명시 별칭·jsDelivr 웹 검색에서 검증 가능한 패키지를 찾지 못함; Noonnu 조회 실패: HTTP 429
윤고딕250	윤고딕250	7	not-found	불가	불가	검증 가능한 웹폰트 파일 미발견						Fontsource·명시 별칭·jsDelivr 웹 검색에서 검증 가능한 패키지를 찾지 못함; Noonnu 조회 실패: HTTP 429
윤고딕310	윤고딕310	40	not-found	불가	불가	검증 가능한 웹폰트 파일 미발견						Fontsource·명시 별칭·jsDelivr 웹 검색에서 검증 가능한 패키지를 찾지 못함; Noonnu 조회 실패: HTTP 429
윤고딕320	윤고딕320	154	not-found	불가	불가	검증 가능한 웹폰트 파일 미발견						Fontsource·명시 별칭·jsDelivr 웹 검색에서 검증 가능한 패키지를 찾지 못함; Noonnu 조회 실패: HTTP 429
윤고딕330	윤고딕330	180	not-found	불가	불가	검증 가능한 웹폰트 파일 미발견						Fontsource·명시 별칭·jsDelivr 웹 검색에서 검증 가능한 패키지를 찾지 못함; Noonnu 조회 실패: HTTP 429
윤고딕340	윤고딕340	150	not-found	불가	불가	검증 가능한 웹폰트 파일 미발견						Fontsource·명시 별칭·jsDelivr 웹 검색에서 검증 가능한 패키지를 찾지 못함; Noonnu 조회 실패: HTTP 429
윤고딕350	윤고딕350	4	not-found	불가	불가	검증 가능한 웹폰트 파일 미발견						Fontsource·명시 별칭·jsDelivr 웹 검색에서 검증 가능한 패키지를 찾지 못함; Noonnu 조회 실패: HTTP 429
윤고딕360	윤고딕360	2	not-found	불가	불가	검증 가능한 웹폰트 파일 미발견						Fontsource·명시 별칭·jsDelivr 웹 검색에서 검증 가능한 패키지를 찾지 못함; Noonnu 조회 실패: HTTP 429
윤돋움110	윤돋움110	1	not-found	불가	불가	검증 가능한 웹폰트 파일 미발견						Fontsource·명시 별칭·jsDelivr 웹 검색에서 검증 가능한 패키지를 찾지 못함; Noonnu 조회 실패: HTTP 429
윤돋움120	윤돋움120	1	not-found	불가	불가	검증 가능한 웹폰트 파일 미발견						Fontsource·명시 별칭·jsDelivr 웹 검색에서 검증 가능한 패키지를 찾지 못함; Noonnu 조회 실패: HTTP 429
윤돋움130	윤돋움130	1	not-found	불가	불가	검증 가능한 웹폰트 파일 미발견						Fontsource·명시 별칭·jsDelivr 웹 검색에서 검증 가능한 패키지를 찾지 못함; Noonnu 조회 실패: HTTP 429
윤돋움140	윤돋움140	1	not-found	불가	불가	검증 가능한 웹폰트 파일 미발견						Fontsource·명시 별칭·jsDelivr 웹 검색에서 검증 가능한 패키지를 찾지 못함; Noonnu 조회 실패: HTTP 429
윤돋움150	윤돋움150	1	not-found	불가	불가	검증 가능한 웹폰트 파일 미발견						Fontsource·명시 별칭·jsDelivr 웹 검색에서 검증 가능한 패키지를 찾지 못함; Noonnu 조회 실패: HTTP 429
윤돋움160	윤돋움160	1	not-found	불가	불가	검증 가능한 웹폰트 파일 미발견						Fontsource·명시 별칭·jsDelivr 웹 검색에서 검증 가능한 패키지를 찾지 못함; Noonnu 조회 실패: HTTP 429
윤디자인고딕	윤디자인고딕	3	not-found	불가	불가	검증 가능한 웹폰트 파일 미발견						Fontsource·명시 별칭·jsDelivr 웹 검색에서 검증 가능한 패키지를 찾지 못함; Noonnu 조회 실패: HTTP 429
윤디자인웹고딕	윤디자인웹고딕	4	not-found	불가	불가	검증 가능한 웹폰트 파일 미발견						Fontsource·명시 별칭·jsDelivr 웹 검색에서 검증 가능한 패키지를 찾지 못함; Noonnu 조회 실패: HTTP 429
윤디자인웹돋움	윤디자인웹돋움	5	not-found	불가	불가	검증 가능한 웹폰트 파일 미발견						Fontsource·명시 별칭·jsDelivr 웹 검색에서 검증 가능한 패키지를 찾지 못함; Noonnu 조회 실패: HTTP 429
윤디자인웹명조	윤디자인웹명조	2	not-found	불가	불가	검증 가능한 웹폰트 파일 미발견						Fontsource·명시 별칭·jsDelivr 웹 검색에서 검증 가능한 패키지를 찾지 못함; Noonnu 조회 실패: HTTP 429
윤명조110	윤명조110	25	not-found	불가	불가	검증 가능한 웹폰트 파일 미발견						Fontsource·명시 별칭·jsDelivr 웹 검색에서 검증 가능한 패키지를 찾지 못함; Noonnu 조회 실패: HTTP 429
윤명조120	윤명조120	718	not-found	불가	불가	검증 가능한 웹폰트 파일 미발견						Fontsource·명시 별칭·jsDelivr 웹 검색에서 검증 가능한 패키지를 찾지 못함; Noonnu 조회 실패: HTTP 429
윤명조130	윤명조130	51	not-found	불가	불가	검증 가능한 웹폰트 파일 미발견						Fontsource·명시 별칭·jsDelivr 웹 검색에서 검증 가능한 패키지를 찾지 못함; Noonnu 조회 실패: HTTP 429
윤명조140	윤명조140	63	not-found	불가	불가	검증 가능한 웹폰트 파일 미발견						Fontsource·명시 별칭·jsDelivr 웹 검색에서 검증 가능한 패키지를 찾지 못함; Noonnu 조회 실패: HTTP 429
윤명조140_ppt	윤명조140 ppt	2	not-found	불가	불가	검증 가능한 웹폰트 파일 미발견						Fontsource·명시 별칭·jsDelivr 웹 검색에서 검증 가능한 패키지를 찾지 못함; Noonnu 조회 실패: HTTP 429
윤명조150	윤명조150	36	not-found	불가	불가	검증 가능한 웹폰트 파일 미발견						Fontsource·명시 별칭·jsDelivr 웹 검색에서 검증 가능한 패키지를 찾지 못함; Noonnu 조회 실패: HTTP 429
윤명조160	윤명조160	41	not-found	불가	불가	검증 가능한 웹폰트 파일 미발견						Fontsource·명시 별칭·jsDelivr 웹 검색에서 검증 가능한 패키지를 찾지 못함; Noonnu 조회 실패: HTTP 429
윤명조220	윤명조220	2	not-found	불가	불가	검증 가능한 웹폰트 파일 미발견						Fontsource·명시 별칭·jsDelivr 웹 검색에서 검증 가능한 패키지를 찾지 못함; Noonnu 조회 실패: HTTP 429
윤명조230	윤명조230	1	not-found	불가	불가	검증 가능한 웹폰트 파일 미발견						Fontsource·명시 별칭·jsDelivr 웹 검색에서 검증 가능한 패키지를 찾지 못함; Noonnu 조회 실패: HTTP 429
윤명조240	윤명조240	10	not-found	불가	불가	검증 가능한 웹폰트 파일 미발견						Fontsource·명시 별칭·jsDelivr 웹 검색에서 검증 가능한 패키지를 찾지 못함; Noonnu 조회 실패: HTTP 429
윤명조310	윤명조310	10	not-found	불가	불가	검증 가능한 웹폰트 파일 미발견						Fontsource·명시 별칭·jsDelivr 웹 검색에서 검증 가능한 패키지를 찾지 못함; Noonnu 조회 실패: HTTP 429
윤명조320	윤명조320	489	not-found	불가	불가	검증 가능한 웹폰트 파일 미발견						Fontsource·명시 별칭·jsDelivr 웹 검색에서 검증 가능한 패키지를 찾지 못함; Noonnu 조회 실패: HTTP 429
윤명조330	윤명조330	6	not-found	불가	불가	검증 가능한 웹폰트 파일 미발견						Fontsource·명시 별칭·jsDelivr 웹 검색에서 검증 가능한 패키지를 찾지 못함; Noonnu 조회 실패: HTTP 429
윤명조340	윤명조340	10	not-found	불가	불가	검증 가능한 웹폰트 파일 미발견						Fontsource·명시 별칭·jsDelivr 웹 검색에서 검증 가능한 패키지를 찾지 못함; Noonnu 조회 실패: HTTP 429
윤명조350	윤명조350	5	not-found	불가	불가	검증 가능한 웹폰트 파일 미발견						Fontsource·명시 별칭·jsDelivr 웹 검색에서 검증 가능한 패키지를 찾지 못함; Noonnu 조회 실패: HTTP 429
윤명조360	윤명조360	3	not-found	불가	불가	검증 가능한 웹폰트 파일 미발견						Fontsource·명시 별칭·jsDelivr 웹 검색에서 검증 가능한 패키지를 찾지 못함; Noonnu 조회 실패: HTTP 429
윤명조420	윤명조420	1	not-found	불가	불가	검증 가능한 웹폰트 파일 미발견						Fontsource·명시 별칭·jsDelivr 웹 검색에서 검증 가능한 패키지를 찾지 못함; Noonnu 조회 실패: HTTP 429
윤명조440	윤명조440	38	not-found	불가	불가	검증 가능한 웹폰트 파일 미발견						Fontsource·명시 별칭·jsDelivr 웹 검색에서 검증 가능한 패키지를 찾지 못함; Noonnu 조회 실패: HTTP 429
윤명조450	윤명조450	13	not-found	불가	불가	검증 가능한 웹폰트 파일 미발견						Fontsource·명시 별칭·jsDelivr 웹 검색에서 검증 가능한 패키지를 찾지 못함; Noonnu 조회 실패: HTTP 429
윤바탕110	윤바탕110	1	not-found	불가	불가	검증 가능한 웹폰트 파일 미발견						Fontsource·명시 별칭·jsDelivr 웹 검색에서 검증 가능한 패키지를 찾지 못함; Noonnu 조회 실패: HTTP 429
윤바탕120	윤바탕120	2	not-found	불가	불가	검증 가능한 웹폰트 파일 미발견						Fontsource·명시 별칭·jsDelivr 웹 검색에서 검증 가능한 패키지를 찾지 못함; Noonnu 조회 실패: HTTP 429
윤바탕130	윤바탕130	1	not-found	불가	불가	검증 가능한 웹폰트 파일 미발견						Fontsource·명시 별칭·jsDelivr 웹 검색에서 검증 가능한 패키지를 찾지 못함; Noonnu 조회 실패: HTTP 429
윤바탕140	윤바탕140	1	not-found	불가	불가	검증 가능한 웹폰트 파일 미발견						Fontsource·명시 별칭·jsDelivr 웹 검색에서 검증 가능한 패키지를 찾지 못함; Noonnu 조회 실패: HTTP 429
윤바탕150	윤바탕150	1	not-found	불가	불가	검증 가능한 웹폰트 파일 미발견						Fontsource·명시 별칭·jsDelivr 웹 검색에서 검증 가능한 패키지를 찾지 못함; Noonnu 조회 실패: HTTP 429
윤바탕160	윤바탕160	1	not-found	불가	불가	검증 가능한 웹폰트 파일 미발견						Fontsource·명시 별칭·jsDelivr 웹 검색에서 검증 가능한 패키지를 찾지 못함; Noonnu 조회 실패: HTTP 429
윤체B	윤체	2	not-found	불가	불가	검증 가능한 웹폰트 파일 미발견						Fontsource·명시 별칭·jsDelivr 웹 검색에서 검증 가능한 패키지를 찾지 못함; Noonnu 조회 실패: HTTP 429
윤체L	윤체	3	not-found	불가	불가	검증 가능한 웹폰트 파일 미발견						Fontsource·명시 별칭·jsDelivr 웹 검색에서 검증 가능한 패키지를 찾지 못함; Noonnu 조회 실패: HTTP 429
윤체M	윤체	3	not-found	불가	불가	검증 가능한 웹폰트 파일 미발견						Fontsource·명시 별칭·jsDelivr 웹 검색에서 검증 가능한 패키지를 찾지 못함; Noonnu 조회 실패: HTTP 429
윤체UL	윤체ul	3	not-found	불가	불가	검증 가능한 웹폰트 파일 미발견						Fontsource·명시 별칭·jsDelivr 웹 검색에서 검증 가능한 패키지를 찾지 못함; Noonnu 조회 실패: HTTP 429
율려B	율려	2	not-found	불가	불가	검증 가능한 웹폰트 파일 미발견						Fontsource·명시 별칭·jsDelivr 웹 검색에서 검증 가능한 패키지를 찾지 못함; Noonnu 조회 실패: HTTP 429
율려L	율려	2	not-found	불가	불가	검증 가능한 웹폰트 파일 미발견						Fontsource·명시 별칭·jsDelivr 웹 검색에서 검증 가능한 패키지를 찾지 못함; Noonnu 조회 실패: HTTP 429
율려M	율려	2	not-found	불가	불가	검증 가능한 웹폰트 파일 미발견						Fontsource·명시 별칭·jsDelivr 웹 검색에서 검증 가능한 패키지를 찾지 못함; Noonnu 조회 실패: HTTP 429
으뜸10	으뜸10	1	not-found	불가	불가	검증 가능한 웹폰트 파일 미발견						Fontsource·명시 별칭·jsDelivr 웹 검색에서 검증 가능한 패키지를 찾지 못함; Noonnu 조회 실패: HTTP 429
으뜸9	으뜸9	1	not-found	불가	불가	검증 가능한 웹폰트 파일 미발견						Fontsource·명시 별칭·jsDelivr 웹 검색에서 검증 가능한 패키지를 찾지 못함; Noonnu 조회 실패: HTTP 429
으뜸체	으뜸체	4	not-found	불가	불가	검증 가능한 웹폰트 파일 미발견						Fontsource·명시 별칭·jsDelivr 웹 검색에서 검증 가능한 패키지를 찾지 못함; Noonnu 조회 실패: HTTP 429
인터파크고딕 B	인터파크고딕	1	not-found	불가	불가	검증 가능한 웹폰트 파일 미발견						Fontsource·명시 별칭·jsDelivr 웹 검색에서 검증 가능한 패키지를 찾지 못함; Noonnu 조회 실패: HTTP 429
쟯앀볣쫐	쟯앀볣쫐	2	not-found	불가	불가	검증 가능한 웹폰트 파일 미발견						Fontsource·명시 별칭·jsDelivr 웹 검색에서 검증 가능한 패키지를 찾지 못함; Noonnu 조회 실패: HTTP 429
쟯쭯꽀띵	쟯쭯꽀띵	1	not-found	불가	불가	검증 가능한 웹폰트 파일 미발견						Fontsource·명시 별칭·jsDelivr 웹 검색에서 검증 가능한 패키지를 찾지 못함; Noonnu 조회 실패: HTTP 429
정10	정10	1	not-found	불가	불가	검증 가능한 웹폰트 파일 미발견						Fontsource·명시 별칭·jsDelivr 웹 검색에서 검증 가능한 패키지를 찾지 못함; Noonnu 조회 실패: HTTP 429
정12b	정12b	1	not-found	불가	불가	검증 가능한 웹폰트 파일 미발견						Fontsource·명시 별칭·jsDelivr 웹 검색에서 검증 가능한 패키지를 찾지 못함; Noonnu 조회 실패: HTTP 429
정9	정9	1	not-found	불가	불가	검증 가능한 웹폰트 파일 미발견						Fontsource·명시 별칭·jsDelivr 웹 검색에서 검증 가능한 패키지를 찾지 못함; Noonnu 조회 실패: HTTP 429
제목바탕체	제목바탕체	5	not-found	불가	불가	검증 가능한 웹폰트 파일 미발견						Fontsource·명시 별칭·jsDelivr 웹 검색에서 검증 가능한 패키지를 찾지 못함; Noonnu 조회 실패: HTTP 429
제주고딕	제주고딕	2	not-found	불가	불가	검증 가능한 웹폰트 파일 미발견		@noonnu/jeju-gothic				Fontsource·명시 별칭·jsDelivr 웹 검색에서 검증 가능한 패키지를 찾지 못함; Noonnu 조회 실패: HTTP 429
제주명조	제주명조	2	not-found	불가	불가	검증 가능한 웹폰트 파일 미발견		@noonnu/jeju-myeongjo				Fontsource·명시 별칭·jsDelivr 웹 검색에서 검증 가능한 패키지를 찾지 못함; Noonnu 조회 실패: HTTP 429
조각M	조각	2	not-found	불가	불가	검증 가능한 웹폰트 파일 미발견						Fontsource·명시 별칭·jsDelivr 웹 검색에서 검증 가능한 패키지를 찾지 못함; Noonnu 조회 실패: HTTP 429
조선일보명조	조선일보명조	2	not-found	불가	불가	검증 가능한 웹폰트 파일 미발견		@noonnu/chosunilbo-myungjo				Fontsource·명시 별칭·jsDelivr 웹 검색에서 검증 가능한 패키지를 찾지 못함; Noonnu 조회 실패: HTTP 429
중간공한	중간공한	10	not-found	불가	불가	검증 가능한 웹폰트 파일 미발견						Fontsource·명시 별칭·jsDelivr 웹 검색에서 검증 가능한 패키지를 찾지 못함; Noonnu 조회 실패: HTTP 429
중간안상수체	중간안상수체	10	not-found	불가	불가	검증 가능한 웹폰트 파일 미발견						Fontsource·명시 별칭·jsDelivr 웹 검색에서 검증 가능한 패키지를 찾지 못함; Noonnu 조회 실패: HTTP 429
중간안상수체영문	중간안상수체영문	10	not-found	불가	불가	검증 가능한 웹폰트 파일 미발견						Fontsource·명시 별칭·jsDelivr 웹 검색에서 검증 가능한 패키지를 찾지 못함; Noonnu 조회 실패: HTTP 429
중간한	중간한	10	not-found	불가	불가	검증 가능한 웹폰트 파일 미발견						Fontsource·명시 별칭·jsDelivr 웹 검색에서 검증 가능한 패키지를 찾지 못함; Noonnu 조회 실패: HTTP 429
중고	중고	1	not-found	불가	불가	검증 가능한 웹폰트 파일 미발견						Fontsource·명시 별칭·jsDelivr 웹 검색에서 검증 가능한 패키지를 찾지 못함; Noonnu 조회 실패: HTTP 429
중고딕	중고딕	407	not-found	불가	불가	검증 가능한 웹폰트 파일 미발견						Fontsource·명시 별칭·jsDelivr 웹 검색에서 검증 가능한 패키지를 찾지 못함; Noonnu 조회 실패: HTTP 429
중고딕 간자	중고딕 간자	52	not-found	불가	불가	검증 가능한 웹폰트 파일 미발견						Fontsource·명시 별칭·jsDelivr 웹 검색에서 검증 가능한 패키지를 찾지 못함; Noonnu 조회 실패: HTTP 429
중고딕 약자	중고딕 약자	15	not-found	불가	불가	검증 가능한 웹폰트 파일 미발견						Fontsource·명시 별칭·jsDelivr 웹 검색에서 검증 가능한 패키지를 찾지 못함; Noonnu 조회 실패: HTTP 429
중고딕V	중고딕v	1	not-found	불가	불가	검증 가능한 웹폰트 파일 미발견						Fontsource·명시 별칭·jsDelivr 웹 검색에서 검증 가능한 패키지를 찾지 못함; Noonnu 조회 실패: HTTP 429
중명조	중명조	219	not-found	불가	불가	검증 가능한 웹폰트 파일 미발견						Fontsource·명시 별칭·jsDelivr 웹 검색에서 검증 가능한 패키지를 찾지 못함; Noonnu 조회 실패: HTTP 429
중앙중고딕	중앙중고딕	2	not-found	불가	불가	검증 가능한 웹폰트 파일 미발견						Fontsource·명시 별칭·jsDelivr 웹 검색에서 검증 가능한 패키지를 찾지 못함; Noonnu 조회 실패: HTTP 429
중앙태고딕	중앙태고딕	1	not-found	불가	불가	검증 가능한 웹폰트 파일 미발견						Fontsource·명시 별칭·jsDelivr 웹 검색에서 검증 가능한 패키지를 찾지 못함; Noonnu 조회 실패: HTTP 429
지영	지영	2	not-found	불가	불가	검증 가능한 웹폰트 파일 미발견						Fontsource·명시 별칭·jsDelivr 웹 검색에서 검증 가능한 패키지를 찾지 못함; Noonnu 조회 실패: HTTP 429
지희	지희	2	not-found	불가	불가	검증 가능한 웹폰트 파일 미발견						Fontsource·명시 별칭·jsDelivr 웹 검색에서 검증 가능한 패키지를 찾지 못함; Noonnu 조회 실패: HTTP 429
쪽자	쪽자	1	not-found	불가	불가	검증 가능한 웹폰트 파일 미발견						Fontsource·명시 별칭·jsDelivr 웹 검색에서 검증 가능한 패키지를 찾지 못함; Noonnu 조회 실패: HTTP 429
쭯꽀띵	쭯꽀띵	1	not-found	불가	불가	검증 가능한 웹폰트 파일 미발견						Fontsource·명시 별칭·jsDelivr 웹 검색에서 검증 가능한 패키지를 찾지 못함; Noonnu 조회 실패: HTTP 429
천리안체	천리안체	1	not-found	불가	불가	검증 가능한 웹폰트 파일 미발견						Fontsource·명시 별칭·jsDelivr 웹 검색에서 검증 가능한 패키지를 찾지 못함; Noonnu 조회 실패: HTTP 429
청춘M	청춘	2	not-found	불가	불가	검증 가능한 웹폰트 파일 미발견						Fontsource·명시 별칭·jsDelivr 웹 검색에서 검증 가능한 패키지를 찾지 못함; Noonnu 조회 실패: HTTP 429
黜■■	黜■■	1	not-found	불가	불가	검증 가능한 웹폰트 파일 미발견						Fontsource·명시 별칭·jsDelivr 웹 검색에서 검증 가능한 패키지를 찾지 못함; Noonnu 조회 실패: HTTP 429
칵	칵	2	not-found	불가	불가	검증 가능한 웹폰트 파일 미발견						Fontsource·명시 별칭·jsDelivr 웹 검색에서 검증 가능한 패키지를 찾지 못함; Noonnu 조회 실패: HTTP 429
칿?늸	칿?늸	3	not-found	불가	불가	검증 가능한 웹폰트 파일 미발견						Fontsource·명시 별칭·jsDelivr 웹 검색에서 검증 가능한 패키지를 찾지 못함; Noonnu 조회 실패: HTTP 429
큐닉스굴림체	큐닉스굴림체	1	not-found	불가	불가	검증 가능한 웹폰트 파일 미발견						Fontsource·명시 별칭·jsDelivr 웹 검색에서 검증 가능한 패키지를 찾지 못함; Noonnu 조회 실패: HTTP 429
키다리9	키다리9	1	not-found	불가	불가	검증 가능한 웹폰트 파일 미발견						Fontsource·명시 별칭·jsDelivr 웹 검색에서 검증 가능한 패키지를 찾지 못함; Noonnu 조회 실패: HTTP 429
타이포_씨고딕 120	타이포 씨고딕 120	2	not-found	불가	불가	검증 가능한 웹폰트 파일 미발견						Fontsource·명시 별칭·jsDelivr 웹 검색에서 검증 가능한 패키지를 찾지 못함; Noonnu 조회 실패: HTTP 429
타이포_씨고딕 140	타이포 씨고딕 140	2	not-found	불가	불가	검증 가능한 웹폰트 파일 미발견						Fontsource·명시 별칭·jsDelivr 웹 검색에서 검증 가능한 패키지를 찾지 못함; Noonnu 조회 실패: HTTP 429
타이프	타이프	11	not-found	불가	불가	검증 가능한 웹폰트 파일 미발견		@baneung-pack/effect				Fontsource·명시 별칭·jsDelivr 웹 검색에서 검증 가능한 패키지를 찾지 못함; Noonnu 조회 실패: HTTP 429
탈윤체B	탈윤체	2	not-found	불가	불가	검증 가능한 웹폰트 파일 미발견						Fontsource·명시 별칭·jsDelivr 웹 검색에서 검증 가능한 패키지를 찾지 못함; Noonnu 조회 실패: HTTP 429
탈윤체L	탈윤체	499	not-found	불가	불가	검증 가능한 웹폰트 파일 미발견						Fontsource·명시 별칭·jsDelivr 웹 검색에서 검증 가능한 패키지를 찾지 못함; Noonnu 조회 실패: HTTP 429
탈윤체M	탈윤체	3	not-found	불가	불가	검증 가능한 웹폰트 파일 미발견						Fontsource·명시 별칭·jsDelivr 웹 검색에서 검증 가능한 패키지를 찾지 못함; Noonnu 조회 실패: HTTP 429
태 가는 헤드라인D	태 가는 헤드라인d	19	not-found	불가	불가	검증 가능한 웹폰트 파일 미발견						Fontsource·명시 별칭·jsDelivr 웹 검색에서 검증 가능한 패키지를 찾지 못함; Noonnu 조회 실패: HTTP 429
태 가는 헤드라인T	태 가는 헤드라인t	84	not-found	불가	불가	검증 가능한 웹폰트 파일 미발견						Fontsource·명시 별칭·jsDelivr 웹 검색에서 검증 가능한 패키지를 찾지 못함; Noonnu 조회 실패: HTTP 429
태 나무	태 나무	101	not-found	불가	불가	검증 가능한 웹폰트 파일 미발견						Fontsource·명시 별칭·jsDelivr 웹 검색에서 검증 가능한 패키지를 찾지 못함; Noonnu 조회 실패: HTTP 429
태 헤드라인D	태 헤드라인d	18	not-found	불가	불가	검증 가능한 웹폰트 파일 미발견						Fontsource·명시 별칭·jsDelivr 웹 검색에서 검증 가능한 패키지를 찾지 못함; Noonnu 조회 실패: HTTP 429
태 헤드라인T	태 헤드라인t	29	not-found	불가	불가	검증 가능한 웹폰트 파일 미발견						Fontsource·명시 별칭·jsDelivr 웹 검색에서 검증 가능한 패키지를 찾지 못함; Noonnu 조회 실패: HTTP 429
태-조각브이R	태 조각브이	1	not-found	불가	불가	검증 가능한 웹폰트 파일 미발견						Fontsource·명시 별칭·jsDelivr 웹 검색에서 검증 가능한 패키지를 찾지 못함; Noonnu 조회 실패: HTTP 429
태-행복R	태 행복	19	not-found	불가	불가	검증 가능한 웹폰트 파일 미발견						Fontsource·명시 별칭·jsDelivr 웹 검색에서 검증 가능한 패키지를 찾지 못함; Noonnu 조회 실패: HTTP 429
태고딕	태고딕	941	not-found	불가	불가	검증 가능한 웹폰트 파일 미발견						Fontsource·명시 별칭·jsDelivr 웹 검색에서 검증 가능한 패키지를 찾지 못함; Noonnu 조회 실패: HTTP 429
태고딕V	태고딕v	1	not-found	불가	불가	검증 가능한 웹폰트 파일 미발견						Fontsource·명시 별칭·jsDelivr 웹 검색에서 검증 가능한 패키지를 찾지 못함; Noonnu 조회 실패: HTTP 429
태그래픽	태그래픽	8	not-found	불가	불가	검증 가능한 웹폰트 파일 미발견						Fontsource·명시 별칭·jsDelivr 웹 검색에서 검증 가능한 패키지를 찾지 못함; Noonnu 조회 실패: HTTP 429
태명조	태명조	273	not-found	불가	불가	검증 가능한 웹폰트 파일 미발견						Fontsource·명시 별칭·jsDelivr 웹 검색에서 검증 가능한 패키지를 찾지 못함; Noonnu 조회 실패: HTTP 429
태명조V	태명조v	1	not-found	불가	불가	검증 가능한 웹폰트 파일 미발견						Fontsource·명시 별칭·jsDelivr 웹 검색에서 검증 가능한 패키지를 찾지 못함; Noonnu 조회 실패: HTTP 429
태신명조	태신명조	38	not-found	불가	불가	검증 가능한 웹폰트 파일 미발견						Fontsource·명시 별칭·jsDelivr 웹 검색에서 검증 가능한 패키지를 찾지 못함; Noonnu 조회 실패: HTTP 429
파도체	파도체	8	not-found	불가	불가	검증 가능한 웹폰트 파일 미발견						Fontsource·명시 별칭·jsDelivr 웹 검색에서 검증 가능한 패키지를 찾지 못함; Noonnu 조회 실패: HTTP 429
파랑새B	파랑새	3	not-found	불가	불가	검증 가능한 웹폰트 파일 미발견						Fontsource·명시 별칭·jsDelivr 웹 검색에서 검증 가능한 패키지를 찾지 못함; Noonnu 조회 실패: HTTP 429
파랑새L	파랑새	1	not-found	불가	불가	검증 가능한 웹폰트 파일 미발견						Fontsource·명시 별칭·jsDelivr 웹 검색에서 검증 가능한 패키지를 찾지 못함; Noonnu 조회 실패: HTTP 429
파랑새M	파랑새	5	not-found	불가	불가	검증 가능한 웹폰트 파일 미발견						Fontsource·명시 별칭·jsDelivr 웹 검색에서 검증 가능한 패키지를 찾지 못함; Noonnu 조회 실패: HTTP 429
판결서체	판결서체	9	not-found	불가	불가	검증 가능한 웹폰트 파일 미발견						Fontsource·명시 별칭·jsDelivr 웹 검색에서 검증 가능한 패키지를 찾지 못함; Noonnu 조회 실패: HTTP 429
펜흘림	펜흘림	11	not-found	불가	불가	검증 가능한 웹폰트 파일 미발견						Fontsource·명시 별칭·jsDelivr 웹 검색에서 검증 가능한 패키지를 찾지 못함; Noonnu 조회 실패: HTTP 429
포천 오성과 한음 Regular	포천 오성과 한음	1	not-found	불가	불가	검증 가능한 웹폰트 파일 미발견		@noonnu/o-seongand-han-eum, @noonnu/oseongandhaneum				Fontsource·명시 별칭·jsDelivr 웹 검색에서 검증 가능한 패키지를 찾지 못함; Noonnu 조회 실패: HTTP 429
폴라리스새바탕-함초롬바탕호환	폴라리스새바탕 함초롬바탕호환	3	not-found	불가	불가	검증 가능한 웹폰트 파일 미발견						Fontsource·명시 별칭·jsDelivr 웹 검색에서 검증 가능한 패키지를 찾지 못함; Noonnu 조회 실패: HTTP 429
푸른전남	푸른전남	1	not-found	불가	불가	검증 가능한 웹폰트 파일 미발견		@noonnu/puren-jeonnam, @noonnu/purenjeonnam				Fontsource·명시 별칭·jsDelivr 웹 검색에서 검증 가능한 패키지를 찾지 못함; Noonnu 조회 실패: HTTP 429
푸른전남 Bold	푸른전남	1	not-found	불가	불가	검증 가능한 웹폰트 파일 미발견		@noonnu/puren-jeonnam, @noonnu/purenjeonnam				Fontsource·명시 별칭·jsDelivr 웹 검색에서 검증 가능한 패키지를 찾지 못함; Noonnu 조회 실패: HTTP 429
푸른전남 Medium	푸른전남	1	not-found	불가	불가	검증 가능한 웹폰트 파일 미발견		@noonnu/puren-jeonnam, @noonnu/purenjeonnam				Fontsource·명시 별칭·jsDelivr 웹 검색에서 검증 가능한 패키지를 찾지 못함; Noonnu 조회 실패: HTTP 429
푸른전남 Regular	푸른전남	1	not-found	불가	불가	검증 가능한 웹폰트 파일 미발견		@noonnu/puren-jeonnam, @noonnu/purenjeonnam				Fontsource·명시 별칭·jsDelivr 웹 검색에서 검증 가능한 패키지를 찾지 못함; Noonnu 조회 실패: HTTP 429
풀잎B	풀잎	2	not-found	불가	불가	검증 가능한 웹폰트 파일 미발견						Fontsource·명시 별칭·jsDelivr 웹 검색에서 검증 가능한 패키지를 찾지 못함; Noonnu 조회 실패: HTTP 429
풀잎L	풀잎	2	not-found	불가	불가	검증 가능한 웹폰트 파일 미발견						Fontsource·명시 별칭·jsDelivr 웹 검색에서 검증 가능한 패키지를 찾지 못함; Noonnu 조회 실패: HTTP 429
풀잎O	풀잎o	2	not-found	불가	불가	검증 가능한 웹폰트 파일 미발견						Fontsource·명시 별칭·jsDelivr 웹 검색에서 검증 가능한 패키지를 찾지 못함; Noonnu 조회 실패: HTTP 429
필기	필기	34	not-found	불가	불가	검증 가능한 웹폰트 파일 미발견						Fontsource·명시 별칭·jsDelivr 웹 검색에서 검증 가능한 패키지를 찾지 못함; Noonnu 조회 실패: HTTP 429
하이텔울릉도제목체	하이텔울릉도제목체	15	not-found	불가	불가	검증 가능한 웹폰트 파일 미발견						Fontsource·명시 별칭·jsDelivr 웹 검색에서 검증 가능한 패키지를 찾지 못함; Noonnu 조회 실패: HTTP 429
하회마을B	하회마을	3	not-found	불가	불가	검증 가능한 웹폰트 파일 미발견						Fontsource·명시 별칭·jsDelivr 웹 검색에서 검증 가능한 패키지를 찾지 못함; Noonnu 조회 실패: HTTP 429
하회마을L	하회마을	2	not-found	불가	불가	검증 가능한 웹폰트 파일 미발견						Fontsource·명시 별칭·jsDelivr 웹 검색에서 검증 가능한 패키지를 찾지 못함; Noonnu 조회 실패: HTTP 429
하회마을M	하회마을	2	not-found	불가	불가	검증 가능한 웹폰트 파일 미발견						Fontsource·명시 별칭·jsDelivr 웹 검색에서 검증 가능한 패키지를 찾지 못함; Noonnu 조회 실패: HTTP 429
한겨레결체	한겨레결체	1	not-found	불가	불가	검증 가능한 웹폰트 파일 미발견		@noonnu/hankc				Fontsource·명시 별칭·jsDelivr 웹 검색에서 검증 가능한 패키지를 찾지 못함; Noonnu 조회 실패: HTTP 429
한글 풀어쓰기	한글 풀어쓰기	9	not-found	불가	불가	검증 가능한 웹폰트 파일 미발견						Fontsource·명시 별칭·jsDelivr 웹 검색에서 검증 가능한 패키지를 찾지 못함; Noonnu 조회 실패: HTTP 429
한샘체C	한샘체c	1	not-found	불가	불가	검증 가능한 웹폰트 파일 미발견						Fontsource·명시 별칭·jsDelivr 웹 검색에서 검증 가능한 패키지를 찾지 못함; Noonnu 조회 실패: HTTP 429
한양견고딕	한양견고딕	1823	not-found	불가	불가	검증 가능한 웹폰트 파일 미발견						Fontsource·명시 별칭·jsDelivr 웹 검색에서 검증 가능한 패키지를 찾지 못함; Noonnu 조회 실패: HTTP 429
한양견명조	한양견명조	1438	not-found	불가	불가	검증 가능한 웹폰트 파일 미발견						Fontsource·명시 별칭·jsDelivr 웹 검색에서 검증 가능한 패키지를 찾지 못함; Noonnu 조회 실패: HTTP 429
한양궁서	한양궁서	316	not-found	불가	불가	검증 가능한 웹폰트 파일 미발견						Fontsource·명시 별칭·jsDelivr 웹 검색에서 검증 가능한 패키지를 찾지 못함; Noonnu 조회 실패: HTTP 429
한양그래픽	한양그래픽	166	not-found	불가	불가	검증 가능한 웹폰트 파일 미발견						Fontsource·명시 별칭·jsDelivr 웹 검색에서 검증 가능한 패키지를 찾지 못함; Noonnu 조회 실패: HTTP 429
한양신견명조	한양신견명조	1	not-found	불가	불가	검증 가능한 웹폰트 파일 미발견						Fontsource·명시 별칭·jsDelivr 웹 검색에서 검증 가능한 패키지를 찾지 못함; Noonnu 조회 실패: HTTP 429
한양신명조	한양신명조	7549	not-found	불가	불가	검증 가능한 웹폰트 파일 미발견						Fontsource·명시 별칭·jsDelivr 웹 검색에서 검증 가능한 패키지를 찾지 못함; Noonnu 조회 실패: HTTP 429
한양신명조V	한양신명조v	147	not-found	불가	불가	검증 가능한 웹폰트 파일 미발견						Fontsource·명시 별칭·jsDelivr 웹 검색에서 검증 가능한 패키지를 찾지 못함; Noonnu 조회 실패: HTTP 429
한양중고딕	한양중고딕	5170	not-found	불가	불가	검증 가능한 웹폰트 파일 미발견						Fontsource·명시 별칭·jsDelivr 웹 검색에서 검증 가능한 패키지를 찾지 못함; Noonnu 조회 실패: HTTP 429
한양중고딕V	한양중고딕v	55	not-found	불가	불가	검증 가능한 웹폰트 파일 미발견						Fontsource·명시 별칭·jsDelivr 웹 검색에서 검증 가능한 패키지를 찾지 못함; Noonnu 조회 실패: HTTP 429
한양태고딕	한양태고딕	15	not-found	불가	불가	검증 가능한 웹폰트 파일 미발견						Fontsource·명시 별칭·jsDelivr 웹 검색에서 검증 가능한 패키지를 찾지 못함; Noonnu 조회 실패: HTTP 429
한양태명조	한양태명조	2	not-found	불가	불가	검증 가능한 웹폰트 파일 미발견						Fontsource·명시 별칭·jsDelivr 웹 검색에서 검증 가능한 패키지를 찾지 못함; Noonnu 조회 실패: HTTP 429
한양해서	한양해서	40	not-found	불가	불가	검증 가능한 웹폰트 파일 미발견						Fontsource·명시 별칭·jsDelivr 웹 검색에서 검증 가능한 패키지를 찾지 못함; Noonnu 조회 실패: HTTP 429
한컴 고딕	한컴 고딕	41	not-found	불가	불가	검증 가능한 웹폰트 파일 미발견						Fontsource·명시 별칭·jsDelivr 웹 검색에서 검증 가능한 패키지를 찾지 못함; Noonnu 조회 실패: HTTP 429
한컴 백제 M	한컴 백제	12	not-found	불가	불가	검증 가능한 웹폰트 파일 미발견						Fontsource·명시 별칭·jsDelivr 웹 검색에서 검증 가능한 패키지를 찾지 못함; Noonnu 조회 실패: HTTP 429
한컴 소망 B	한컴 소망	7	not-found	불가	불가	검증 가능한 웹폰트 파일 미발견						Fontsource·명시 별칭·jsDelivr 웹 검색에서 검증 가능한 패키지를 찾지 못함; Noonnu 조회 실패: HTTP 429
한컴 소망 M	한컴 소망	5	not-found	불가	불가	검증 가능한 웹폰트 파일 미발견						Fontsource·명시 별칭·jsDelivr 웹 검색에서 검증 가능한 패키지를 찾지 못함; Noonnu 조회 실패: HTTP 429
한컴 솔잎 M	한컴 솔잎	3	not-found	불가	불가	검증 가능한 웹폰트 파일 미발견						Fontsource·명시 별칭·jsDelivr 웹 검색에서 검증 가능한 패키지를 찾지 못함; Noonnu 조회 실패: HTTP 429
한컴 윤고딕 230	한컴 윤고딕 230	37	not-found	불가	불가	검증 가능한 웹폰트 파일 미발견						Fontsource·명시 별칭·jsDelivr 웹 검색에서 검증 가능한 패키지를 찾지 못함; Noonnu 조회 실패: HTTP 429
한컴 윤고딕 240	한컴 윤고딕 240	44	not-found	불가	불가	검증 가능한 웹폰트 파일 미발견						Fontsource·명시 별칭·jsDelivr 웹 검색에서 검증 가능한 패키지를 찾지 못함; Noonnu 조회 실패: HTTP 429
한컴 윤고딕 250	한컴 윤고딕 250	11	not-found	불가	불가	검증 가능한 웹폰트 파일 미발견						Fontsource·명시 별칭·jsDelivr 웹 검색에서 검증 가능한 패키지를 찾지 못함; Noonnu 조회 실패: HTTP 429
한컴 윤고딕 720	한컴 윤고딕 720	19	not-found	불가	불가	검증 가능한 웹폰트 파일 미발견						Fontsource·명시 별칭·jsDelivr 웹 검색에서 검증 가능한 패키지를 찾지 못함; Noonnu 조회 실패: HTTP 429
한컴 윤고딕 740	한컴 윤고딕 740	1	not-found	불가	불가	검증 가능한 웹폰트 파일 미발견						Fontsource·명시 별칭·jsDelivr 웹 검색에서 검증 가능한 패키지를 찾지 못함; Noonnu 조회 실패: HTTP 429
한컴 윤고딕 760	한컴 윤고딕 760	1	not-found	불가	불가	검증 가능한 웹폰트 파일 미발견						Fontsource·명시 별칭·jsDelivr 웹 검색에서 검증 가능한 패키지를 찾지 못함; Noonnu 조회 실패: HTTP 429
한컴 윤체 B	한컴 윤체	2	not-found	불가	불가	검증 가능한 웹폰트 파일 미발견						Fontsource·명시 별칭·jsDelivr 웹 검색에서 검증 가능한 패키지를 찾지 못함; Noonnu 조회 실패: HTTP 429
한컴 윤체 L	한컴 윤체	1	not-found	불가	불가	검증 가능한 웹폰트 파일 미발견						Fontsource·명시 별칭·jsDelivr 웹 검색에서 검증 가능한 패키지를 찾지 못함; Noonnu 조회 실패: HTTP 429
한컴 윤체 M	한컴 윤체	1	not-found	불가	불가	검증 가능한 웹폰트 파일 미발견						Fontsource·명시 별칭·jsDelivr 웹 검색에서 검증 가능한 패키지를 찾지 못함; Noonnu 조회 실패: HTTP 429
한컴 쿨재즈 B	한컴 쿨재즈	7	not-found	불가	불가	검증 가능한 웹폰트 파일 미발견						Fontsource·명시 별칭·jsDelivr 웹 검색에서 검증 가능한 패키지를 찾지 못함; Noonnu 조회 실패: HTTP 429
한컴 쿨재즈 M	한컴 쿨재즈	1	not-found	불가	불가	검증 가능한 웹폰트 파일 미발견						Fontsource·명시 별칭·jsDelivr 웹 검색에서 검증 가능한 패키지를 찾지 못함; Noonnu 조회 실패: HTTP 429
한컴돋움	한컴돋움	495	available	가능	가능	공급 경로의 라이선스 단서와 CDN 응답 확인	jsDelivr GitHub	projectnoonnu/noonfonts_four	1.0	한컴 라이선스(비상업적 사용 허용 문구는 font-loader.ts 참조)	https://cdn.jsdelivr.net/gh/projectnoonnu/noonfonts_four@1.0/HCRDotum.woff	rhwp-studio font-loader.ts에 이미 등록된 배포본
한컴바탕	한컴바탕	5248	available	가능	가능	공급 경로의 라이선스 단서와 CDN 응답 확인	jsDelivr GitHub	projectnoonnu/noonfonts_2104	1.0	한컴 라이선스(비상업적 사용 허용 문구는 font-loader.ts 참조)	https://cdn.jsdelivr.net/gh/projectnoonnu/noonfonts_2104@1.0/HANBatang.woff	rhwp-studio font-loader.ts에 이미 등록된 배포본
한컴바탕확장	한컴바탕확장	11	not-found	불가	불가	검증 가능한 웹폰트 파일 미발견						Fontsource·명시 별칭·jsDelivr 웹 검색에서 검증 가능한 패키지를 찾지 못함; Noonnu 조회 실패: HTTP 429
한컴산뜻돋움	한컴산뜻돋움	16	available	가능	가능	공급 경로의 라이선스 단서와 CDN 응답 확인	jsDelivr GitHub	projectnoonnu/noonfonts_four	1.0	한컴 라이선스(비상업적 사용 허용 문구는 font-loader.ts 참조)	https://cdn.jsdelivr.net/gh/projectnoonnu/noonfonts_four@1.0/HCRDotum.woff	rhwp-studio font-loader.ts에 이미 등록된 배포본
함초롬돋움	함초롬돋움	3336	available	가능	가능	공급 경로의 라이선스 단서와 CDN 응답 확인	jsDelivr GitHub	projectnoonnu/noonfonts_four	1.0	한컴 라이선스(비상업적 사용 허용 문구는 font-loader.ts 참조)	https://cdn.jsdelivr.net/gh/projectnoonnu/noonfonts_four@1.0/HCRDotum.woff	rhwp-studio font-loader.ts에 이미 등록된 배포본
함초롬돋움 확장	함초롬돋움 확장	49	not-found	불가	불가	검증 가능한 웹폰트 파일 미발견						Fontsource·명시 별칭·jsDelivr 웹 검색에서 검증 가능한 패키지를 찾지 못함; Noonnu 조회 실패: HTTP 429
함초롬바탕	함초롬바탕	4370	available	가능	가능	공급 경로의 라이선스 단서와 CDN 응답 확인	jsDelivr GitHub	projectnoonnu/noonfonts_2104	1.0	한컴 라이선스(비상업적 사용 허용 문구는 font-loader.ts 참조)	https://cdn.jsdelivr.net/gh/projectnoonnu/noonfonts_2104@1.0/HANBatang.woff	rhwp-studio font-loader.ts에 이미 등록된 배포본
함초롬바탕 확장	함초롬바탕 확장	3	not-found	불가	불가	검증 가능한 웹폰트 파일 미발견						Fontsource·명시 별칭·jsDelivr 웹 검색에서 검증 가능한 패키지를 찾지 못함; Noonnu 조회 실패: HTTP 429
함초롬바탕 확장B	함초롬바탕 확장	74	not-found	불가	불가	검증 가능한 웹폰트 파일 미발견						Fontsource·명시 별칭·jsDelivr 웹 검색에서 검증 가능한 패키지를 찾지 못함; Noonnu 조회 실패: HTTP 429
해서 간자	해서 간자	10	not-found	불가	불가	검증 가능한 웹폰트 파일 미발견						Fontsource·명시 별칭·jsDelivr 웹 검색에서 검증 가능한 패키지를 찾지 못함; Noonnu 조회 실패: HTTP 429
해서 약자	해서 약자	14	not-found	불가	불가	검증 가능한 웹폰트 파일 미발견						Fontsource·명시 별칭·jsDelivr 웹 검색에서 검증 가능한 패키지를 찾지 못함; Noonnu 조회 실패: HTTP 429
해수체B	해수체	3	not-found	불가	불가	검증 가능한 웹폰트 파일 미발견						Fontsource·명시 별칭·jsDelivr 웹 검색에서 검증 가능한 패키지를 찾지 못함; Noonnu 조회 실패: HTTP 429
햄릿B	햄릿	2	not-found	불가	불가	검증 가능한 웹폰트 파일 미발견						Fontsource·명시 별칭·jsDelivr 웹 검색에서 검증 가능한 패키지를 찾지 못함; Noonnu 조회 실패: HTTP 429
햄릿L	햄릿	2	not-found	불가	불가	검증 가능한 웹폰트 파일 미발견						Fontsource·명시 별칭·jsDelivr 웹 검색에서 검증 가능한 패키지를 찾지 못함; Noonnu 조회 실패: HTTP 429
햄릿M	햄릿	2	not-found	불가	불가	검증 가능한 웹폰트 파일 미발견						Fontsource·명시 별칭·jsDelivr 웹 검색에서 검증 가능한 패키지를 찾지 못함; Noonnu 조회 실패: HTTP 429
햇살B	햇살	4	not-found	불가	불가	검증 가능한 웹폰트 파일 미발견						Fontsource·명시 별칭·jsDelivr 웹 검색에서 검증 가능한 패키지를 찾지 못함; Noonnu 조회 실패: HTTP 429
헤드라인	헤드라인	2	not-found	불가	불가	검증 가능한 웹폰트 파일 미발견						Fontsource·명시 별칭·jsDelivr 웹 검색에서 검증 가능한 패키지를 찾지 못함; Noonnu 조회 실패: HTTP 429
헤드라인A	헤드라인a	3	not-found	불가	불가	검증 가능한 웹폰트 파일 미발견						Fontsource·명시 별칭·jsDelivr 웹 검색에서 검증 가능한 패키지를 찾지 못함; Noonnu 조회 실패: HTTP 429
헤드라인B	헤드라인	1	not-found	불가	불가	검증 가능한 웹폰트 파일 미발견						Fontsource·명시 별칭·jsDelivr 웹 검색에서 검증 가능한 패키지를 찾지 못함; Noonnu 조회 실패: HTTP 429
현대보람체	현대보람체	1	not-found	불가	불가	검증 가능한 웹폰트 파일 미발견						Fontsource·명시 별칭·jsDelivr 웹 검색에서 검증 가능한 패키지를 찾지 못함; Noonnu 조회 실패: HTTP 429
형오	형오	2	not-found	불가	불가	검증 가능한 웹폰트 파일 미발견						Fontsource·명시 별칭·jsDelivr 웹 검색에서 검증 가능한 패키지를 찾지 못함; Noonnu 조회 실패: HTTP 429
화명조A	화명조a	3	not-found	불가	불가	검증 가능한 웹폰트 파일 미발견						Fontsource·명시 별칭·jsDelivr 웹 검색에서 검증 가능한 패키지를 찾지 못함; Noonnu 조회 실패: HTTP 429
화명조B	화명조	3	not-found	불가	불가	검증 가능한 웹폰트 파일 미발견						Fontsource·명시 별칭·jsDelivr 웹 검색에서 검증 가능한 패키지를 찾지 못함; Noonnu 조회 실패: HTTP 429
화살표	화살표	1	not-found	불가	불가	검증 가능한 웹폰트 파일 미발견						Fontsource·명시 별칭·jsDelivr 웹 검색에서 검증 가능한 패키지를 찾지 못함; Noonnu 조회 실패: HTTP 429
환붓예서(굵은)	환붓예서(굵은)	2	not-found	불가	불가	검증 가능한 웹폰트 파일 미발견						Fontsource·명시 별칭·jsDelivr 웹 검색에서 검증 가능한 패키지를 찾지 못함; Noonnu 조회 실패: HTTP 429
휴먼가는샘체	휴먼가는샘체	11	not-found	불가	불가	검증 가능한 웹폰트 파일 미발견						Fontsource·명시 별칭·jsDelivr 웹 검색에서 검증 가능한 패키지를 찾지 못함; Noonnu 조회 실패: HTTP 429
휴먼가는팸체	휴먼가는팸체	11	not-found	불가	불가	검증 가능한 웹폰트 파일 미발견						Fontsource·명시 별칭·jsDelivr 웹 검색에서 검증 가능한 패키지를 찾지 못함; Noonnu 조회 실패: HTTP 429
휴먼각진그래픽	휴먼각진그래픽	2	not-found	불가	불가	검증 가능한 웹폰트 파일 미발견						Fontsource·명시 별칭·jsDelivr 웹 검색에서 검증 가능한 패키지를 찾지 못함; Noonnu 조회 실패: HTTP 429
휴먼각진헤드라인	휴먼각진헤드라인	1	not-found	불가	불가	검증 가능한 웹폰트 파일 미발견						Fontsource·명시 별칭·jsDelivr 웹 검색에서 검증 가능한 패키지를 찾지 못함; Noonnu 조회 실패: HTTP 429
휴먼견출둥근고딕	휴먼견출둥근고딕	1	not-found	불가	불가	검증 가능한 웹폰트 파일 미발견						Fontsource·명시 별칭·jsDelivr 웹 검색에서 검증 가능한 패키지를 찾지 못함; Noonnu 조회 실패: HTTP 429
휴먼견출명조	휴먼견출명조	1	not-found	불가	불가	검증 가능한 웹폰트 파일 미발견						Fontsource·명시 별칭·jsDelivr 웹 검색에서 검증 가능한 패키지를 찾지 못함; Noonnu 조회 실패: HTTP 429
휴먼고딕	휴먼고딕	1309	not-found	불가	불가	검증 가능한 웹폰트 파일 미발견						Fontsource·명시 별칭·jsDelivr 웹 검색에서 검증 가능한 패키지를 찾지 못함; Noonnu 조회 실패: HTTP 429
휴먼고딕빅체	휴먼고딕빅체	1	not-found	불가	불가	검증 가능한 웹폰트 파일 미발견						Fontsource·명시 별칭·jsDelivr 웹 검색에서 검증 가능한 패키지를 찾지 못함; Noonnu 조회 실패: HTTP 429
휴먼굵은샘체	휴먼굵은샘체	11	not-found	불가	불가	검증 가능한 웹폰트 파일 미발견						Fontsource·명시 별칭·jsDelivr 웹 검색에서 검증 가능한 패키지를 찾지 못함; Noonnu 조회 실패: HTTP 429
휴먼굵은팸체	휴먼굵은팸체	10	not-found	불가	불가	검증 가능한 웹폰트 파일 미발견						Fontsource·명시 별칭·jsDelivr 웹 검색에서 검증 가능한 패키지를 찾지 못함; Noonnu 조회 실패: HTTP 429
휴먼나무	휴먼나무	1	not-found	불가	불가	검증 가능한 웹폰트 파일 미발견						Fontsource·명시 별칭·jsDelivr 웹 검색에서 검증 가능한 패키지를 찾지 못함; Noonnu 조회 실패: HTTP 429
휴먼둥근고딕	휴먼둥근고딕	2	not-found	불가	불가	검증 가능한 웹폰트 파일 미발견						Fontsource·명시 별칭·jsDelivr 웹 검색에서 검증 가능한 패키지를 찾지 못함; Noonnu 조회 실패: HTTP 429
휴먼둥근헤드라인	휴먼둥근헤드라인	40	not-found	불가	불가	검증 가능한 웹폰트 파일 미발견						Fontsource·명시 별칭·jsDelivr 웹 검색에서 검증 가능한 패키지를 찾지 못함; Noonnu 조회 실패: HTTP 429
휴먼매직체	휴먼매직체	12	not-found	불가	불가	검증 가능한 웹폰트 파일 미발견						Fontsource·명시 별칭·jsDelivr 웹 검색에서 검증 가능한 패키지를 찾지 못함; Noonnu 조회 실패: HTTP 429
휴먼명조	휴먼명조	6369	not-found	불가	불가	검증 가능한 웹폰트 파일 미발견						Fontsource·명시 별칭·jsDelivr 웹 검색에서 검증 가능한 패키지를 찾지 못함; Noonnu 조회 실패: HTTP 429
휴먼모음T	휴먼모음t	583	not-found	불가	불가	검증 가능한 웹폰트 파일 미발견						Fontsource·명시 별칭·jsDelivr 웹 검색에서 검증 가능한 패키지를 찾지 못함; Noonnu 조회 실패: HTTP 429
휴먼새내기체	휴먼새내기체	3	not-found	불가	불가	검증 가능한 웹폰트 파일 미발견						Fontsource·명시 별칭·jsDelivr 웹 검색에서 검증 가능한 패키지를 찾지 못함
휴먼세고딕	휴먼세고딕	2	not-found	불가	불가	검증 가능한 웹폰트 파일 미발견						Fontsource·명시 별칭·jsDelivr 웹 검색에서 검증 가능한 패키지를 찾지 못함
휴먼세명조	휴먼세명조	2	not-found	불가	불가	검증 가능한 웹폰트 파일 미발견						Fontsource·명시 별칭·jsDelivr 웹 검색에서 검증 가능한 패키지를 찾지 못함
휴먼세모음T	휴먼세모음t	5	not-found	불가	불가	검증 가능한 웹폰트 파일 미발견						Fontsource·명시 별칭·jsDelivr 웹 검색에서 검증 가능한 패키지를 찾지 못함
휴먼세엑스포	휴먼세엑스포	6	not-found	불가	불가	검증 가능한 웹폰트 파일 미발견						Fontsource·명시 별칭·jsDelivr 웹 검색에서 검증 가능한 패키지를 찾지 못함
휴먼신문고딕	휴먼신문고딕	4	not-found	불가	불가	검증 가능한 웹폰트 파일 미발견						Fontsource·명시 별칭·jsDelivr 웹 검색에서 검증 가능한 패키지를 찾지 못함
휴먼신문명조	휴먼신문명조	6	not-found	불가	불가	검증 가능한 웹폰트 파일 미발견						Fontsource·명시 별칭·jsDelivr 웹 검색에서 검증 가능한 패키지를 찾지 못함
휴먼아미체	휴먼아미체	6	not-found	불가	불가	검증 가능한 웹폰트 파일 미발견						Fontsource·명시 별칭·jsDelivr 웹 검색에서 검증 가능한 패키지를 찾지 못함
휴먼엑스포	휴먼엑스포	66	not-found	불가	불가	검증 가능한 웹폰트 파일 미발견						Fontsource·명시 별칭·jsDelivr 웹 검색에서 검증 가능한 패키지를 찾지 못함
휴먼옛체	휴먼옛체	405	not-found	불가	불가	검증 가능한 웹폰트 파일 미발견						Fontsource·명시 별칭·jsDelivr 웹 검색에서 검증 가능한 패키지를 찾지 못함
휴먼우린체	휴먼우린체	10	not-found	불가	불가	검증 가능한 웹폰트 파일 미발견						Fontsource·명시 별칭·jsDelivr 웹 검색에서 검증 가능한 패키지를 찾지 못함
휴먼중간샘체	휴먼중간샘체	11	not-found	불가	불가	검증 가능한 웹폰트 파일 미발견						Fontsource·명시 별칭·jsDelivr 웹 검색에서 검증 가능한 패키지를 찾지 못함
휴먼중간팸체	휴먼중간팸체	11	not-found	불가	불가	검증 가능한 웹폰트 파일 미발견						Fontsource·명시 별칭·jsDelivr 웹 검색에서 검증 가능한 패키지를 찾지 못함
휴먼태가람체	휴먼태가람체	2	not-found	불가	불가	검증 가능한 웹폰트 파일 미발견						Fontsource·명시 별칭·jsDelivr 웹 검색에서 검증 가능한 패키지를 찾지 못함
휴먼태가람체 전각	휴먼태가람체 전각	1	not-found	불가	불가	검증 가능한 웹폰트 파일 미발견						Fontsource·명시 별칭·jsDelivr 웹 검색에서 검증 가능한 패키지를 찾지 못함
휴먼태고딕	휴먼태고딕	1	not-found	불가	불가	검증 가능한 웹폰트 파일 미발견						Fontsource·명시 별칭·jsDelivr 웹 검색에서 검증 가능한 패키지를 찾지 못함
휴먼태엑스포	휴먼태엑스포	21	not-found	불가	불가	검증 가능한 웹폰트 파일 미발견						Fontsource·명시 별칭·jsDelivr 웹 검색에서 검증 가능한 패키지를 찾지 못함
휴먼편지체	휴먼편지체	9	not-found	불가	불가	검증 가능한 웹폰트 파일 미발견						Fontsource·명시 별칭·jsDelivr 웹 검색에서 검증 가능한 패키지를 찾지 못함
휴먼한자명조	휴먼한자명조	1	not-found	불가	불가	검증 가능한 웹폰트 파일 미발견						Fontsource·명시 별칭·jsDelivr 웹 검색에서 검증 가능한 패키지를 찾지 못함
휴먼SK태명조	휴먼sk태명조	16	not-found	불가	불가	검증 가능한 웹폰트 파일 미발견						Fontsource·명시 별칭·jsDelivr 웹 검색에서 검증 가능한 패키지를 찾지 못함
흥수	흥수	2	not-found	불가	불가	검증 가능한 웹폰트 파일 미발견						Fontsource·명시 별칭·jsDelivr 웹 검색에서 검증 가능한 패키지를 찾지 못함
ㄼ뀷■빡뾻■	ㄼ뀷■빡뾻■	1	not-found	불가	불가	검증 가능한 웹폰트 파일 미발견						Fontsource·명시 별칭·jsDelivr 웹 검색에서 검증 가능한 패키지를 찾지 못함
A001굵은안상수체	굵은안상수체	1	not-found	불가	불가	검증 가능한 웹폰트 파일 미발견		@alifd/theme-a001, @thinkeloquent/react-sec-dashboard-a001, module-a001				Fontsource·명시 별칭·jsDelivr 웹 검색에서 검증 가능한 패키지를 찾지 못함
A002굵은팸체	굵은팸체	1	not-found	불가	불가	검증 가능한 웹폰트 파일 미발견		aa002numberguessing				Fontsource·명시 별칭·jsDelivr 웹 검색에서 검증 가능한 패키지를 찾지 못함
A003굵은샘체윤곽	굵은샘체윤곽	1	not-found	불가	불가	검증 가능한 웹폰트 파일 미발견						Fontsource·명시 별칭·jsDelivr 웹 검색에서 검증 가능한 패키지를 찾지 못함
A004견출새내기	견출새내기	1	not-found	불가	불가	검증 가능한 웹폰트 파일 미발견						Fontsource·명시 별칭·jsDelivr 웹 검색에서 검증 가능한 패키지를 찾지 못함
A005안상수체	안상수체	1	not-found	불가	불가	검증 가능한 웹폰트 파일 미발견		a005-http				Fontsource·명시 별칭·jsDelivr 웹 검색에서 검증 가능한 패키지를 찾지 못함
A006가는팸체	가는팸체	1	not-found	불가	불가	검증 가능한 웹폰트 파일 미발견		a006-simple-calculator				Fontsource·명시 별칭·jsDelivr 웹 검색에서 검증 가능한 패키지를 찾지 못함
A007가는팸체윤곽	가는팸체윤곽	1	not-found	불가	불가	검증 가능한 웹폰트 파일 미발견		backup-cli-aa007				Fontsource·명시 별칭·jsDelivr 웹 검색에서 검증 가능한 패키지를 찾지 못함
A008안상수체	안상수체	1	not-found	불가	불가	검증 가능한 웹폰트 파일 미발견						Fontsource·명시 별칭·jsDelivr 웹 검색에서 검증 가능한 패키지를 찾지 못함
A009매직체	매직체	1	not-found	불가	불가	검증 가능한 웹폰트 파일 미발견		@coretext-ai/coretext-f3d67aff-a009-450e-9b22-a0c9f008a4b0				Fontsource·명시 별칭·jsDelivr 웹 검색에서 검증 가능한 패키지를 찾지 못함
A010봄빛체	봄빛체	1	not-found	불가	불가	검증 가능한 웹폰트 파일 미발견						Fontsource·명시 별칭·jsDelivr 웹 검색에서 검증 가능한 패키지를 찾지 못함
A011보람체	보람체	1	not-found	불가	불가	검증 가능한 웹폰트 파일 미발견						Fontsource·명시 별칭·jsDelivr 웹 검색에서 검증 가능한 패키지를 찾지 못함
A012보석체B	보석체	1	not-found	불가	불가	검증 가능한 웹폰트 파일 미발견		@coretext-ai/public-airtable-mcp-a1b2c3d4-e5f6-4789-a012-123456789012, @coretext-ai/public-salesforce-mcp-b1c2d3e4-f5a6-4789-a012-123456789012, @coretext-ai/qa-airtable-a1b2c3d4-e5f6-4789-a012-123456789012				Fontsource·명시 별칭·jsDelivr 웹 검색에서 검증 가능한 패키지를 찾지 못함
A013담비체	담비체	1	not-found	불가	불가	검증 가능한 웹폰트 파일 미발견						Fontsource·명시 별칭·jsDelivr 웹 검색에서 검증 가능한 패키지를 찾지 못함
A015언해체	언해체	1	not-found	불가	불가	검증 가능한 웹폰트 파일 미발견						Fontsource·명시 별칭·jsDelivr 웹 검색에서 검증 가능한 패키지를 찾지 못함
A016그리움체	그리움체	1	not-found	불가	불가	검증 가능한 웹폰트 파일 미발견						Fontsource·명시 별칭·jsDelivr 웹 검색에서 검증 가능한 패키지를 찾지 못함
A017가을	가을	1	lookup-error	확인 불가	확인 불가	공급 경로 조회 오류		@heartlandone/vega-sandbox-pr-2736-a017ab60f5145493a0f200c459d57939d610e2e9				jsDelivr 웹 검색 실패: HTTP 404
A018그림체	그림체	1	not-found	불가	불가	검증 가능한 웹폰트 파일 미발견		@codingame/monaco-vscode-0cc5da60-f921-59b9-bd8c-a018e93c0a6f-common				Fontsource·명시 별칭·jsDelivr 웹 검색에서 검증 가능한 패키지를 찾지 못함
A019고어명조	고어명조	1	not-found	불가	불가	검증 가능한 웹폰트 파일 미발견		@codingame/monaco-vscode-a793b3ee-7ba9-5176-a019-30ec806fdd95-common				Fontsource·명시 별칭·jsDelivr 웹 검색에서 검증 가능한 패키지를 찾지 못함
A020버들	버들	1	not-found	불가	불가	검증 가능한 웹폰트 파일 미발견		@a020091/components, kzx-a020b77b				Fontsource·명시 별칭·jsDelivr 웹 검색에서 검증 가능한 패키지를 찾지 못함
A021백송B	백송	1	not-found	불가	불가	검증 가능한 웹폰트 파일 미발견		a021-cli-calculator				Fontsource·명시 별칭·jsDelivr 웹 검색에서 검증 가능한 패키지를 찾지 못함
A022부활B	부활	1	not-found	불가	불가	검증 가능한 웹폰트 파일 미발견		@opentiny/vue-a0228, @codingame/monaco-vscode-a022e9a8-b522-5ea2-97c7-f3dda2b0b597-common				Fontsource·명시 별칭·jsDelivr 웹 검색에서 검증 가능한 패키지를 찾지 못함
A023부활L	부활	1	not-found	불가	불가	검증 가능한 웹폰트 파일 미발견		a023wm-todo-list				Fontsource·명시 별칭·jsDelivr 웹 검색에서 검증 가능한 패키지를 찾지 못함
A024크리스탈B	크리스탈	1	not-found	불가	불가	검증 가능한 웹폰트 파일 미발견						Fontsource·명시 별칭·jsDelivr 웹 검색에서 검증 가능한 패키지를 찾지 못함
A025크리스탈윤곽	크리스탈윤곽	1	not-found	불가	불가	검증 가능한 웹폰트 파일 미발견						Fontsource·명시 별칭·jsDelivr 웹 검색에서 검증 가능한 패키지를 찾지 못함
A026크리스탈L	크리스탈	1	not-found	불가	불가	검증 가능한 웹폰트 파일 미발견						Fontsource·명시 별칭·jsDelivr 웹 검색에서 검증 가능한 패키지를 찾지 못함
A027크리스탈M	크리스탈	1	not-found	불가	불가	검증 가능한 웹폰트 파일 미발견						Fontsource·명시 별칭·jsDelivr 웹 검색에서 검증 가능한 패키지를 찾지 못함
A028둥근고딕B	둥근고딕	1	not-found	불가	불가	검증 가능한 웹폰트 파일 미발견						Fontsource·명시 별칭·jsDelivr 웹 검색에서 검증 가능한 패키지를 찾지 못함
A029둥근고딕M	둥근고딕	1	not-found	불가	불가	검증 가능한 웹폰트 파일 미발견						Fontsource·명시 별칭·jsDelivr 웹 검색에서 검증 가능한 패키지를 찾지 못함
A030그래픽B	그래픽	1	not-found	불가	불가	검증 가능한 웹폰트 파일 미발견						Fontsource·명시 별칭·jsDelivr 웹 검색에서 검증 가능한 패키지를 찾지 못함
A031신그래픽M	신그래픽	1	not-found	불가	불가	검증 가능한 웹폰트 파일 미발견						Fontsource·명시 별칭·jsDelivr 웹 검색에서 검증 가능한 패키지를 찾지 못함
A032궁서B	궁서	1	not-found	불가	불가	검증 가능한 웹폰트 파일 미발견						Fontsource·명시 별칭·jsDelivr 웹 검색에서 검증 가능한 패키지를 찾지 못함; Noonnu 조회 실패: HTTP 429
A033태고딕	태고딕	3	not-found	불가	불가	검증 가능한 웹폰트 파일 미발견						Fontsource·명시 별칭·jsDelivr 웹 검색에서 검증 가능한 패키지를 찾지 못함
A034견고딕	견고딕	1	not-found	불가	불가	검증 가능한 웹폰트 파일 미발견		a0345y_todos, a034y_todos				Fontsource·명시 별칭·jsDelivr 웹 검색에서 검증 가능한 패키지를 찾지 못함; Noonnu 조회 실패: HTTP 429
A035세고딕	세고딕	1	not-found	불가	불가	검증 가능한 웹폰트 파일 미발견						Fontsource·명시 별칭·jsDelivr 웹 검색에서 검증 가능한 패키지를 찾지 못함
A036중고딕	중고딕	2	not-found	불가	불가	검증 가능한 웹폰트 파일 미발견						Fontsource·명시 별칭·jsDelivr 웹 검색에서 검증 가능한 패키지를 찾지 못함
A037특태고딕	특태고딕	1	not-found	불가	불가	검증 가능한 웹폰트 파일 미발견						Fontsource·명시 별칭·jsDelivr 웹 검색에서 검증 가능한 패키지를 찾지 못함
A038헤드윤곽	헤드윤곽	1	not-found	불가	불가	검증 가능한 웹폰트 파일 미발견						Fontsource·명시 별칭·jsDelivr 웹 검색에서 검증 가능한 패키지를 찾지 못함; Noonnu 조회 실패: HTTP 429
A039각헤드라인M	각헤드라인	2	not-found	불가	불가	검증 가능한 웹폰트 파일 미발견						Fontsource·명시 별칭·jsDelivr 웹 검색에서 검증 가능한 패키지를 찾지 못함; Noonnu 조회 실패: HTTP 429
A040헤드라인B	헤드라인	1	not-found	불가	불가	검증 가능한 웹폰트 파일 미발견						Fontsource·명시 별칭·jsDelivr 웹 검색에서 검증 가능한 패키지를 찾지 못함; Noonnu 조회 실패: HTTP 429
A041헤드라인M	헤드라인	1	not-found	불가	불가	검증 가능한 웹폰트 파일 미발견		@codingame/monaco-vscode-ca445022-b812-53ca-a041-e46c7e0b13de-common				Fontsource·명시 별칭·jsDelivr 웹 검색에서 검증 가능한 패키지를 찾지 못함; Noonnu 조회 실패: HTTP 429
A042해서合	해서合	1	not-found	불가	불가	검증 가능한 웹폰트 파일 미발견						Fontsource·명시 별칭·jsDelivr 웹 검색에서 검증 가능한 패키지를 찾지 못함; Noonnu 조회 실패: HTTP 429
A043진체	진체	1	not-found	불가	불가	검증 가능한 웹폰트 파일 미발견		@codingame/monaco-vscode-e571cbbb-526b-5d8b-92c5-a0437d2dabb3-common, kuda-luchshe-seichas-investirovat-a043su4t8				Fontsource·명시 별칭·jsDelivr 웹 검색에서 검증 가능한 패키지를 찾지 못함; Noonnu 조회 실패: HTTP 429
A044가시나무	가시나무	1	not-found	불가	불가	검증 가능한 웹폰트 파일 미발견						Fontsource·명시 별칭·jsDelivr 웹 검색에서 검증 가능한 패키지를 찾지 못함
A045도표	도표	1	not-found	불가	불가	검증 가능한 웹폰트 파일 미발견						Fontsource·명시 별칭·jsDelivr 웹 검색에서 검증 가능한 패키지를 찾지 못함; Noonnu 조회 실패: HTTP 429
A046신문명조VV	신문명조vv	1	not-found	불가	불가	검증 가능한 웹폰트 파일 미발견		a046				Fontsource·명시 별칭·jsDelivr 웹 검색에서 검증 가능한 패키지를 찾지 못함; Noonnu 조회 실패: HTTP 429
A047태명조	태명조	1	not-found	불가	불가	검증 가능한 웹폰트 파일 미발견						Fontsource·명시 별칭·jsDelivr 웹 검색에서 검증 가능한 패키지를 찾지 못함; Noonnu 조회 실패: HTTP 429
A048견명조	견명조	1	not-found	불가	불가	검증 가능한 웹폰트 파일 미발견						Fontsource·명시 별칭·jsDelivr 웹 검색에서 검증 가능한 패키지를 찾지 못함
A049세명조	세명조	1	not-found	불가	불가	검증 가능한 웹폰트 파일 미발견						Fontsource·명시 별칭·jsDelivr 웹 검색에서 검증 가능한 패키지를 찾지 못함; Noonnu 조회 실패: HTTP 429
A050중명조	중명조	1	not-found	불가	불가	검증 가능한 웹폰트 파일 미발견		a0506, @antchain/ak_a050edd0f07344eabd879166e7187ce5				Fontsource·명시 별칭·jsDelivr 웹 검색에서 검증 가능한 패키지를 찾지 못함; Noonnu 조회 실패: HTTP 429
A051 특견명조	특견명조	1	not-found	불가	불가	검증 가능한 웹폰트 파일 미발견						Fontsource·명시 별칭·jsDelivr 웹 검색에서 검증 가능한 패키지를 찾지 못함; Noonnu 조회 실패: HTTP 429
A052특신명조	특신명조	1	not-found	불가	불가	검증 가능한 웹폰트 파일 미발견		@codingame/monaco-vscode-9ed6fe06-a052-57c2-a234-5d9b94d2e7e0-common				Fontsource·명시 별칭·jsDelivr 웹 검색에서 검증 가능한 패키지를 찾지 못함; Noonnu 조회 실패: HTTP 429
A053신명조	신명조	1	not-found	불가	불가	검증 가능한 웹폰트 파일 미발견						Fontsource·명시 별칭·jsDelivr 웹 검색에서 검증 가능한 패키지를 찾지 못함; Noonnu 조회 실패: HTTP 429
A054목각파임B	목각파임	1	not-found	불가	불가	검증 가능한 웹폰트 파일 미발견						Fontsource·명시 별칭·jsDelivr 웹 검색에서 검증 가능한 패키지를 찾지 못함; Noonnu 조회 실패: HTTP 429
A055목각B	목각	1	not-found	불가	불가	검증 가능한 웹폰트 파일 미발견						Fontsource·명시 별칭·jsDelivr 웹 검색에서 검증 가능한 패키지를 찾지 못함; Noonnu 조회 실패: HTTP 429
A056목판파임B	목판파임	1	not-found	불가	불가	검증 가능한 웹폰트 파일 미발견						Fontsource·명시 별칭·jsDelivr 웹 검색에서 검증 가능한 패키지를 찾지 못함; Noonnu 조회 실패: HTTP 429
A057목판B	목판	1	not-found	불가	불가	검증 가능한 웹폰트 파일 미발견						Fontsource·명시 별칭·jsDelivr 웹 검색에서 검증 가능한 패키지를 찾지 못함; Noonnu 조회 실패: HTTP 429
A058목판L	목판	1	not-found	불가	불가	검증 가능한 웹폰트 파일 미발견						Fontsource·명시 별칭·jsDelivr 웹 검색에서 검증 가능한 패키지를 찾지 못함; Noonnu 조회 실패: HTTP 429
A059필기L	필기	1	not-found	불가	불가	검증 가능한 웹폰트 파일 미발견						Fontsource·명시 별칭·jsDelivr 웹 검색에서 검증 가능한 패키지를 찾지 못함; Noonnu 조회 실패: HTTP 429
A060엽서B	엽서	1	not-found	불가	불가	검증 가능한 웹폰트 파일 미발견		a0601mcalculator				Fontsource·명시 별칭·jsDelivr 웹 검색에서 검증 가능한 패키지를 찾지 못함; Noonnu 조회 실패: HTTP 429
A061엽서L	엽서	1	not-found	불가	불가	검증 가능한 웹폰트 파일 미발견		dowload_ebok_sykes_unfinished_agony_by_jamie_boyle_a0612				Fontsource·명시 별칭·jsDelivr 웹 검색에서 검증 가능한 패키지를 찾지 못함; Noonnu 조회 실패: HTTP 429
A062엽서M	엽서	1	not-found	불가	불가	검증 가능한 웹폰트 파일 미발견						Fontsource·명시 별칭·jsDelivr 웹 검색에서 검증 가능한 패키지를 찾지 못함; Noonnu 조회 실패: HTTP 429
A063얕은샘물B	얕은샘물	1	not-found	불가	불가	검증 가능한 웹폰트 파일 미발견		subhadip-a063				Fontsource·명시 별칭·jsDelivr 웹 검색에서 검증 가능한 패키지를 찾지 못함; Noonnu 조회 실패: HTTP 429
A064얕은샘물L	얕은샘물	1	not-found	불가	불가	검증 가능한 웹폰트 파일 미발견						Fontsource·명시 별칭·jsDelivr 웹 검색에서 검증 가능한 패키지를 찾지 못함; Noonnu 조회 실패: HTTP 429
A065얕은샘물M	얕은샘물	1	not-found	불가	불가	검증 가능한 웹폰트 파일 미발견						Fontsource·명시 별칭·jsDelivr 웹 검색에서 검증 가능한 패키지를 찾지 못함; Noonnu 조회 실패: HTTP 429
A066깊은샘물B	깊은샘물	1	not-found	불가	불가	검증 가능한 웹폰트 파일 미발견						Fontsource·명시 별칭·jsDelivr 웹 검색에서 검증 가능한 패키지를 찾지 못함; Noonnu 조회 실패: HTTP 429
A067깊은샘물M	깊은샘물	1	not-found	불가	불가	검증 가능한 웹폰트 파일 미발견						Fontsource·명시 별칭·jsDelivr 웹 검색에서 검증 가능한 패키지를 찾지 못함; Noonnu 조회 실패: HTTP 429
A068센스B	센스	1	not-found	불가	불가	검증 가능한 웹폰트 파일 미발견						Fontsource·명시 별칭·jsDelivr 웹 검색에서 검증 가능한 패키지를 찾지 못함; Noonnu 조회 실패: HTTP 429
A069센스L	센스	1	not-found	불가	불가	검증 가능한 웹폰트 파일 미발견						Fontsource·명시 별칭·jsDelivr 웹 검색에서 검증 가능한 패키지를 찾지 못함; Noonnu 조회 실패: HTTP 429
A070예솔B	예솔	1	not-found	불가	불가	검증 가능한 웹폰트 파일 미발견						Fontsource·명시 별칭·jsDelivr 웹 검색에서 검증 가능한 패키지를 찾지 못함; Noonnu 조회 실패: HTTP 429
A071수평선B	수평선	1	not-found	불가	불가	검증 가능한 웹폰트 파일 미발견						Fontsource·명시 별칭·jsDelivr 웹 검색에서 검증 가능한 패키지를 찾지 못함; Noonnu 조회 실패: HTTP 429
A072수평선E	수평선e	1	not-found	불가	불가	검증 가능한 웹폰트 파일 미발견		@alifd/theme-a0724				Fontsource·명시 별칭·jsDelivr 웹 검색에서 검증 가능한 패키지를 찾지 못함; Noonnu 조회 실패: HTTP 429
A073수평선M	수평선	1	not-found	불가	불가	검증 가능한 웹폰트 파일 미발견						Fontsource·명시 별칭·jsDelivr 웹 검색에서 검증 가능한 패키지를 찾지 못함; Noonnu 조회 실패: HTTP 429
A074타자B	타자	1	not-found	불가	불가	검증 가능한 웹폰트 파일 미발견						Fontsource·명시 별칭·jsDelivr 웹 검색에서 검증 가능한 패키지를 찾지 못함; Noonnu 조회 실패: HTTP 429
A075타자M	타자	1	not-found	불가	불가	검증 가능한 웹폰트 파일 미발견						Fontsource·명시 별칭·jsDelivr 웹 검색에서 검증 가능한 패키지를 찾지 못함; Noonnu 조회 실패: HTTP 429
A076타자전각B	타자전각	1	not-found	불가	불가	검증 가능한 웹폰트 파일 미발견						Fontsource·명시 별칭·jsDelivr 웹 검색에서 검증 가능한 패키지를 찾지 못함; Noonnu 조회 실패: HTTP 429
A077타자전각M	타자전각	1	not-found	불가	불가	검증 가능한 웹폰트 파일 미발견						Fontsource·명시 별칭·jsDelivr 웹 검색에서 검증 가능한 패키지를 찾지 못함; Noonnu 조회 실패: HTTP 429
A078태백B	태백	1	not-found	불가	불가	검증 가능한 웹폰트 파일 미발견						Fontsource·명시 별칭·jsDelivr 웹 검색에서 검증 가능한 패키지를 찾지 못함; Noonnu 조회 실패: HTTP 429
A079울릉도B	울릉도	1	not-found	불가	불가	검증 가능한 웹폰트 파일 미발견						Fontsource·명시 별칭·jsDelivr 웹 검색에서 검증 가능한 패키지를 찾지 못함; Noonnu 조회 실패: HTTP 429
A080울릉도E	울릉도e	1	not-found	불가	불가	검증 가능한 웹폰트 파일 미발견						Fontsource·명시 별칭·jsDelivr 웹 검색에서 검증 가능한 패키지를 찾지 못함; Noonnu 조회 실패: HTTP 429
A081울릉도L	울릉도	2	not-found	불가	불가	검증 가능한 웹폰트 파일 미발견						Fontsource·명시 별칭·jsDelivr 웹 검색에서 검증 가능한 패키지를 찾지 못함; Noonnu 조회 실패: HTTP 429
A082울릉도M	울릉도	2	not-found	불가	불가	검증 가능한 웹폰트 파일 미발견		a0828				Fontsource·명시 별칭·jsDelivr 웹 검색에서 검증 가능한 패키지를 찾지 못함; Noonnu 조회 실패: HTTP 429
A083옛글B	옛글	1	not-found	불가	불가	검증 가능한 웹폰트 파일 미발견						Fontsource·명시 별칭·jsDelivr 웹 검색에서 검증 가능한 패키지를 찾지 못함; Noonnu 조회 실패: HTTP 429
A084옛글M	옛글	1	not-found	불가	불가	검증 가능한 웹폰트 파일 미발견						Fontsource·명시 별칭·jsDelivr 웹 검색에서 검증 가능한 패키지를 찾지 못함; Noonnu 조회 실패: HTTP 429
A085예서M	예서	1	not-found	불가	불가	검증 가능한 웹폰트 파일 미발견		@codingame/monaco-vscode-af7aa6ff-f023-5da1-803d-a085ef0e5dc3-common				Fontsource·명시 별칭·jsDelivr 웹 검색에서 검증 가능한 패키지를 찾지 못함; Noonnu 조회 실패: HTTP 429
A086해례체	해례체	1	not-found	불가	불가	검증 가능한 웹폰트 파일 미발견						Fontsource·명시 별칭·jsDelivr 웹 검색에서 검증 가능한 패키지를 찾지 못함; Noonnu 조회 실패: HTTP 429
A087아트체	아트체	1	not-found	불가	불가	검증 가능한 웹폰트 파일 미발견						Fontsource·명시 별칭·jsDelivr 웹 검색에서 검증 가능한 패키지를 찾지 못함; Noonnu 조회 실패: HTTP 429
A088행복체M	행복체	1	not-found	불가	불가	검증 가능한 웹폰트 파일 미발견						Fontsource·명시 별칭·jsDelivr 웹 검색에서 검증 가능한 패키지를 찾지 못함; Noonnu 조회 실패: HTTP 429
a고딕13	a고딕13	1	not-found	불가	불가	검증 가능한 웹폰트 파일 미발견						Fontsource·명시 별칭·jsDelivr 웹 검색에서 검증 가능한 패키지를 찾지 못함; Noonnu 조회 실패: HTTP 429
Abadi MT Condensed Light	abadi mt condensed	1	not-found	불가	불가	검증 가능한 웹폰트 파일 미발견		abadi-calculator, abadi-microservice, epic-abadi				Fontsource·명시 별칭·jsDelivr 웹 검색에서 검증 가능한 패키지를 찾지 못함; Noonnu 조회 실패: HTTP 429
Adobe 고딕 Std B	adobe 고딕 std	1	not-found	불가	불가	검증 가능한 웹폰트 파일 미발견		@adobe/css-tools, @adobe/magento-storefront-events-sdk, @adobe/magento-storefront-event-collector				Fontsource·명시 별칭·jsDelivr 웹 검색에서 검증 가능한 패키지를 찾지 못함; Noonnu 조회 실패: HTTP 429
Adobe 명조 Std M	adobe 명조 std	3	not-found	불가	불가	검증 가능한 웹폰트 파일 미발견		@adobe/css-tools, @adobe/magento-storefront-events-sdk, @adobe/magento-storefront-event-collector				Fontsource·명시 별칭·jsDelivr 웹 검색에서 검증 가능한 패키지를 찾지 못함; Noonnu 조회 실패: HTTP 429
Adobe Arabic	adobe arabic	1	not-found	불가	불가	검증 가능한 웹폰트 파일 미발견		@adobe/css-tools, @adobe/magento-storefront-events-sdk, @adobe/magento-storefront-event-collector				Fontsource·명시 별칭·jsDelivr 웹 검색에서 검증 가능한 패키지를 찾지 못함; Noonnu 조회 실패: HTTP 429
Adobe Caslon Pro	adobe caslon pro	1	license-review	가능	라이선스 검토 필요	CDN 응답은 확인했지만 원 권리자의 웹 사용 허가를 확인하지 못함	OnlineWebFonts	onlinewebfonts:29e49f6f4a693b2e8b913296fa6afd37	29e49f6f4a693b2e8b913296fa6afd37	원 권리자 웹 사용 허가 미확인	https://db.onlinewebfonts.com/t/29e49f6f4a693b2e8b913296fa6afd37.woff2	OnlineWebFonts WOFF2 응답 확인 (https://www.onlinewebfonts.com/download/29e49f6f4a693b2e8b913296fa6afd37); 실제 서비스 배포 전 원 권리자 사용 허가 확인 필요
Adobe Caslon Pro Bold	adobe caslon pro	1	license-review	가능	라이선스 검토 필요	CDN 응답은 확인했지만 원 권리자의 웹 사용 허가를 확인하지 못함	OnlineWebFonts	onlinewebfonts:29e49f6f4a693b2e8b913296fa6afd37	29e49f6f4a693b2e8b913296fa6afd37	원 권리자 웹 사용 허가 미확인	https://db.onlinewebfonts.com/t/29e49f6f4a693b2e8b913296fa6afd37.woff2	OnlineWebFonts WOFF2 응답 확인 (https://www.onlinewebfonts.com/download/29e49f6f4a693b2e8b913296fa6afd37); 실제 서비스 배포 전 원 권리자 사용 허가 확인 필요
Adobe Fan Heiti Std B	adobe fan heiti std	1	license-review	가능	라이선스 검토 필요	CDN 응답은 확인했지만 원 권리자의 웹 사용 허가를 확인하지 못함	OnlineWebFonts	onlinewebfonts:5d71ab7f83a03ffd46d4160baecbb594	5d71ab7f83a03ffd46d4160baecbb594	원 권리자 웹 사용 허가 미확인	https://db.onlinewebfonts.com/t/5d71ab7f83a03ffd46d4160baecbb594.woff2	OnlineWebFonts WOFF2 응답 확인 (https://www.onlinewebfonts.com/download/5d71ab7f83a03ffd46d4160baecbb594); 실제 서비스 배포 전 원 권리자 사용 허가 확인 필요
Adobe Fangsong Std R	adobe fangsong std	1	not-found	불가	불가	검증 가능한 웹폰트 파일 미발견		@adobe/css-tools, @adobe/magento-storefront-events-sdk, @adobe/magento-storefront-event-collector				Fontsource·명시 별칭·jsDelivr 웹 검색에서 검증 가능한 패키지를 찾지 못함; Noonnu 조회 실패: HTTP 429
Adobe Garamond Pro	adobe garamond pro	1	license-review	가능	라이선스 검토 필요	CDN 응답은 확인했지만 원 권리자의 웹 사용 허가를 확인하지 못함	OnlineWebFonts	onlinewebfonts:51157ad3dd3870275b23205b1fe962bf	51157ad3dd3870275b23205b1fe962bf	원 권리자 웹 사용 허가 미확인	https://db.onlinewebfonts.com/t/51157ad3dd3870275b23205b1fe962bf.woff2	OnlineWebFonts WOFF2 응답 확인 (https://www.onlinewebfonts.com/download/51157ad3dd3870275b23205b1fe962bf); 실제 서비스 배포 전 원 권리자 사용 허가 확인 필요
Adobe Garamond Pro Bold	adobe garamond pro	1	license-review	가능	라이선스 검토 필요	CDN 응답은 확인했지만 원 권리자의 웹 사용 허가를 확인하지 못함	OnlineWebFonts	onlinewebfonts:51157ad3dd3870275b23205b1fe962bf	51157ad3dd3870275b23205b1fe962bf	원 권리자 웹 사용 허가 미확인	https://db.onlinewebfonts.com/t/51157ad3dd3870275b23205b1fe962bf.woff2	OnlineWebFonts WOFF2 응답 확인 (https://www.onlinewebfonts.com/download/51157ad3dd3870275b23205b1fe962bf); 실제 서비스 배포 전 원 권리자 사용 허가 확인 필요
Adobe Gothic Std L	adobe gothic std	2	not-found	불가	불가	검증 가능한 웹폰트 파일 미발견		@adobe/css-tools, @adobe/magento-storefront-events-sdk, @adobe/magento-storefront-event-collector				Fontsource·명시 별칭·jsDelivr 웹 검색에서 검증 가능한 패키지를 찾지 못함; Noonnu 조회 실패: HTTP 429
Adobe Hebrew	adobe hebrew	1	not-found	불가	불가	검증 가능한 웹폰트 파일 미발견		@adobe/css-tools, @adobe/magento-storefront-events-sdk, @adobe/magento-storefront-event-collector				Fontsource·명시 별칭·jsDelivr 웹 검색에서 검증 가능한 패키지를 찾지 못함; Noonnu 조회 실패: HTTP 429
Adobe Heiti Std R	adobe heiti std	1	not-found	불가	불가	검증 가능한 웹폰트 파일 미발견		@adobe/css-tools, @adobe/magento-storefront-events-sdk, @adobe/magento-storefront-event-collector				Fontsource·명시 별칭·jsDelivr 웹 검색에서 검증 가능한 패키지를 찾지 못함; Noonnu 조회 실패: HTTP 429
Adobe Kaiti Std R	adobe kaiti std	1	not-found	불가	불가	검증 가능한 웹폰트 파일 미발견		@adobe/css-tools, @adobe/magento-storefront-events-sdk, @adobe/magento-storefront-event-collector				Fontsource·명시 별칭·jsDelivr 웹 검색에서 검증 가능한 패키지를 찾지 못함; Noonnu 조회 실패: HTTP 429
Adobe Ming Std L	adobe ming std	1	not-found	불가	불가	검증 가능한 웹폰트 파일 미발견		@adobe/css-tools, @adobe/magento-storefront-events-sdk, @adobe/magento-storefront-event-collector				Fontsource·명시 별칭·jsDelivr 웹 검색에서 검증 가능한 패키지를 찾지 못함; Noonnu 조회 실패: HTTP 429
Adobe Song Std L	adobe song std	1	not-found	불가	불가	검증 가능한 웹폰트 파일 미발견		@adobe/css-tools, @adobe/magento-storefront-events-sdk, @adobe/magento-storefront-event-collector				Fontsource·명시 별칭·jsDelivr 웹 검색에서 검증 가능한 패키지를 찾지 못함; Noonnu 조회 실패: HTTP 429
AdvPSUnv-L	advpsunv	1	not-found	불가	불가	검증 가능한 웹폰트 파일 미발견						Fontsource·명시 별칭·jsDelivr 웹 검색에서 검증 가능한 패키지를 찾지 못함; Noonnu 조회 실패: HTTP 429
Agency FB	agency fb	3	license-review	가능	라이선스 검토 필요	CDN 응답은 확인했지만 원 권리자의 웹 사용 허가를 확인하지 못함	OnlineWebFonts	onlinewebfonts:7a9ddc1b445c1713f7ad1cf3de47edd7	7a9ddc1b445c1713f7ad1cf3de47edd7	원 권리자 웹 사용 허가 미확인	https://db.onlinewebfonts.com/t/7a9ddc1b445c1713f7ad1cf3de47edd7.woff2	OnlineWebFonts WOFF2 응답 확인 (https://www.onlinewebfonts.com/download/7a9ddc1b445c1713f7ad1cf3de47edd7); 실제 서비스 배포 전 원 권리자 사용 허가 확인 필요
Aharoni	aharoni	1	license-review	가능	라이선스 검토 필요	CDN 응답은 확인했지만 원 권리자의 웹 사용 허가를 확인하지 못함	OnlineWebFonts	onlinewebfonts:f93b4e44db468940f41bf6580ec35968	f93b4e44db468940f41bf6580ec35968	원 권리자 웹 사용 허가 미확인	https://db.onlinewebfonts.com/t/f93b4e44db468940f41bf6580ec35968.woff2	OnlineWebFonts WOFF2 응답 확인 (https://www.onlinewebfonts.com/download/f93b4e44db468940f41bf6580ec35968); 실제 서비스 배포 전 원 권리자 사용 허가 확인 필요
Algerian	algerian	3	license-review	가능	라이선스 검토 필요	CDN 응답은 확인했지만 원 권리자의 웹 사용 허가를 확인하지 못함	OnlineWebFonts	onlinewebfonts:c144af7d488f9069913d40dee3cd1f70	c144af7d488f9069913d40dee3cd1f70	원 권리자 웹 사용 허가 미확인	https://db.onlinewebfonts.com/t/c144af7d488f9069913d40dee3cd1f70.woff2	OnlineWebFonts WOFF2 응답 확인 (https://www.onlinewebfonts.com/download/c144af7d488f9069913d40dee3cd1f70); 실제 서비스 배포 전 원 권리자 사용 허가 확인 필요
Alienator	alienator	1	license-review	가능	라이선스 검토 필요	CDN 응답은 확인했지만 원 권리자의 웹 사용 허가를 확인하지 못함	OnlineWebFonts	onlinewebfonts:c014327cac8be50a8656d033ce24288e	c014327cac8be50a8656d033ce24288e	원 권리자 웹 사용 허가 미확인	https://db.onlinewebfonts.com/t/c014327cac8be50a8656d033ce24288e.woff2	OnlineWebFonts WOFF2 응답 확인 (https://www.onlinewebfonts.com/download/c014327cac8be50a8656d033ce24288e); 실제 서비스 배포 전 원 권리자 사용 허가 확인 필요
All-Hearts	all hearts	1	not-found	불가	불가	검증 가능한 웹폰트 파일 미발견						Fontsource·명시 별칭·jsDelivr 웹 검색에서 검증 가능한 패키지를 찾지 못함; Noonnu 조회 실패: HTTP 429
AmericanIndian	americanindian	1	not-found	불가	불가	검증 가능한 웹폰트 파일 미발견						Fontsource·명시 별칭·jsDelivr 웹 검색에서 검증 가능한 패키지를 찾지 못함; Noonnu 조회 실패: HTTP 429
AmeriGarmnd BT	amerigarmnd bt	143	license-review	가능	라이선스 검토 필요	CDN 응답은 확인했지만 원 권리자의 웹 사용 허가를 확인하지 못함	OnlineWebFonts	onlinewebfonts:5dbbb35318f7b9fd3db52618337e56a6	5dbbb35318f7b9fd3db52618337e56a6	원 권리자 웹 사용 허가 미확인	https://db.onlinewebfonts.com/t/5dbbb35318f7b9fd3db52618337e56a6.woff2	OnlineWebFonts WOFF2 응답 확인 (https://www.onlinewebfonts.com/download/5dbbb35318f7b9fd3db52618337e56a6); 실제 서비스 배포 전 원 권리자 사용 허가 확인 필요
Andalus	andalus	1	license-review	가능	라이선스 검토 필요	CDN 응답은 확인했지만 원 권리자의 웹 사용 허가를 확인하지 못함	OnlineWebFonts	onlinewebfonts:8269ea45efd48785edffb3ed85a5dc8a	8269ea45efd48785edffb3ed85a5dc8a	원 권리자 웹 사용 허가 미확인	https://db.onlinewebfonts.com/t/8269ea45efd48785edffb3ed85a5dc8a.woff2	OnlineWebFonts WOFF2 응답 확인 (https://www.onlinewebfonts.com/download/8269ea45efd48785edffb3ed85a5dc8a); 실제 서비스 배포 전 원 권리자 사용 허가 확인 필요
Angsana New	angsana new	2	license-review	가능	라이선스 검토 필요	CDN 응답은 확인했지만 원 권리자의 웹 사용 허가를 확인하지 못함	OnlineWebFonts	onlinewebfonts:e6a66ad34a680b8090172c85e4fece1d	e6a66ad34a680b8090172c85e4fece1d	원 권리자 웹 사용 허가 미확인	https://db.onlinewebfonts.com/t/e6a66ad34a680b8090172c85e4fece1d.woff2	OnlineWebFonts WOFF2 응답 확인 (https://www.onlinewebfonts.com/download/e6a66ad34a680b8090172c85e4fece1d); 실제 서비스 배포 전 원 권리자 사용 허가 확인 필요
AngsanaUPC	angsanaupc	1	license-review	가능	라이선스 검토 필요	CDN 응답은 확인했지만 원 권리자의 웹 사용 허가를 확인하지 못함	OnlineWebFonts	onlinewebfonts:070f54e1790ee0a495de46729b974b57	070f54e1790ee0a495de46729b974b57	원 권리자 웹 사용 허가 미확인	https://db.onlinewebfonts.com/t/070f54e1790ee0a495de46729b974b57.woff2	OnlineWebFonts WOFF2 응답 확인 (https://www.onlinewebfonts.com/download/070f54e1790ee0a495de46729b974b57); 실제 서비스 배포 전 원 권리자 사용 허가 확인 필요
AnimalTracks	animaltracks	1	license-review	가능	라이선스 검토 필요	CDN 응답은 확인했지만 원 권리자의 웹 사용 허가를 확인하지 못함	OnlineWebFonts	onlinewebfonts:9a4989d9060a01b397f182b24ad8e966	9a4989d9060a01b397f182b24ad8e966	원 권리자 웹 사용 허가 미확인	https://db.onlinewebfonts.com/t/9a4989d9060a01b397f182b24ad8e966.woff2	OnlineWebFonts WOFF2 응답 확인 (https://www.onlinewebfonts.com/download/9a4989d9060a01b397f182b24ad8e966); 실제 서비스 배포 전 원 권리자 사용 허가 확인 필요
Animations	animations	1	license-review	가능	라이선스 검토 필요	CDN 응답은 확인했지만 원 권리자의 웹 사용 허가를 확인하지 못함	OnlineWebFonts	onlinewebfonts:76819622c5429f897cc183240b1c4fa9	76819622c5429f897cc183240b1c4fa9	원 권리자 웹 사용 허가 미확인	https://db.onlinewebfonts.com/t/76819622c5429f897cc183240b1c4fa9.woff2	OnlineWebFonts WOFF2 응답 확인 (https://www.onlinewebfonts.com/download/76819622c5429f897cc183240b1c4fa9); 실제 서비스 배포 전 원 권리자 사용 허가 확인 필요
Ann	ann	1	not-found	불가	불가	검증 가능한 웹폰트 파일 미발견		@babel/helper-annotate-as-pure, @babel/plugin-transform-react-pure-annotations, @sentry/babel-plugin-component-annotate				Fontsource·명시 별칭·jsDelivr 웹 검색에서 검증 가능한 패키지를 찾지 못함; Noonnu 조회 실패: HTTP 429
Aparajita	aparajita	1	license-review	가능	라이선스 검토 필요	CDN 응답은 확인했지만 원 권리자의 웹 사용 허가를 확인하지 못함	OnlineWebFonts	onlinewebfonts:0a5b5c55b73f577ff4ac8c9c31b4c183	0a5b5c55b73f577ff4ac8c9c31b4c183	원 권리자 웹 사용 허가 미확인	https://db.onlinewebfonts.com/t/0a5b5c55b73f577ff4ac8c9c31b4c183.woff2	OnlineWebFonts WOFF2 응답 확인 (https://www.onlinewebfonts.com/download/0a5b5c55b73f577ff4ac8c9c31b4c183); 실제 서비스 배포 전 원 권리자 사용 허가 확인 필요
Apple SD 산돌고딕 Neo 일반체	apple sd 산돌고딕 neo 일반체	1	available	가능	라이선스 검토 필요	CDN 응답은 확인했지만 패키지 라이선스 근거가 부족함	jsDelivr 웹 검색	font-applesdgothicneo	1.0.3	패키지 메타데이터 미확인	https://cdn.jsdelivr.net/npm/font-applesdgothicneo@1.0.3/fonts/100_AppleSDGothicNeo-Thin.otf	jsDelivr 웹 검색 후 실제 CDN 글꼴 파일 응답 확인
AppleGothic	applegothic	2	not-found	불가	불가	검증 가능한 웹폰트 파일 미발견						Fontsource·명시 별칭·jsDelivr 웹 검색에서 검증 가능한 패키지를 찾지 못함; Noonnu 조회 실패: HTTP 429
AppleSDGothicNeo-Regular	applesdgothicneo	1	license-review	가능	라이선스 검토 필요	CDN 응답은 확인했지만 원 권리자의 웹 사용 허가를 확인하지 못함	OnlineWebFonts	onlinewebfonts:af573d25034c111598327fb4d8c11a5a	af573d25034c111598327fb4d8c11a5a	원 권리자 웹 사용 허가 미확인	https://db.onlinewebfonts.com/t/af573d25034c111598327fb4d8c11a5a.woff2	OnlineWebFonts WOFF2 응답 확인 (https://www.onlinewebfonts.com/download/af573d25034c111598327fb4d8c11a5a); 실제 서비스 배포 전 원 권리자 사용 허가 확인 필요
Aptos	aptos	4	license-review	가능	라이선스 검토 필요	CDN 응답은 확인했지만 원 권리자의 웹 사용 허가를 확인하지 못함	OnlineWebFonts	onlinewebfonts:7dd5f4bf5d38875ca1822a830b6e6fe4	7dd5f4bf5d38875ca1822a830b6e6fe4	원 권리자 웹 사용 허가 미확인	https://db.onlinewebfonts.com/t/7dd5f4bf5d38875ca1822a830b6e6fe4.woff2	OnlineWebFonts WOFF2 응답 확인 (https://www.onlinewebfonts.com/download/7dd5f4bf5d38875ca1822a830b6e6fe4); 실제 서비스 배포 전 원 권리자 사용 허가 확인 필요
Arabic Typesetting	arabic typesetting	1	license-review	가능	라이선스 검토 필요	CDN 응답은 확인했지만 원 권리자의 웹 사용 허가를 확인하지 못함	OnlineWebFonts	onlinewebfonts:280e0867d189623928fcc0d7cfdaaa47	280e0867d189623928fcc0d7cfdaaa47	원 권리자 웹 사용 허가 미확인	https://db.onlinewebfonts.com/t/280e0867d189623928fcc0d7cfdaaa47.woff2	OnlineWebFonts WOFF2 응답 확인 (https://www.onlinewebfonts.com/download/280e0867d189623928fcc0d7cfdaaa47); 실제 서비스 배포 전 원 권리자 사용 허가 확인 필요
ArborisFolium	arborisfolium	1	license-review	가능	라이선스 검토 필요	CDN 응답은 확인했지만 원 권리자의 웹 사용 허가를 확인하지 못함	OnlineWebFonts	onlinewebfonts:fae56d70bb34eef578c6a4e83aaaccd8	fae56d70bb34eef578c6a4e83aaaccd8	원 권리자 웹 사용 허가 미확인	https://db.onlinewebfonts.com/t/fae56d70bb34eef578c6a4e83aaaccd8.woff2	OnlineWebFonts WOFF2 응답 확인 (https://www.onlinewebfonts.com/download/fae56d70bb34eef578c6a4e83aaaccd8); 실제 서비스 배포 전 원 권리자 사용 허가 확인 필요
Arctic	arctic	1	license-review	가능	라이선스 검토 필요	CDN 응답은 확인했지만 원 권리자의 웹 사용 허가를 확인하지 못함	OnlineWebFonts	onlinewebfonts:7d16b1fafe2c4fc457d289b606d1cee9	7d16b1fafe2c4fc457d289b606d1cee9	원 권리자 웹 사용 허가 미확인	https://db.onlinewebfonts.com/t/7d16b1fafe2c4fc457d289b606d1cee9.woff2	OnlineWebFonts WOFF2 응답 확인 (https://www.onlinewebfonts.com/download/7d16b1fafe2c4fc457d289b606d1cee9); 실제 서비스 배포 전 원 권리자 사용 허가 확인 필요
arial	arial	2	available	가능	라이선스 검토 필요	CDN 응답은 확인했지만 패키지 라이선스 근거가 부족함	jsDelivr 웹 검색	@canvas-fonts/arial	1.0.4	패키지 메타데이터 미확인	https://cdn.jsdelivr.net/npm/@canvas-fonts/arial@1.0.4/Arial.ttf	jsDelivr 웹 검색 후 실제 CDN 글꼴 파일 응답 확인
Arial	arial	464	available	가능	라이선스 검토 필요	CDN 응답은 확인했지만 패키지 라이선스 근거가 부족함	jsDelivr 웹 검색	@canvas-fonts/arial	1.0.4	패키지 메타데이터 미확인	https://cdn.jsdelivr.net/npm/@canvas-fonts/arial@1.0.4/Arial.ttf	jsDelivr 웹 검색 후 실제 CDN 글꼴 파일 응답 확인
Arial (W1)	arial (w1)	1	available	가능	라이선스 검토 필요	CDN 응답은 확인했지만 패키지 라이선스 근거가 부족함	jsDelivr 웹 검색	@canvas-fonts/arial	1.0.4	패키지 메타데이터 미확인	https://cdn.jsdelivr.net/npm/@canvas-fonts/arial@1.0.4/Arial.ttf	jsDelivr 웹 검색 후 실제 CDN 글꼴 파일 응답 확인
Arial Black	arial	23	available	가능	라이선스 검토 필요	CDN 응답은 확인했지만 패키지 라이선스 근거가 부족함	jsDelivr 웹 검색	@canvas-fonts/arial-black	1.0.4	패키지 메타데이터 미확인	https://cdn.jsdelivr.net/npm/@canvas-fonts/arial-black@1.0.4/Arial Black.ttf	jsDelivr 웹 검색 후 실제 CDN 글꼴 파일 응답 확인
Arial for FT	arial for ft	1	not-found	불가	불가	검증 가능한 웹폰트 파일 미발견		@canvas-fonts/arial, @canvas-fonts/arial-bold, bpg-arial				Fontsource·명시 별칭·jsDelivr 웹 검색에서 검증 가능한 패키지를 찾지 못함; Noonnu 조회 실패: HTTP 429
Arial Narrow	arial narrow	141	available	가능	라이선스 검토 필요	CDN 응답은 확인했지만 패키지 라이선스 근거가 부족함	jsDelivr 웹 검색	@canvas-fonts/arial-narrow-bold	1.0.4	패키지 메타데이터 미확인	https://cdn.jsdelivr.net/npm/@canvas-fonts/arial-narrow-bold@1.0.4/Arial Narrow Bold.ttf	jsDelivr 웹 검색 후 실제 CDN 글꼴 파일 응답 확인
Arial Rounded MT Bold	arial rounded mt	6	license-review	가능	라이선스 검토 필요	CDN 응답은 확인했지만 원 권리자의 웹 사용 허가를 확인하지 못함	OnlineWebFonts	onlinewebfonts:ef6bdf5ef216552c7e9869841e891ca0	ef6bdf5ef216552c7e9869841e891ca0	원 권리자 웹 사용 허가 미확인	https://db.onlinewebfonts.com/t/ef6bdf5ef216552c7e9869841e891ca0.woff2	OnlineWebFonts WOFF2 응답 확인 (https://www.onlinewebfonts.com/download/ef6bdf5ef216552c7e9869841e891ca0); 실제 서비스 배포 전 원 권리자 사용 허가 확인 필요
Arial TUR	arial tur	108	not-found	불가	불가	검증 가능한 웹폰트 파일 미발견		@canvas-fonts/arial, @canvas-fonts/arial-bold, bpg-arial				Fontsource·명시 별칭·jsDelivr 웹 검색에서 검증 가능한 패키지를 찾지 못함; Noonnu 조회 실패: HTTP 429
Arial Unicode MS	arial unicode ms	27	license-review	가능	라이선스 검토 필요	CDN 응답은 확인했지만 원 권리자의 웹 사용 허가를 확인하지 못함	OnlineWebFonts	onlinewebfonts:25392c1fcb8a06c1f490a0e959a32b03	25392c1fcb8a06c1f490a0e959a32b03	원 권리자 웹 사용 허가 미확인	https://db.onlinewebfonts.com/t/25392c1fcb8a06c1f490a0e959a32b03.woff2	OnlineWebFonts WOFF2 응답 확인 (https://www.onlinewebfonts.com/download/25392c1fcb8a06c1f490a0e959a32b03); 실제 서비스 배포 전 원 권리자 사용 허가 확인 필요
Arial-BoldMT	arial boldmt	132	not-found	불가	불가	검증 가능한 웹폰트 파일 미발견						Fontsource·명시 별칭·jsDelivr 웹 검색에서 검증 가능한 패키지를 찾지 못함; Noonnu 조회 실패: HTTP 429
Asia그래픽L	asia그래픽	1	not-found	불가	불가	검증 가능한 웹폰트 파일 미발견		get-east-asian-width, eastasianwidth, tzdata-asia				Fontsource·명시 별칭·jsDelivr 웹 검색에서 검증 가능한 패키지를 찾지 못함; Noonnu 조회 실패: HTTP 429
Asia수정M	asia수정	2	not-found	불가	불가	검증 가능한 웹폰트 파일 미발견		get-east-asian-width, eastasianwidth, tzdata-asia				Fontsource·명시 별칭·jsDelivr 웹 검색에서 검증 가능한 패키지를 찾지 못함; Noonnu 조회 실패: HTTP 429
Asia신고딕	asia신고딕	1	not-found	불가	불가	검증 가능한 웹폰트 파일 미발견		get-east-asian-width, eastasianwidth, tzdata-asia				Fontsource·명시 별칭·jsDelivr 웹 검색에서 검증 가능한 패키지를 찾지 못함; Noonnu 조회 실패: HTTP 429
Asia신명조	asia신명조	7	not-found	불가	불가	검증 가능한 웹폰트 파일 미발견		get-east-asian-width, eastasianwidth, tzdata-asia				Fontsource·명시 별칭·jsDelivr 웹 검색에서 검증 가능한 패키지를 찾지 못함; Noonnu 조회 실패: HTTP 429
Asia신헤드-TTF	asia신헤드 ttf	1	not-found	불가	불가	검증 가능한 웹폰트 파일 미발견		get-east-asian-width, eastasianwidth, tzdata-asia				Fontsource·명시 별칭·jsDelivr 웹 검색에서 검증 가능한 패키지를 찾지 못함; Noonnu 조회 실패: HTTP 429
Asia아시아고딕B	asia아시아고딕	1	not-found	불가	불가	검증 가능한 웹폰트 파일 미발견		get-east-asian-width, eastasianwidth, tzdata-asia				Fontsource·명시 별칭·jsDelivr 웹 검색에서 검증 가능한 패키지를 찾지 못함; Noonnu 조회 실패: HTTP 429
Asia아시아고딕L	asia아시아고딕	1	not-found	불가	불가	검증 가능한 웹폰트 파일 미발견		get-east-asian-width, eastasianwidth, tzdata-asia				Fontsource·명시 별칭·jsDelivr 웹 검색에서 검증 가능한 패키지를 찾지 못함; Noonnu 조회 실패: HTTP 429
Asia아시아고딕M	asia아시아고딕	2	not-found	불가	불가	검증 가능한 웹폰트 파일 미발견		get-east-asian-width, eastasianwidth, tzdata-asia				Fontsource·명시 별칭·jsDelivr 웹 검색에서 검증 가능한 패키지를 찾지 못함; Noonnu 조회 실패: HTTP 429
Asia엑스포L	asia엑스포	1	not-found	불가	불가	검증 가능한 웹폰트 파일 미발견		get-east-asian-width, eastasianwidth, tzdata-asia				Fontsource·명시 별칭·jsDelivr 웹 검색에서 검증 가능한 패키지를 찾지 못함; Noonnu 조회 실패: HTTP 429
Asia중고딕	asia중고딕	2	not-found	불가	불가	검증 가능한 웹폰트 파일 미발견		get-east-asian-width, eastasianwidth, tzdata-asia				Fontsource·명시 별칭·jsDelivr 웹 검색에서 검증 가능한 패키지를 찾지 못함; Noonnu 조회 실패: HTTP 429
Asia중명조	asia중명조	4	not-found	불가	불가	검증 가능한 웹폰트 파일 미발견		get-east-asian-width, eastasianwidth, tzdata-asia				Fontsource·명시 별칭·jsDelivr 웹 검색에서 검증 가능한 패키지를 찾지 못함; Noonnu 조회 실패: HTTP 429
Asia태고딕	asia태고딕	4	not-found	불가	불가	검증 가능한 웹폰트 파일 미발견		get-east-asian-width, eastasianwidth, tzdata-asia				Fontsource·명시 별칭·jsDelivr 웹 검색에서 검증 가능한 패키지를 찾지 못함; Noonnu 조회 실패: HTTP 429
Asia환희B	asia환희	2	not-found	불가	불가	검증 가능한 웹폰트 파일 미발견		get-east-asian-width, eastasianwidth, tzdata-asia				Fontsource·명시 별칭·jsDelivr 웹 검색에서 검증 가능한 패키지를 찾지 못함; Noonnu 조회 실패: HTTP 429
Asia희망L	asia희망	1	not-found	불가	불가	검증 가능한 웹폰트 파일 미발견		get-east-asian-width, eastasianwidth, tzdata-asia				Fontsource·명시 별칭·jsDelivr 웹 검색에서 검증 가능한 패키지를 찾지 못함; Noonnu 조회 실패: HTTP 429
Asia희망M	asia희망	2	not-found	불가	불가	검증 가능한 웹폰트 파일 미발견		get-east-asian-width, eastasianwidth, tzdata-asia				Fontsource·명시 별칭·jsDelivr 웹 검색에서 검증 가능한 패키지를 찾지 못함; Noonnu 조회 실패: HTTP 429
Asian Dings	asian dings	1	not-found	불가	불가	검증 가능한 웹폰트 파일 미발견		get-east-asian-width, eastasianwidth, asian-regexps				Fontsource·명시 별칭·jsDelivr 웹 검색에서 검증 가능한 패키지를 찾지 못함; Noonnu 조회 실패: HTTP 429
Astro-SemiBold	astro	1	license-review	가능	라이선스 검토 필요	CDN 응답은 확인했지만 원 권리자의 웹 사용 허가를 확인하지 못함	OnlineWebFonts	onlinewebfonts:7caf6389e7cbb791a523c546781a0221	7caf6389e7cbb791a523c546781a0221	원 권리자 웹 사용 허가 미확인	https://db.onlinewebfonts.com/t/7caf6389e7cbb791a523c546781a0221.woff2	OnlineWebFonts WOFF2 응답 확인 (https://www.onlinewebfonts.com/download/7caf6389e7cbb791a523c546781a0221); 실제 서비스 배포 전 원 권리자 사용 허가 확인 필요
ATFuturaMaxi-Bold	atfuturamaxi	1	not-found	불가	불가	검증 가능한 웹폰트 파일 미발견						Fontsource·명시 별칭·jsDelivr 웹 검색에서 검증 가능한 패키지를 찾지 못함; Noonnu 조회 실패: HTTP 429
ATFuturaMaxi-Book	atfuturamaxi	1	not-found	불가	불가	검증 가능한 웹폰트 파일 미발견						Fontsource·명시 별칭·jsDelivr 웹 검색에서 검증 가능한 패키지를 찾지 못함; Noonnu 조회 실패: HTTP 429
ATFuturaMaxi-Light	atfuturamaxi	1	not-found	불가	불가	검증 가능한 웹폰트 파일 미발견						Fontsource·명시 별칭·jsDelivr 웹 검색에서 검증 가능한 패키지를 찾지 못함; Noonnu 조회 실패: HTTP 429
Avenir 45 Book	avenir 45	1	not-found	불가	불가	검증 가능한 웹폰트 파일 미발견		@avenirs-esr/avenirs-dsav, avenir, avenir-log				Fontsource·명시 별칭·jsDelivr 웹 검색에서 검증 가능한 패키지를 찾지 못함; Noonnu 조회 실패: HTTP 429
Avenir 65	avenir 65	1	not-found	불가	불가	검증 가능한 웹폰트 파일 미발견		@avenirs-esr/avenirs-dsav, avenir, avenir-log				Fontsource·명시 별칭·jsDelivr 웹 검색에서 검증 가능한 패키지를 찾지 못함; Noonnu 조회 실패: HTTP 429
Avenir 85 Heavy	avenir 85 heavy	1	not-found	불가	불가	검증 가능한 웹폰트 파일 미발견		@avenirs-esr/avenirs-dsav, avenir, avenir-log				Fontsource·명시 별칭·jsDelivr 웹 검색에서 검증 가능한 패키지를 찾지 못함; Noonnu 조회 실패: HTTP 429
Baskerville BT	baskerville bt	13	available	가능	가능	공급 경로의 라이선스 단서와 CDN 응답 확인	jsDelivr 웹 검색	@fontsource/libre-baskerville	5.3.0	OFL-1.1	https://cdn.jsdelivr.net/npm/@fontsource/libre-baskerville@5.3.0/files/libre-baskerville-latin-400-italic.woff	jsDelivr 웹 검색 후 실제 CDN 글꼴 파일 응답 확인
Baskerville Old Face	baskerville old face	3	license-review	가능	라이선스 검토 필요	CDN 응답은 확인했지만 원 권리자의 웹 사용 허가를 확인하지 못함	OnlineWebFonts	onlinewebfonts:f3077c21790d7835da194a845217f8ce	f3077c21790d7835da194a845217f8ce	원 권리자 웹 사용 허가 미확인	https://db.onlinewebfonts.com/t/f3077c21790d7835da194a845217f8ce.woff2	OnlineWebFonts WOFF2 응답 확인 (https://www.onlinewebfonts.com/download/f3077c21790d7835da194a845217f8ce); 실제 서비스 배포 전 원 권리자 사용 허가 확인 필요
Bauhaus 93	bauhaus 93	3	not-found	불가	불가	검증 가능한 웹폰트 파일 미발견		bauhausjs, bauhaus-avatar-generator, bauhaus-ui-library				Fontsource·명시 별칭·jsDelivr 웹 검색에서 검증 가능한 패키지를 찾지 못함; Noonnu 조회 실패: HTTP 429
BC 카드 B	bc 카드	1	not-found	불가	불가	검증 가능한 웹폰트 파일 미발견						Fontsource·명시 별칭·jsDelivr 웹 검색에서 검증 가능한 패키지를 찾지 못함; Noonnu 조회 실패: HTTP 429
Bearpaw Bats	bearpaw bats	1	not-found	불가	불가	검증 가능한 웹폰트 파일 미발견		bats, bats-assert, bats-support				Fontsource·명시 별칭·jsDelivr 웹 검색에서 검증 가능한 패키지를 찾지 못함; Noonnu 조회 실패: HTTP 429
Beauty Spot	beauty spot	1	not-found	불가	불가	검증 가능한 웹폰트 파일 미발견		beautyspotter-cookieconsent, agora-extension-beauty-effect, beauty-amp-core2				Fontsource·명시 별칭·jsDelivr 웹 검색에서 검증 가능한 패키지를 찾지 못함; Noonnu 조회 실패: HTTP 429
Bell MT	bell mt	3	license-review	가능	라이선스 검토 필요	CDN 응답은 확인했지만 원 권리자의 웹 사용 허가를 확인하지 못함	OnlineWebFonts	onlinewebfonts:01661f50354ecd0a3560ac450ecf43d3	01661f50354ecd0a3560ac450ecf43d3	원 권리자 웹 사용 허가 미확인	https://db.onlinewebfonts.com/t/01661f50354ecd0a3560ac450ecf43d3.woff2	OnlineWebFonts WOFF2 응답 확인 (https://www.onlinewebfonts.com/download/01661f50354ecd0a3560ac450ecf43d3); 실제 서비스 배포 전 원 권리자 사용 허가 확인 필요
Bembo	bembo	1	license-review	가능	라이선스 검토 필요	CDN 응답은 확인했지만 원 권리자의 웹 사용 허가를 확인하지 못함	OnlineWebFonts	onlinewebfonts:b08fda9062b6b94ec9e02d3080016531	b08fda9062b6b94ec9e02d3080016531	원 권리자 웹 사용 허가 미확인	https://db.onlinewebfonts.com/t/b08fda9062b6b94ec9e02d3080016531.woff2	OnlineWebFonts WOFF2 응답 확인 (https://www.onlinewebfonts.com/download/b08fda9062b6b94ec9e02d3080016531); 실제 서비스 배포 전 원 권리자 사용 허가 확인 필요
BemboExpert	bemboexpert	1	not-found	불가	불가	검증 가능한 웹폰트 파일 미발견						Fontsource·명시 별칭·jsDelivr 웹 검색에서 검증 가능한 패키지를 찾지 못함; Noonnu 조회 실패: HTTP 429
Berlin Sans FB	berlin sans fb	4	license-review	가능	라이선스 검토 필요	CDN 응답은 확인했지만 원 권리자의 웹 사용 허가를 확인하지 못함	OnlineWebFonts	onlinewebfonts:fe2027c27b6a24505f548c6fd2e1076d	fe2027c27b6a24505f548c6fd2e1076d	원 권리자 웹 사용 허가 미확인	https://db.onlinewebfonts.com/t/fe2027c27b6a24505f548c6fd2e1076d.woff2	OnlineWebFonts WOFF2 응답 확인 (https://www.onlinewebfonts.com/download/fe2027c27b6a24505f548c6fd2e1076d); 실제 서비스 배포 전 원 권리자 사용 허가 확인 필요
Berlin Sans FB Demi	berlin sans fb	3	license-review	가능	라이선스 검토 필요	CDN 응답은 확인했지만 원 권리자의 웹 사용 허가를 확인하지 못함	OnlineWebFonts	onlinewebfonts:fe2027c27b6a24505f548c6fd2e1076d	fe2027c27b6a24505f548c6fd2e1076d	원 권리자 웹 사용 허가 미확인	https://db.onlinewebfonts.com/t/fe2027c27b6a24505f548c6fd2e1076d.woff2	OnlineWebFonts WOFF2 응답 확인 (https://www.onlinewebfonts.com/download/fe2027c27b6a24505f548c6fd2e1076d); 실제 서비스 배포 전 원 권리자 사용 허가 확인 필요
Bernard MT Condensed	bernard mt condensed	3	not-found	불가	불가	검증 가능한 웹폰트 파일 미발견		@claudebernard/types, @claudebernard/medication-request-editor-element, @claudebernard/prescription-scanner-element				Fontsource·명시 별칭·jsDelivr 웹 검색에서 검증 가능한 패키지를 찾지 못함; Noonnu 조회 실패: HTTP 429
BernhardFashion BT	bernhardfashion bt	10	license-review	가능	라이선스 검토 필요	CDN 응답은 확인했지만 원 권리자의 웹 사용 허가를 확인하지 못함	OnlineWebFonts	onlinewebfonts:50e41820e2ada7948a61a51b6bf74b1a	50e41820e2ada7948a61a51b6bf74b1a	원 권리자 웹 사용 허가 미확인	https://db.onlinewebfonts.com/t/50e41820e2ada7948a61a51b6bf74b1a.woff2	OnlineWebFonts WOFF2 응답 확인 (https://www.onlinewebfonts.com/download/50e41820e2ada7948a61a51b6bf74b1a); 실제 서비스 배포 전 원 권리자 사용 허가 확인 필요
Birch Std	birch std	1	license-review	가능	라이선스 검토 필요	CDN 응답은 확인했지만 원 권리자의 웹 사용 허가를 확인하지 못함	OnlineWebFonts	onlinewebfonts:6f0607d5cef611ac79ee8b28f5c75b1b	6f0607d5cef611ac79ee8b28f5c75b1b	원 권리자 웹 사용 허가 미확인	https://db.onlinewebfonts.com/t/6f0607d5cef611ac79ee8b28f5c75b1b.woff2	OnlineWebFonts WOFF2 응답 확인 (https://www.onlinewebfonts.com/download/6f0607d5cef611ac79ee8b28f5c75b1b); 실제 서비스 배포 전 원 권리자 사용 허가 확인 필요
Blackadder ITC	blackadder itc	3	license-review	가능	라이선스 검토 필요	CDN 응답은 확인했지만 원 권리자의 웹 사용 허가를 확인하지 못함	OnlineWebFonts	onlinewebfonts:4b0f1c076dfb624a4c79376edb6adf1b	4b0f1c076dfb624a4c79376edb6adf1b	원 권리자 웹 사용 허가 미확인	https://db.onlinewebfonts.com/t/4b0f1c076dfb624a4c79376edb6adf1b.woff2	OnlineWebFonts WOFF2 응답 확인 (https://www.onlinewebfonts.com/download/4b0f1c076dfb624a4c79376edb6adf1b); 실제 서비스 배포 전 원 권리자 사용 허가 확인 필요
Blackoak Std	blackoak std	1	license-review	가능	라이선스 검토 필요	CDN 응답은 확인했지만 원 권리자의 웹 사용 허가를 확인하지 못함	OnlineWebFonts	onlinewebfonts:f7e03688d14c563a628f3825cbc23c7f	f7e03688d14c563a628f3825cbc23c7f	원 권리자 웹 사용 허가 미확인	https://db.onlinewebfonts.com/t/f7e03688d14c563a628f3825cbc23c7f.woff2	OnlineWebFonts WOFF2 응답 확인 (https://www.onlinewebfonts.com/download/f7e03688d14c563a628f3825cbc23c7f); 실제 서비스 배포 전 원 권리자 사용 허가 확인 필요
Blippo Blk BT	blippo blk bt	17	license-review	가능	라이선스 검토 필요	CDN 응답은 확인했지만 원 권리자의 웹 사용 허가를 확인하지 못함	OnlineWebFonts	onlinewebfonts:651028c4747c9241cc0c4e1e04e0690a	651028c4747c9241cc0c4e1e04e0690a	원 권리자 웹 사용 허가 미확인	https://db.onlinewebfonts.com/t/651028c4747c9241cc0c4e1e04e0690a.woff2	OnlineWebFonts WOFF2 응답 확인 (https://www.onlinewebfonts.com/download/651028c4747c9241cc0c4e1e04e0690a); 실제 서비스 배포 전 원 권리자 사용 허가 확인 필요
BlockUp	blockup	1	license-review	가능	라이선스 검토 필요	CDN 응답은 확인했지만 원 권리자의 웹 사용 허가를 확인하지 못함	OnlineWebFonts	onlinewebfonts:d201527981049e1a86137f04b1b27dd0	d201527981049e1a86137f04b1b27dd0	원 권리자 웹 사용 허가 미확인	https://db.onlinewebfonts.com/t/d201527981049e1a86137f04b1b27dd0.woff2	OnlineWebFonts WOFF2 응답 확인 (https://www.onlinewebfonts.com/download/d201527981049e1a86137f04b1b27dd0); 실제 서비스 배포 전 원 권리자 사용 허가 확인 필요
BM ruby	bm ruby	1	not-found	불가	불가	검증 가능한 웹폰트 파일 미발견		ruby, @vercel/ruby, @cspell/dict-ruby				Fontsource·명시 별칭·jsDelivr 웹 검색에서 검증 가능한 패키지를 찾지 못함; Noonnu 조회 실패: HTTP 429
BM stamp	bm stamp	1	not-found	불가	불가	검증 가능한 웹폰트 파일 미발견		time-stamp, console-stamp, @embedpdf/plugin-stamp				Fontsource·명시 별칭·jsDelivr 웹 검색에서 검증 가능한 패키지를 찾지 못함
Bodoni Bd BT	bodoni bd bt	11	available	가능	가능	공급 경로의 라이선스 단서와 CDN 응답 확인	jsDelivr 웹 검색	@fontsource/bodoni-moda	5.3.0	OFL-1.1	https://cdn.jsdelivr.net/npm/@fontsource/bodoni-moda@5.3.0/files/bodoni-moda-latin-400-italic.woff	jsDelivr 웹 검색 후 실제 CDN 글꼴 파일 응답 확인
Bodoni Bk BT	bodoni bk bt	11	available	가능	가능	공급 경로의 라이선스 단서와 CDN 응답 확인	jsDelivr 웹 검색	@fontsource/bodoni-moda	5.3.0	OFL-1.1	https://cdn.jsdelivr.net/npm/@fontsource/bodoni-moda@5.3.0/files/bodoni-moda-latin-400-italic.woff	jsDelivr 웹 검색 후 실제 CDN 글꼴 파일 응답 확인
Bodoni MT	bodoni mt	3	available	가능	가능	공급 경로의 라이선스 단서와 CDN 응답 확인	jsDelivr 웹 검색	@fontsource/bodoni-moda	5.3.0	OFL-1.1	https://cdn.jsdelivr.net/npm/@fontsource/bodoni-moda@5.3.0/files/bodoni-moda-latin-400-italic.woff	jsDelivr 웹 검색 후 실제 CDN 글꼴 파일 응답 확인
Bodoni MT Black	bodoni mt	4	license-review	가능	라이선스 검토 필요	CDN 응답은 확인했지만 원 권리자의 웹 사용 허가를 확인하지 못함	OnlineWebFonts	onlinewebfonts:037a670cefc97958beb036dab0f6e254	037a670cefc97958beb036dab0f6e254	원 권리자 웹 사용 허가 미확인	https://db.onlinewebfonts.com/t/037a670cefc97958beb036dab0f6e254.woff2	OnlineWebFonts WOFF2 응답 확인 (https://www.onlinewebfonts.com/download/037a670cefc97958beb036dab0f6e254); 실제 서비스 배포 전 원 권리자 사용 허가 확인 필요
Bodoni MT Condensed	bodoni mt condensed	3	license-review	가능	라이선스 검토 필요	CDN 응답은 확인했지만 원 권리자의 웹 사용 허가를 확인하지 못함	OnlineWebFonts	onlinewebfonts:e3d5ec4c7e5f3041c277d5cf3d518c71	e3d5ec4c7e5f3041c277d5cf3d518c71	원 권리자 웹 사용 허가 미확인	https://db.onlinewebfonts.com/t/e3d5ec4c7e5f3041c277d5cf3d518c71.woff2	OnlineWebFonts WOFF2 응답 확인 (https://www.onlinewebfonts.com/download/e3d5ec4c7e5f3041c277d5cf3d518c71); 실제 서비스 배포 전 원 권리자 사용 허가 확인 필요
Bodoni MT Poster Compressed	bodoni mt poster compressed	3	not-found	불가	불가	검증 가능한 웹폰트 파일 미발견		@fontsource/bodoni-moda, @fontsource-variable/bodoni-moda, @fontsource/libre-bodoni				Fontsource·명시 별칭·jsDelivr 웹 검색에서 검증 가능한 패키지를 찾지 못함; Noonnu 조회 실패: HTTP 429
Book Antiqua	book antiqua	25	license-review	가능	라이선스 검토 필요	CDN 응답은 확인했지만 원 권리자의 웹 사용 허가를 확인하지 못함	OnlineWebFonts	onlinewebfonts:127984ac535ca158ad9724f752ade6a6	127984ac535ca158ad9724f752ade6a6	원 권리자 웹 사용 허가 미확인	https://db.onlinewebfonts.com/t/127984ac535ca158ad9724f752ade6a6.woff2	OnlineWebFonts WOFF2 응답 확인 (https://www.onlinewebfonts.com/download/127984ac535ca158ad9724f752ade6a6); 실제 서비스 배포 전 원 권리자 사용 허가 확인 필요
Bookman Old Style	bookman old style	13	license-review	가능	라이선스 검토 필요	CDN 응답은 확인했지만 원 권리자의 웹 사용 허가를 확인하지 못함	OnlineWebFonts	onlinewebfonts:08a4f684fb0599188430dd0b97af52ac	08a4f684fb0599188430dd0b97af52ac	원 권리자 웹 사용 허가 미확인	https://db.onlinewebfonts.com/t/08a4f684fb0599188430dd0b97af52ac.woff2	OnlineWebFonts WOFF2 응답 확인 (https://www.onlinewebfonts.com/download/08a4f684fb0599188430dd0b97af52ac); 실제 서비스 배포 전 원 권리자 사용 허가 확인 필요
Bookshelf Symbol 7	bookshelf symbol 7	4	license-review	가능	라이선스 검토 필요	CDN 응답은 확인했지만 원 권리자의 웹 사용 허가를 확인하지 못함	OnlineWebFonts	onlinewebfonts:549dddcecfd3e61f35f4fde66019618f	549dddcecfd3e61f35f4fde66019618f	원 권리자 웹 사용 허가 미확인	https://db.onlinewebfonts.com/t/549dddcecfd3e61f35f4fde66019618f.woff2	OnlineWebFonts WOFF2 응답 확인 (https://www.onlinewebfonts.com/download/549dddcecfd3e61f35f4fde66019618f); 실제 서비스 배포 전 원 권리자 사용 허가 확인 필요
Border Cats	border cats	1	not-found	불가	불가	검증 가능한 웹폰트 파일 미발견		@styled-system/border, @revert/border, @cats-oss/ts-proto-optimize				Fontsource·명시 별칭·jsDelivr 웹 검색에서 검증 가능한 패키지를 찾지 못함
Border Corners	border corners	1	license-review	가능	라이선스 검토 필요	CDN 응답은 확인했지만 원 권리자의 웹 사용 허가를 확인하지 못함	OnlineWebFonts	onlinewebfonts:a3a93a658e3a5f7e176145114c4b7b8f	a3a93a658e3a5f7e176145114c4b7b8f	원 권리자 웹 사용 허가 미확인	https://db.onlinewebfonts.com/t/a3a93a658e3a5f7e176145114c4b7b8f.woff2	OnlineWebFonts WOFF2 응답 확인 (https://www.onlinewebfonts.com/download/a3a93a658e3a5f7e176145114c4b7b8f); 실제 서비스 배포 전 원 권리자 사용 허가 확인 필요
Borg	borg	1	not-found	불가	불가	검증 가능한 웹폰트 파일 미발견		borg-collective, ubborg-planner-pmb, borg-anchor				Fontsource·명시 별칭·jsDelivr 웹 검색에서 검증 가능한 패키지를 찾지 못함
BOTAROSA1	botarosa1	1	not-found	불가	불가	검증 가능한 웹폰트 파일 미발견						Fontsource·명시 별칭·jsDelivr 웹 검색에서 검증 가능한 패키지를 찾지 못함
Bows	bows	1	not-found	불가	불가	검증 가능한 웹폰트 파일 미발견		bows, bowser, li-sdk-test-demo-ack				Fontsource·명시 별칭·jsDelivr 웹 검색에서 검증 가능한 패키지를 찾지 못함
Bradley Hand ITC	bradley hand itc	3	license-review	가능	라이선스 검토 필요	CDN 응답은 확인했지만 원 권리자의 웹 사용 허가를 확인하지 못함	OnlineWebFonts	onlinewebfonts:faeedc1fd74dce8e508221970594cb53	faeedc1fd74dce8e508221970594cb53	원 권리자 웹 사용 허가 미확인	https://db.onlinewebfonts.com/t/faeedc1fd74dce8e508221970594cb53.woff2	OnlineWebFonts WOFF2 응답 확인 (https://www.onlinewebfonts.com/download/faeedc1fd74dce8e508221970594cb53); 실제 서비스 배포 전 원 권리자 사용 허가 확인 필요
Britannic Bold	britannic	3	license-review	가능	라이선스 검토 필요	CDN 응답은 확인했지만 원 권리자의 웹 사용 허가를 확인하지 못함	OnlineWebFonts	onlinewebfonts:8be4a2f403c2dc27187d892cca388e24	8be4a2f403c2dc27187d892cca388e24	원 권리자 웹 사용 허가 미확인	https://db.onlinewebfonts.com/t/8be4a2f403c2dc27187d892cca388e24.woff2	OnlineWebFonts WOFF2 응답 확인 (https://www.onlinewebfonts.com/download/8be4a2f403c2dc27187d892cca388e24); 실제 서비스 배포 전 원 권리자 사용 허가 확인 필요
Broadway	broadway	3	license-review	가능	라이선스 검토 필요	CDN 응답은 확인했지만 원 권리자의 웹 사용 허가를 확인하지 못함	OnlineWebFonts	onlinewebfonts:19007e0c85468fd509414342e0ca9c68	19007e0c85468fd509414342e0ca9c68	원 권리자 웹 사용 허가 미확인	https://db.onlinewebfonts.com/t/19007e0c85468fd509414342e0ca9c68.woff2	OnlineWebFonts WOFF2 응답 확인 (https://www.onlinewebfonts.com/download/19007e0c85468fd509414342e0ca9c68); 실제 서비스 배포 전 원 권리자 사용 허가 확인 필요
BroadwayEngraved BT	broadwayengraved bt	10	not-found	불가	불가	검증 가능한 웹폰트 파일 미발견						Fontsource·명시 별칭·jsDelivr 웹 검색에서 검증 가능한 패키지를 찾지 못함
Browallia New	browallia new	1	license-review	가능	라이선스 검토 필요	CDN 응답은 확인했지만 원 권리자의 웹 사용 허가를 확인하지 못함	OnlineWebFonts	onlinewebfonts:558e1f7c26d9405ac41942266ebac11d	558e1f7c26d9405ac41942266ebac11d	원 권리자 웹 사용 허가 미확인	https://db.onlinewebfonts.com/t/558e1f7c26d9405ac41942266ebac11d.woff2	OnlineWebFonts WOFF2 응답 확인 (https://www.onlinewebfonts.com/download/558e1f7c26d9405ac41942266ebac11d); 실제 서비스 배포 전 원 권리자 사용 허가 확인 필요
BrowalliaUPC	browalliaupc	1	license-review	가능	라이선스 검토 필요	CDN 응답은 확인했지만 원 권리자의 웹 사용 허가를 확인하지 못함	OnlineWebFonts	onlinewebfonts:81ceb3132faffd2044411342d8a0e0f4	81ceb3132faffd2044411342d8a0e0f4	원 권리자 웹 사용 허가 미확인	https://db.onlinewebfonts.com/t/81ceb3132faffd2044411342d8a0e0f4.woff2	OnlineWebFonts WOFF2 응답 확인 (https://www.onlinewebfonts.com/download/81ceb3132faffd2044411342d8a0e0f4); 실제 서비스 배포 전 원 권리자 사용 허가 확인 필요
Brush Script MT	brush script mt	3	license-review	가능	라이선스 검토 필요	CDN 응답은 확인했지만 원 권리자의 웹 사용 허가를 확인하지 못함	OnlineWebFonts	onlinewebfonts:70927e11d1779ee1fa9a6b97278c01c1	70927e11d1779ee1fa9a6b97278c01c1	원 권리자 웹 사용 허가 미확인	https://db.onlinewebfonts.com/t/70927e11d1779ee1fa9a6b97278c01c1.woff2	OnlineWebFonts WOFF2 응답 확인 (https://www.onlinewebfonts.com/download/70927e11d1779ee1fa9a6b97278c01c1); 실제 서비스 배포 전 원 권리자 사용 허가 확인 필요
Brush Script Std	brush script std	1	license-review	가능	라이선스 검토 필요	CDN 응답은 확인했지만 원 권리자의 웹 사용 허가를 확인하지 못함	OnlineWebFonts	onlinewebfonts:d44cb84b16ccdec82fa437a516e62b9a	d44cb84b16ccdec82fa437a516e62b9a	원 권리자 웹 사용 허가 미확인	https://db.onlinewebfonts.com/t/d44cb84b16ccdec82fa437a516e62b9a.woff2	OnlineWebFonts WOFF2 응답 확인 (https://www.onlinewebfonts.com/download/d44cb84b16ccdec82fa437a516e62b9a); 실제 서비스 배포 전 원 권리자 사용 허가 확인 필요
BrushScript BT	brushscript bt	10	available	가능	가능	공급 경로의 라이선스 단서와 CDN 응답 확인	jsDelivr 웹 검색	@fontsource/nanum-brush-script	5.3.0	OFL-1.1	https://cdn.jsdelivr.net/npm/@fontsource/nanum-brush-script@5.3.0/files/nanum-brush-script-0-400-normal.woff	jsDelivr 웹 검색 후 실제 CDN 글꼴 파일 응답 확인
BugBats	bugbats	1	not-found	불가	불가	검증 가능한 웹폰트 파일 미발견						Fontsource·명시 별칭·jsDelivr 웹 검색에서 검증 가능한 패키지를 찾지 못함
BulletBalls AOE	bulletballs aoe	1	not-found	불가	불가	검증 가능한 웹폰트 파일 미발견						Fontsource·명시 별칭·jsDelivr 웹 검색에서 검증 가능한 패키지를 찾지 못함
BulletMix	bulletmix	1	not-found	불가	불가	검증 가능한 웹폰트 파일 미발견						Fontsource·명시 별칭·jsDelivr 웹 검색에서 검증 가능한 패키지를 찾지 못함
Business/Industrial	business/industrial	1	not-found	불가	불가	검증 가능한 웹폰트 파일 미발견		facebook-nodejs-business-sdk, moment-business-days, @ua-parser-js/pro-business				Fontsource·명시 별칭·jsDelivr 웹 검색에서 검증 가능한 패키지를 찾지 못함
BusterD	busterd	1	not-found	불가	불가	검증 가능한 웹폰트 파일 미발견		@testplane/webdriverio				Fontsource·명시 별칭·jsDelivr 웹 검색에서 검증 가능한 패키지를 찾지 못함
butterflips	butterflips	1	not-found	불가	불가	검증 가능한 웹폰트 파일 미발견						Fontsource·명시 별칭·jsDelivr 웹 검색에서 검증 가능한 패키지를 찾지 못함
button_by_fanta	button by fanta	1	not-found	불가	불가	검증 가능한 웹폰트 파일 미발견						Fontsource·명시 별칭·jsDelivr 웹 검색에서 검증 가능한 패키지를 찾지 못함
ButtonButton	buttonbutton	1	not-found	불가	불가	검증 가능한 웹폰트 파일 미발견		cps-ui-kit, @button/button-client-node, @tincre/promo-button				Fontsource·명시 별칭·jsDelivr 웹 검색에서 검증 가능한 패키지를 찾지 못함
Calibri	calibri	195	license-review	가능	라이선스 검토 필요	CDN 응답은 확인했지만 원 권리자의 웹 사용 허가를 확인하지 못함	OnlineWebFonts	onlinewebfonts:a78cfad3beb089a6ce86d4e280fa270b	a78cfad3beb089a6ce86d4e280fa270b	원 권리자 웹 사용 허가 미확인	https://db.onlinewebfonts.com/t/a78cfad3beb089a6ce86d4e280fa270b.woff2	OnlineWebFonts WOFF2 응답 확인 (https://www.onlinewebfonts.com/download/a78cfad3beb089a6ce86d4e280fa270b); 실제 서비스 배포 전 원 권리자 사용 허가 확인 필요
Calibri Light	calibri	1	license-review	가능	라이선스 검토 필요	CDN 응답은 확인했지만 원 권리자의 웹 사용 허가를 확인하지 못함	OnlineWebFonts	onlinewebfonts:a78cfad3beb089a6ce86d4e280fa270b	a78cfad3beb089a6ce86d4e280fa270b	원 권리자 웹 사용 허가 미확인	https://db.onlinewebfonts.com/t/a78cfad3beb089a6ce86d4e280fa270b.woff2	OnlineWebFonts WOFF2 응답 확인 (https://www.onlinewebfonts.com/download/a78cfad3beb089a6ce86d4e280fa270b); 실제 서비스 배포 전 원 권리자 사용 허가 확인 필요
Californian FB	californian fb	3	license-review	가능	라이선스 검토 필요	CDN 응답은 확인했지만 원 권리자의 웹 사용 허가를 확인하지 못함	OnlineWebFonts	onlinewebfonts:12c13307742d4e286b692cce7ec65307	12c13307742d4e286b692cce7ec65307	원 권리자 웹 사용 허가 미확인	https://db.onlinewebfonts.com/t/12c13307742d4e286b692cce7ec65307.woff2	OnlineWebFonts WOFF2 응답 확인 (https://www.onlinewebfonts.com/download/12c13307742d4e286b692cce7ec65307); 실제 서비스 배포 전 원 권리자 사용 허가 확인 필요
Calisto MT	calisto mt	5	available	가능	가능	공급 경로의 라이선스 단서와 CDN 응답 확인	jsDelivr 웹 검색	@fontsource/calistoga	5.3.0	OFL-1.1	https://cdn.jsdelivr.net/npm/@fontsource/calistoga@5.3.0/files/calistoga-latin-400-normal.woff	jsDelivr 웹 검색 후 실제 CDN 글꼴 파일 응답 확인
Cambria	cambria	23	license-review	가능	라이선스 검토 필요	CDN 응답은 확인했지만 원 권리자의 웹 사용 허가를 확인하지 못함	OnlineWebFonts	onlinewebfonts:2db80501ab27169c9b8395ce6f749be1	2db80501ab27169c9b8395ce6f749be1	원 권리자 웹 사용 허가 미확인	https://db.onlinewebfonts.com/t/2db80501ab27169c9b8395ce6f749be1.woff2	OnlineWebFonts WOFF2 응답 확인 (https://www.onlinewebfonts.com/download/2db80501ab27169c9b8395ce6f749be1); 실제 서비스 배포 전 원 권리자 사용 허가 확인 필요
Cambria Math	cambria math	4	not-found	불가	불가	검증 가능한 웹폰트 파일 미발견		@kickstartds/cambria, @cambria-packages/unity-db, @cambria-packages/ozone-db				Fontsource·명시 별칭·jsDelivr 웹 검색에서 검증 가능한 패키지를 찾지 못함
Candara	candara	4	license-review	가능	라이선스 검토 필요	CDN 응답은 확인했지만 원 권리자의 웹 사용 허가를 확인하지 못함	OnlineWebFonts	onlinewebfonts:e662339992c4abf5b43f537391bd3169	e662339992c4abf5b43f537391bd3169	원 권리자 웹 사용 허가 미확인	https://db.onlinewebfonts.com/t/e662339992c4abf5b43f537391bd3169.woff2	OnlineWebFonts WOFF2 응답 확인 (https://www.onlinewebfonts.com/download/e662339992c4abf5b43f537391bd3169); 실제 서비스 배포 전 원 권리자 사용 허가 확인 필요
Carr Arrows (filled)	carr arrows (filled)	1	not-found	불가	불가	검증 가능한 웹폰트 파일 미발견		@carr-james/collector-cache-extension, dowload_ebok_venditore_in_1_ora_by_paolo_ruggeri_andrea_condello_sergio_delli_carr_qu5tw, dowload_ebok_the_easy_way_to_quit_caffeine_by_allen_carr_nn3px				Fontsource·명시 별칭·jsDelivr 웹 검색에서 검증 가능한 패키지를 찾지 못함
Carr Arrows (outline)	carr arrows (outline)	1	not-found	불가	불가	검증 가능한 웹폰트 파일 미발견		@carr-james/collector-cache-extension, dowload_ebok_venditore_in_1_ora_by_paolo_ruggeri_andrea_condello_sergio_delli_carr_qu5tw, dowload_ebok_the_easy_way_to_quit_caffeine_by_allen_carr_nn3px				Fontsource·명시 별칭·jsDelivr 웹 검색에서 검증 가능한 패키지를 찾지 못함
Carr Balloons	carr balloons	1	not-found	불가	불가	검증 가능한 웹폰트 파일 미발견		@carr-james/collector-cache-extension, dowload_ebok_venditore_in_1_ora_by_paolo_ruggeri_andrea_condello_sergio_delli_carr_qu5tw, dowload_ebok_the_easy_way_to_quit_caffeine_by_allen_carr_nn3px				Fontsource·명시 별칭·jsDelivr 웹 검색에서 검증 가능한 패키지를 찾지 못함
Carr Electronic Dingbats	carr electronic dingbats	1	not-found	불가	불가	검증 가능한 웹폰트 파일 미발견		@carr-james/collector-cache-extension, dowload_ebok_venditore_in_1_ora_by_paolo_ruggeri_andrea_condello_sergio_delli_carr_qu5tw, dowload_ebok_the_easy_way_to_quit_caffeine_by_allen_carr_nn3px				Fontsource·명시 별칭·jsDelivr 웹 검색에서 검증 가능한 패키지를 찾지 못함
Carr Xmas Dingbats	carr xmas dingbats	1	not-found	불가	불가	검증 가능한 웹폰트 파일 미발견		@carr-james/collector-cache-extension, dowload_ebok_venditore_in_1_ora_by_paolo_ruggeri_andrea_condello_sergio_delli_carr_qu5tw, dowload_ebok_the_easy_way_to_quit_caffeine_by_allen_carr_nn3px				Fontsource·명시 별칭·jsDelivr 웹 검색에서 검증 가능한 패키지를 찾지 못함
Carta-Normal	carta normal	1	not-found	불가	불가	검증 가능한 웹폰트 파일 미발견						Fontsource·명시 별칭·jsDelivr 웹 검색에서 검증 가능한 패키지를 찾지 못함
Castellar	castellar	3	license-review	가능	라이선스 검토 필요	CDN 응답은 확인했지만 원 권리자의 웹 사용 허가를 확인하지 못함	OnlineWebFonts	onlinewebfonts:0407ed4aef00d4db57f6001e710e0a85	0407ed4aef00d4db57f6001e710e0a85	원 권리자 웹 사용 허가 미확인	https://db.onlinewebfonts.com/t/0407ed4aef00d4db57f6001e710e0a85.woff2	OnlineWebFonts WOFF2 응답 확인 (https://www.onlinewebfonts.com/download/0407ed4aef00d4db57f6001e710e0a85); 실제 서비스 배포 전 원 권리자 사용 허가 확인 필요
Cathzulu Extraz	cathzulu extraz	1	not-found	불가	불가	검증 가능한 웹폰트 파일 미발견		ts-migrate-extraz				Fontsource·명시 별칭·jsDelivr 웹 검색에서 검증 가능한 패키지를 찾지 못함
Centaur	centaur	3	license-review	가능	라이선스 검토 필요	CDN 응답은 확인했지만 원 권리자의 웹 사용 허가를 확인하지 못함	OnlineWebFonts	onlinewebfonts:1c5f0e6f12173bc7387400a837c28477	1c5f0e6f12173bc7387400a837c28477	원 권리자 웹 사용 허가 미확인	https://db.onlinewebfonts.com/t/1c5f0e6f12173bc7387400a837c28477.woff2	OnlineWebFonts WOFF2 응답 확인 (https://www.onlinewebfonts.com/download/1c5f0e6f12173bc7387400a837c28477); 실제 서비스 배포 전 원 권리자 사용 허가 확인 필요
CentSchbook BT	centschbook bt	10	license-review	가능	라이선스 검토 필요	CDN 응답은 확인했지만 원 권리자의 웹 사용 허가를 확인하지 못함	OnlineWebFonts	onlinewebfonts:23aa1bdf235d88702921ae7d08d52f95	23aa1bdf235d88702921ae7d08d52f95	원 권리자 웹 사용 허가 미확인	https://db.onlinewebfonts.com/t/23aa1bdf235d88702921ae7d08d52f95.woff2	OnlineWebFonts WOFF2 응답 확인 (https://www.onlinewebfonts.com/download/23aa1bdf235d88702921ae7d08d52f95); 실제 서비스 배포 전 원 권리자 사용 허가 확인 필요
Century	century	15	license-review	가능	라이선스 검토 필요	CDN 응답은 확인했지만 원 권리자의 웹 사용 허가를 확인하지 못함	OnlineWebFonts	onlinewebfonts:165b3175b1345c0eb8b4097f4d024455	165b3175b1345c0eb8b4097f4d024455	원 권리자 웹 사용 허가 미확인	https://db.onlinewebfonts.com/t/165b3175b1345c0eb8b4097f4d024455.woff2	OnlineWebFonts WOFF2 응답 확인 (https://www.onlinewebfonts.com/download/165b3175b1345c0eb8b4097f4d024455); 실제 서비스 배포 전 원 권리자 사용 허가 확인 필요
Century Gothic	century gothic	14	license-review	가능	라이선스 검토 필요	CDN 응답은 확인했지만 원 권리자의 웹 사용 허가를 확인하지 못함	OnlineWebFonts	onlinewebfonts:0d78b12d6be09203d1fbeb76871a369a	0d78b12d6be09203d1fbeb76871a369a	원 권리자 웹 사용 허가 미확인	https://db.onlinewebfonts.com/t/0d78b12d6be09203d1fbeb76871a369a.woff2	OnlineWebFonts WOFF2 응답 확인 (https://www.onlinewebfonts.com/download/0d78b12d6be09203d1fbeb76871a369a); 실제 서비스 배포 전 원 권리자 사용 허가 확인 필요
Century Schoolbook	century schoolbook	3	available	가능	가능	공급 경로의 라이선스 단서와 CDN 응답 확인	jsDelivr 웹 검색	centschbook-mono	3.2.1	idk	https://cdn.jsdelivr.net/npm/centschbook-mono@3.2.1/Century-Schoolbook-Monospace-BT.ttf	jsDelivr 웹 검색 후 실제 CDN 글꼴 파일 응답 확인
CG Times	cg times	2	license-review	가능	라이선스 검토 필요	CDN 응답은 확인했지만 원 권리자의 웹 사용 허가를 확인하지 못함	OnlineWebFonts	onlinewebfonts:9685e3efc5a2270c6a47d201281ff08a	9685e3efc5a2270c6a47d201281ff08a	원 권리자 웹 사용 허가 미확인	https://db.onlinewebfonts.com/t/9685e3efc5a2270c6a47d201281ff08a.woff2	OnlineWebFonts WOFF2 응답 확인 (https://www.onlinewebfonts.com/download/9685e3efc5a2270c6a47d201281ff08a); 실제 서비스 배포 전 원 권리자 사용 허가 확인 필요
Chaparral Pro	chaparral pro	1	license-review	가능	라이선스 검토 필요	CDN 응답은 확인했지만 원 권리자의 웹 사용 허가를 확인하지 못함	OnlineWebFonts	onlinewebfonts:82707ca0316a93875e231b32340c919e	82707ca0316a93875e231b32340c919e	원 권리자 웹 사용 허가 미확인	https://db.onlinewebfonts.com/t/82707ca0316a93875e231b32340c919e.woff2	OnlineWebFonts WOFF2 응답 확인 (https://www.onlinewebfonts.com/download/82707ca0316a93875e231b32340c919e); 실제 서비스 배포 전 원 권리자 사용 허가 확인 필요
Charlemagne Std	charlemagne std	1	license-review	가능	라이선스 검토 필요	CDN 응답은 확인했지만 원 권리자의 웹 사용 허가를 확인하지 못함	OnlineWebFonts	onlinewebfonts:5f81cce6bdf565e42056ab354b37b83c	5f81cce6bdf565e42056ab354b37b83c	원 권리자 웹 사용 허가 미확인	https://db.onlinewebfonts.com/t/5f81cce6bdf565e42056ab354b37b83c.woff2	OnlineWebFonts WOFF2 응답 확인 (https://www.onlinewebfonts.com/download/5f81cce6bdf565e42056ab354b37b83c); 실제 서비스 배포 전 원 권리자 사용 허가 확인 필요
Cheq	cheq	1	not-found	불가	불가	검증 가능한 웹폰트 파일 미발견		@cheq.ai/cheq-middlewares, @cheq.ai/cheq-enforce-react, cheq				Fontsource·명시 별칭·jsDelivr 웹 검색에서 검증 가능한 패키지를 찾지 못함
Chevron Dingbats	chevron dingbats	1	not-found	불가	불가	검증 가능한 웹폰트 파일 미발견		nav-frontend-chevron-style, @tds/core-chevron-link, nav-frontend-chevron				Fontsource·명시 별칭·jsDelivr 웹 검색에서 검증 가능한 패키지를 찾지 못함
Chiller	chiller	3	license-review	가능	라이선스 검토 필요	CDN 응답은 확인했지만 원 권리자의 웹 사용 허가를 확인하지 못함	OnlineWebFonts	onlinewebfonts:cfde7197e2e3b805f27da82b6faa93e6	cfde7197e2e3b805f27da82b6faa93e6	원 권리자 웹 사용 허가 미확인	https://db.onlinewebfonts.com/t/cfde7197e2e3b805f27da82b6faa93e6.woff2	OnlineWebFonts WOFF2 응답 확인 (https://www.onlinewebfonts.com/download/cfde7197e2e3b805f27da82b6faa93e6); 실제 서비스 배포 전 원 권리자 사용 허가 확인 필요
Chinese Pinyin	chinese pinyin	1	license-review	가능	라이선스 검토 필요	CDN 응답은 확인했지만 원 권리자의 웹 사용 허가를 확인하지 못함	OnlineWebFonts	onlinewebfonts:9cc6d1698ea207f1563855cdd7391ced	9cc6d1698ea207f1563855cdd7391ced	원 권리자 웹 사용 허가 미확인	https://db.onlinewebfonts.com/t/9cc6d1698ea207f1563855cdd7391ced.woff2	OnlineWebFonts WOFF2 응답 확인 (https://www.onlinewebfonts.com/download/9cc6d1698ea207f1563855cdd7391ced); 실제 서비스 배포 전 원 권리자 사용 허가 확인 필요
Chinese Pinyin Cap	chinese pinyin cap	1	not-found	불가	불가	검증 가능한 웹폰트 파일 미발견		date-chinese, pinyin, pinyin-pro				Fontsource·명시 별칭·jsDelivr 웹 검색에서 검증 가능한 패키지를 찾지 못함
Christian Crosses	christian crosses	1	not-found	불가	불가	검증 가능한 웹폰트 파일 미발견		@christian-martins/react-grid-carousel, @turf/boolean-crosses, @spatial/boolean-crosses				Fontsource·명시 별칭·jsDelivr 웹 검색에서 검증 가능한 패키지를 찾지 못함
Chung's Dingbats	chung's dingbats	1	not-found	불가	불가	검증 가능한 웹폰트 파일 미발견		chung-rn, dingbats, lookout-dingbats				Fontsource·명시 별칭·jsDelivr 웹 검색에서 검증 가능한 패키지를 찾지 못함
Cindy Icons	cindy icons	1	not-found	불가	불가	검증 가능한 웹폰트 파일 미발견		@byhuz/huz-ui-cindy, cindy-umi4, cindy-menjes19-sukiwir				Fontsource·명시 별칭·jsDelivr 웹 검색에서 검증 가능한 패키지를 찾지 못함
Cityscape™	cityscape™	1	not-found	불가	불가	검증 가능한 웹폰트 파일 미발견		@marianmeres/cityscape, emoji-cityscape, cityscape-common-package				Fontsource·명시 별칭·jsDelivr 웹 검색에서 검증 가능한 패키지를 찾지 못함
Classified	classified	1	license-review	가능	라이선스 검토 필요	CDN 응답은 확인했지만 원 권리자의 웹 사용 허가를 확인하지 못함	OnlineWebFonts	onlinewebfonts:e8458e6406a7244d6fc96461481cc63e	e8458e6406a7244d6fc96461481cc63e	원 권리자 웹 사용 허가 미확인	https://db.onlinewebfonts.com/t/e8458e6406a7244d6fc96461481cc63e.woff2	OnlineWebFonts WOFF2 응답 확인 (https://www.onlinewebfonts.com/download/e8458e6406a7244d6fc96461481cc63e); 실제 서비스 배포 전 원 권리자 사용 허가 확인 필요
Colonna MT	colonna mt	3	license-review	가능	라이선스 검토 필요	CDN 응답은 확인했지만 원 권리자의 웹 사용 허가를 확인하지 못함	OnlineWebFonts	onlinewebfonts:91dd06fc110a0b45117e9338dcb9dcf9	91dd06fc110a0b45117e9338dcb9dcf9	원 권리자 웹 사용 허가 미확인	https://db.onlinewebfonts.com/t/91dd06fc110a0b45117e9338dcb9dcf9.woff2	OnlineWebFonts WOFF2 응답 확인 (https://www.onlinewebfonts.com/download/91dd06fc110a0b45117e9338dcb9dcf9); 실제 서비스 배포 전 원 권리자 사용 허가 확인 필요
Comic Sans MS	comic sans ms	12	available	가능	라이선스 검토 필요	CDN 응답은 확인했지만 패키지 라이선스 근거가 부족함	jsDelivr 웹 검색	@canvas-fonts/comic-sans-ms	1.0.4	패키지 메타데이터 미확인	https://cdn.jsdelivr.net/npm/@canvas-fonts/comic-sans-ms@1.0.4/Comic Sans MS.ttf	jsDelivr 웹 검색 후 실제 CDN 글꼴 파일 응답 확인
CommercialPi BT	commercialpi bt	1	not-found	불가	불가	검증 가능한 웹폰트 파일 미발견						Fontsource·명시 별칭·jsDelivr 웹 검색에서 검증 가능한 패키지를 찾지 못함
CommercialScript BT	commercialscript bt	10	license-review	가능	라이선스 검토 필요	CDN 응답은 확인했지만 원 권리자의 웹 사용 허가를 확인하지 못함	OnlineWebFonts	onlinewebfonts:449b1c567da51480d590112112addcd6	449b1c567da51480d590112112addcd6	원 권리자 웹 사용 허가 미확인	https://db.onlinewebfonts.com/t/449b1c567da51480d590112112addcd6.woff2	OnlineWebFonts WOFF2 응답 확인 (https://www.onlinewebfonts.com/download/449b1c567da51480d590112112addcd6); 실제 서비스 배포 전 원 권리자 사용 허가 확인 필요
Consolas	consolas	3	license-review	가능	라이선스 검토 필요	CDN 응답은 확인했지만 원 권리자의 웹 사용 허가를 확인하지 못함	OnlineWebFonts	onlinewebfonts:1db29588408eadbd4406aae9238555eb	1db29588408eadbd4406aae9238555eb	원 권리자 웹 사용 허가 미확인	https://db.onlinewebfonts.com/t/1db29588408eadbd4406aae9238555eb.woff2	OnlineWebFonts WOFF2 응답 확인 (https://www.onlinewebfonts.com/download/1db29588408eadbd4406aae9238555eb); 실제 서비스 배포 전 원 권리자 사용 허가 확인 필요
Constantia	constantia	3	license-review	가능	라이선스 검토 필요	CDN 응답은 확인했지만 원 권리자의 웹 사용 허가를 확인하지 못함	OnlineWebFonts	onlinewebfonts:0b9856633d4311a19df074ea509d8390	0b9856633d4311a19df074ea509d8390	원 권리자 웹 사용 허가 미확인	https://db.onlinewebfonts.com/t/0b9856633d4311a19df074ea509d8390.woff2	OnlineWebFonts WOFF2 응답 확인 (https://www.onlinewebfonts.com/download/0b9856633d4311a19df074ea509d8390); 실제 서비스 배포 전 원 권리자 사용 허가 확인 필요
Cooper Black	cooper	3	available	가능	라이선스 검토 필요	CDN 응답은 확인했지만 패키지 라이선스 근거가 부족함	jsDelivr 웹 검색	fonts-archive-cooper-black	0.0.0	패키지 메타데이터 미확인	https://cdn.jsdelivr.net/npm/fonts-archive-cooper-black@0.0.0/CooperBlack Italic-Regular.otf	jsDelivr 웹 검색 후 실제 CDN 글꼴 파일 응답 확인
Cooper Blk BT	cooper blk bt	10	license-review	가능	라이선스 검토 필요	CDN 응답은 확인했지만 원 권리자의 웹 사용 허가를 확인하지 못함	OnlineWebFonts	onlinewebfonts:5ef79458159fb07a0c8f9b9a9a99c666	5ef79458159fb07a0c8f9b9a9a99c666	원 권리자 웹 사용 허가 미확인	https://db.onlinewebfonts.com/t/5ef79458159fb07a0c8f9b9a9a99c666.woff2	OnlineWebFonts WOFF2 응답 확인 (https://www.onlinewebfonts.com/download/5ef79458159fb07a0c8f9b9a9a99c666); 실제 서비스 배포 전 원 권리자 사용 허가 확인 필요
Cooper Std Black	cooper std	1	not-found	불가	불가	검증 가능한 웹폰트 파일 미발견		@fontsource/cooper-hewitt, @cooperco/cooper-component-library, @cooperco/component-library-mcp-server				Fontsource·명시 별칭·jsDelivr 웹 검색에서 검증 가능한 패키지를 찾지 못함; Noonnu 조회 실패: HTTP 429
Copperplate Gothic Bold	copperplate gothic	5	license-review	가능	라이선스 검토 필요	CDN 응답은 확인했지만 원 권리자의 웹 사용 허가를 확인하지 못함	OnlineWebFonts	onlinewebfonts:483f8a5e2868222491b8baed78121c3a	483f8a5e2868222491b8baed78121c3a	원 권리자 웹 사용 허가 미확인	https://db.onlinewebfonts.com/t/483f8a5e2868222491b8baed78121c3a.woff2	OnlineWebFonts WOFF2 응답 확인 (https://www.onlinewebfonts.com/download/483f8a5e2868222491b8baed78121c3a); 실제 서비스 배포 전 원 권리자 사용 허가 확인 필요
Copperplate Gothic Light	copperplate gothic	4	license-review	가능	라이선스 검토 필요	CDN 응답은 확인했지만 원 권리자의 웹 사용 허가를 확인하지 못함	OnlineWebFonts	onlinewebfonts:483f8a5e2868222491b8baed78121c3a	483f8a5e2868222491b8baed78121c3a	원 권리자 웹 사용 허가 미확인	https://db.onlinewebfonts.com/t/483f8a5e2868222491b8baed78121c3a.woff2	OnlineWebFonts WOFF2 응답 확인 (https://www.onlinewebfonts.com/download/483f8a5e2868222491b8baed78121c3a); 실제 서비스 배포 전 원 권리자 사용 허가 확인 필요
Corbel	corbel	3	license-review	가능	라이선스 검토 필요	CDN 응답은 확인했지만 원 권리자의 웹 사용 허가를 확인하지 못함	OnlineWebFonts	onlinewebfonts:29dc27977e417a98e56556776f41607c	29dc27977e417a98e56556776f41607c	원 권리자 웹 사용 허가 미확인	https://db.onlinewebfonts.com/t/29dc27977e417a98e56556776f41607c.woff2	OnlineWebFonts WOFF2 응답 확인 (https://www.onlinewebfonts.com/download/29dc27977e417a98e56556776f41607c); 실제 서비스 배포 전 원 권리자 사용 허가 확인 필요
Cordia New	cordia new	2	license-review	가능	라이선스 검토 필요	CDN 응답은 확인했지만 원 권리자의 웹 사용 허가를 확인하지 못함	OnlineWebFonts	onlinewebfonts:1059ad38e2a3bd334504686a2901eedb	1059ad38e2a3bd334504686a2901eedb	원 권리자 웹 사용 허가 미확인	https://db.onlinewebfonts.com/t/1059ad38e2a3bd334504686a2901eedb.woff2	OnlineWebFonts WOFF2 응답 확인 (https://www.onlinewebfonts.com/download/1059ad38e2a3bd334504686a2901eedb); 실제 서비스 배포 전 원 권리자 사용 허가 확인 필요
CordiaUPC	cordiaupc	1	license-review	가능	라이선스 검토 필요	CDN 응답은 확인했지만 원 권리자의 웹 사용 허가를 확인하지 못함	OnlineWebFonts	onlinewebfonts:176f351ee3a9cbbef0b8b8c6a32679a9	176f351ee3a9cbbef0b8b8c6a32679a9	원 권리자 웹 사용 허가 미확인	https://db.onlinewebfonts.com/t/176f351ee3a9cbbef0b8b8c6a32679a9.woff2	OnlineWebFonts WOFF2 응답 확인 (https://www.onlinewebfonts.com/download/176f351ee3a9cbbef0b8b8c6a32679a9); 실제 서비스 배포 전 원 권리자 사용 허가 확인 필요
Counterscraps	counterscraps	1	not-found	불가	불가	검증 가능한 웹폰트 파일 미발견						Fontsource·명시 별칭·jsDelivr 웹 검색에서 검증 가능한 패키지를 찾지 못함; Noonnu 조회 실패: HTTP 429
Courier New	courier new	37	available	가능	라이선스 검토 필요	CDN 응답은 확인했지만 패키지 라이선스 근거가 부족함	jsDelivr 웹 검색	@canvas-fonts/courier-new	1.0.4	패키지 메타데이터 미확인	https://cdn.jsdelivr.net/npm/@canvas-fonts/courier-new@1.0.4/Courier New.ttf	jsDelivr 웹 검색 후 실제 CDN 글꼴 파일 응답 확인
Courier10 BT	courier10 bt	10	license-review	가능	라이선스 검토 필요	CDN 응답은 확인했지만 원 권리자의 웹 사용 허가를 확인하지 못함	OnlineWebFonts	onlinewebfonts:8c87ce7c5ad1cf181e1020e401990e39	8c87ce7c5ad1cf181e1020e401990e39	원 권리자 웹 사용 허가 미확인	https://db.onlinewebfonts.com/t/8c87ce7c5ad1cf181e1020e401990e39.woff2	OnlineWebFonts WOFF2 응답 확인 (https://www.onlinewebfonts.com/download/8c87ce7c5ad1cf181e1020e401990e39); 실제 서비스 배포 전 원 권리자 사용 허가 확인 필요
Crayon Kids 1	crayon kids 1	1	not-found	불가	불가	검증 가능한 웹폰트 파일 미발견		@freshworks/crayons, @kids-game-ui/react, @kids-game-ui/opening				Fontsource·명시 별칭·jsDelivr 웹 검색에서 검증 가능한 패키지를 찾지 못함; Noonnu 조회 실패: HTTP 429
Cre고딕 M	cre고딕	1	not-found	불가	불가	검증 가능한 웹폰트 파일 미발견						Fontsource·명시 별칭·jsDelivr 웹 검색에서 검증 가능한 패키지를 찾지 못함; Noonnu 조회 실패: HTTP 429
Crop Circle Dingbats	crop circle dingbats	1	not-found	불가	불가	검증 가능한 웹폰트 파일 미발견		cropperjs, cropit, @jimp/plugin-crop				Fontsource·명시 별칭·jsDelivr 웹 검색에서 검증 가능한 패키지를 찾지 못함; Noonnu 조회 실패: HTTP 429
CropBats II AOE	cropbats ii aoe	1	not-found	불가	불가	검증 가능한 웹폰트 파일 미발견						Fontsource·명시 별칭·jsDelivr 웹 검색에서 검증 가능한 패키지를 찾지 못함; Noonnu 조회 실패: HTTP 429
CU_SYMBL	cu symbl	1	not-found	불가	불가	검증 가능한 웹폰트 파일 미발견						Fontsource·명시 별칭·jsDelivr 웹 검색에서 검증 가능한 패키지를 찾지 못함; Noonnu 조회 실패: HTTP 429
Curlz MT	curlz mt	3	license-review	가능	라이선스 검토 필요	CDN 응답은 확인했지만 원 권리자의 웹 사용 허가를 확인하지 못함	OnlineWebFonts	onlinewebfonts:3567d4a22b8d7e0d857a16df0afbaa1d	3567d4a22b8d7e0d857a16df0afbaa1d	원 권리자 웹 사용 허가 미확인	https://db.onlinewebfonts.com/t/3567d4a22b8d7e0d857a16df0afbaa1d.woff2	OnlineWebFonts WOFF2 응답 확인 (https://www.onlinewebfonts.com/download/3567d4a22b8d7e0d857a16df0afbaa1d); 실제 서비스 배포 전 원 권리자 사용 허가 확인 필요
DANCEMAN	danceman	1	not-found	불가	불가	검증 가능한 웹폰트 파일 미발견						Fontsource·명시 별칭·jsDelivr 웹 검색에서 검증 가능한 패키지를 찾지 못함; Noonnu 조회 실패: HTTP 429
DaunPenh	daunpenh	1	license-review	가능	라이선스 검토 필요	CDN 응답은 확인했지만 원 권리자의 웹 사용 허가를 확인하지 못함	OnlineWebFonts	onlinewebfonts:5a68a4e0bd54f918326fdcf96028e3ff	5a68a4e0bd54f918326fdcf96028e3ff	원 권리자 웹 사용 허가 미확인	https://db.onlinewebfonts.com/t/5a68a4e0bd54f918326fdcf96028e3ff.woff2	OnlineWebFonts WOFF2 응답 확인 (https://www.onlinewebfonts.com/download/5a68a4e0bd54f918326fdcf96028e3ff); 실제 서비스 배포 전 원 권리자 사용 허가 확인 필요
David	david	1	license-review	가능	라이선스 검토 필요	CDN 응답은 확인했지만 원 권리자의 웹 사용 허가를 확인하지 못함	OnlineWebFonts	onlinewebfonts:b7a8f333c3a51885cf591cb7f00d6458	b7a8f333c3a51885cf591cb7f00d6458	원 권리자 웹 사용 허가 미확인	https://db.onlinewebfonts.com/t/b7a8f333c3a51885cf591cb7f00d6458.woff2	OnlineWebFonts WOFF2 응답 확인 (https://www.onlinewebfonts.com/download/b7a8f333c3a51885cf591cb7f00d6458); 실제 서비스 배포 전 원 권리자 사용 허가 확인 필요
David Transparent	david transparent	1	not-found	불가	불가	검증 가능한 웹폰트 파일 미발견		@david.kucsai/react-pdf-table, @fontsource/david-libre, david				Fontsource·명시 별칭·jsDelivr 웹 검색에서 검증 가능한 패키지를 찾지 못함; Noonnu 조회 실패: HTTP 429
Davys	davys	1	license-review	가능	라이선스 검토 필요	CDN 응답은 확인했지만 원 권리자의 웹 사용 허가를 확인하지 못함	OnlineWebFonts	onlinewebfonts:6e51d8139f13fb854162df7ce4ba5d71	6e51d8139f13fb854162df7ce4ba5d71	원 권리자 웹 사용 허가 미확인	https://db.onlinewebfonts.com/t/6e51d8139f13fb854162df7ce4ba5d71.woff2	OnlineWebFonts WOFF2 응답 확인 (https://www.onlinewebfonts.com/download/6e51d8139f13fb854162df7ce4ba5d71); 실제 서비스 배포 전 원 권리자 사용 허가 확인 필요
DavysOtherDingbats	davysotherdingbats	1	not-found	불가	불가	검증 가능한 웹폰트 파일 미발견						Fontsource·명시 별칭·jsDelivr 웹 검색에서 검증 가능한 패키지를 찾지 못함; Noonnu 조회 실패: HTTP 429
DDP_B_131224	ddp b 131224	3	not-found	불가	불가	검증 가능한 웹폰트 파일 미발견						Fontsource·명시 별칭·jsDelivr 웹 검색에서 검증 가능한 패키지를 찾지 못함; Noonnu 조회 실패: HTTP 429
Death Valley Dingbats	death valley dingbats	1	not-found	불가	불가	검증 가능한 웹폰트 파일 미발견		death, @types/death, @breadc/death				Fontsource·명시 별칭·jsDelivr 웹 검색에서 검증 가능한 패키지를 찾지 못함; Noonnu 조회 실패: HTTP 429
Deejay Supreme	deejay supreme	1	not-found	불가	불가	검증 가능한 웹폰트 파일 미발견		deejay-rxjs-dsl, deejay-file-query, deejay-translate				Fontsource·명시 별칭·jsDelivr 웹 검색에서 검증 가능한 패키지를 찾지 못함; Noonnu 조회 실패: HTTP 429
DejaVu Serif	dejavu serif	1	available	가능	가능	공급 경로의 라이선스 단서와 CDN 응답 확인	Fontsource npm	@fontsource/dejavu-serif	5.3.0	OFL-1.1	https://cdn.jsdelivr.net/npm/@fontsource/dejavu-serif@5.3.0/files/dejavu-serif-latin-400-italic.woff	패키지 메타데이터와 실제 CDN 글꼴 파일 응답 확인
DFKai-SB	dfkai sb	1	license-review	가능	라이선스 검토 필요	CDN 응답은 확인했지만 원 권리자의 웹 사용 허가를 확인하지 못함	OnlineWebFonts	onlinewebfonts:fe4f9dac99fb6b607c03981e6ce16869	fe4f9dac99fb6b607c03981e6ce16869	원 권리자 웹 사용 허가 미확인	https://db.onlinewebfonts.com/t/fe4f9dac99fb6b607c03981e6ce16869.woff2	OnlineWebFonts WOFF2 응답 확인 (https://www.onlinewebfonts.com/download/fe4f9dac99fb6b607c03981e6ce16869); 실제 서비스 배포 전 원 권리자 사용 허가 확인 필요
DilleniaUPC	dilleniaupc	1	license-review	가능	라이선스 검토 필요	CDN 응답은 확인했지만 원 권리자의 웹 사용 허가를 확인하지 못함	OnlineWebFonts	onlinewebfonts:00baad9fcb954edda045da7514566983	00baad9fcb954edda045da7514566983	원 권리자 웹 사용 허가 미확인	https://db.onlinewebfonts.com/t/00baad9fcb954edda045da7514566983.woff2	OnlineWebFonts WOFF2 응답 확인 (https://www.onlinewebfonts.com/download/00baad9fcb954edda045da7514566983); 실제 서비스 배포 전 원 권리자 사용 허가 확인 필요
DIN-Regular	din	1	license-review	가능	라이선스 검토 필요	CDN 응답은 확인했지만 원 권리자의 웹 사용 허가를 확인하지 못함	OnlineWebFonts	onlinewebfonts:43c793eb9fcfce5efd986389cceb93d0	43c793eb9fcfce5efd986389cceb93d0	원 권리자 웹 사용 허가 미확인	https://db.onlinewebfonts.com/t/43c793eb9fcfce5efd986389cceb93d0.woff2	OnlineWebFonts WOFF2 응답 확인 (https://www.onlinewebfonts.com/download/43c793eb9fcfce5efd986389cceb93d0); 실제 서비스 배포 전 원 권리자 사용 허가 확인 필요
Dinbla	dinbla	2	not-found	불가	불가	검증 가능한 웹폰트 파일 미발견						Fontsource·명시 별칭·jsDelivr 웹 검색에서 검증 가능한 패키지를 찾지 못함; Noonnu 조회 실패: HTTP 429
Dinbol	dinbol	1	not-found	불가	불가	검증 가능한 웹폰트 파일 미발견						Fontsource·명시 별칭·jsDelivr 웹 검색에서 검증 가능한 패키지를 찾지 못함; Noonnu 조회 실패: HTTP 429
Dingbat Cats 2	dingbat cats 2	1	not-found	불가	불가	검증 가능한 웹폰트 파일 미발견		dingbat-to-unicode, dingbatch, dingbats				Fontsource·명시 별칭·jsDelivr 웹 검색에서 검증 가능한 패키지를 찾지 못함; Noonnu 조회 실패: HTTP 429
Dinlig	dinlig	4	not-found	불가	불가	검증 가능한 웹폰트 파일 미발견						Fontsource·명시 별칭·jsDelivr 웹 검색에서 검증 가능한 패키지를 찾지 못함; Noonnu 조회 실패: HTTP 429
Dinmed	dinmed	3	not-found	불가	불가	검증 가능한 웹폰트 파일 미발견						Fontsource·명시 별칭·jsDelivr 웹 검색에서 검증 가능한 패키지를 찾지 못함; Noonnu 조회 실패: HTTP 429
DinosoType	dinosotype	1	not-found	불가	불가	검증 가능한 웹폰트 파일 미발견						Fontsource·명시 별칭·jsDelivr 웹 검색에서 검증 가능한 패키지를 찾지 못함; Noonnu 조회 실패: HTTP 429
Dinreg	dinreg	2	not-found	불가	불가	검증 가능한 웹폰트 파일 미발견						Fontsource·명시 별칭·jsDelivr 웹 검색에서 검증 가능한 패키지를 찾지 못함; Noonnu 조회 실패: HTTP 429
DokChampa	dokchampa	1	license-review	가능	라이선스 검토 필요	CDN 응답은 확인했지만 원 권리자의 웹 사용 허가를 확인하지 못함	OnlineWebFonts	onlinewebfonts:119688cc24c7a1c78a469b0ed365edd7	119688cc24c7a1c78a469b0ed365edd7	원 권리자 웹 사용 허가 미확인	https://db.onlinewebfonts.com/t/119688cc24c7a1c78a469b0ed365edd7.woff2	OnlineWebFonts WOFF2 응답 확인 (https://www.onlinewebfonts.com/download/119688cc24c7a1c78a469b0ed365edd7); 실제 서비스 배포 전 원 권리자 사용 허가 확인 필요
DomCasual BT	domcasual bt	10	license-review	가능	라이선스 검토 필요	CDN 응답은 확인했지만 원 권리자의 웹 사용 허가를 확인하지 못함	OnlineWebFonts	onlinewebfonts:fd4e2b1939db4f17e901e779c80f1d4c	fd4e2b1939db4f17e901e779c80f1d4c	원 권리자 웹 사용 허가 미확인	https://db.onlinewebfonts.com/t/fd4e2b1939db4f17e901e779c80f1d4c.woff2	OnlineWebFonts WOFF2 응답 확인 (https://www.onlinewebfonts.com/download/fd4e2b1939db4f17e901e779c80f1d4c); 실제 서비스 배포 전 원 권리자 사용 허가 확인 필요
Earwig Factory	earwig factory	1	license-review	가능	라이선스 검토 필요	CDN 응답은 확인했지만 원 권리자의 웹 사용 허가를 확인하지 못함	OnlineWebFonts	onlinewebfonts:89805337c6b1530a814b180a8fed8cd6	89805337c6b1530a814b180a8fed8cd6	원 권리자 웹 사용 허가 미확인	https://db.onlinewebfonts.com/t/89805337c6b1530a814b180a8fed8cd6.woff2	OnlineWebFonts WOFF2 응답 확인 (https://www.onlinewebfonts.com/download/89805337c6b1530a814b180a8fed8cd6); 실제 서비스 배포 전 원 권리자 사용 허가 확인 필요
EastMarket	eastmarket	1	license-review	가능	라이선스 검토 필요	CDN 응답은 확인했지만 원 권리자의 웹 사용 허가를 확인하지 못함	OnlineWebFonts	onlinewebfonts:2ffa9c3db97bd6f11c13816a77cb0acc	2ffa9c3db97bd6f11c13816a77cb0acc	원 권리자 웹 사용 허가 미확인	https://db.onlinewebfonts.com/t/2ffa9c3db97bd6f11c13816a77cb0acc.woff2	OnlineWebFonts WOFF2 응답 확인 (https://www.onlinewebfonts.com/download/2ffa9c3db97bd6f11c13816a77cb0acc); 실제 서비스 배포 전 원 권리자 사용 허가 확인 필요
Ebrima	ebrima	1	license-review	가능	라이선스 검토 필요	CDN 응답은 확인했지만 원 권리자의 웹 사용 허가를 확인하지 못함	OnlineWebFonts	onlinewebfonts:1ba82d324736a8a9d4327d482c4627c4	1ba82d324736a8a9d4327d482c4627c4	원 권리자 웹 사용 허가 미확인	https://db.onlinewebfonts.com/t/1ba82d324736a8a9d4327d482c4627c4.woff2	OnlineWebFonts WOFF2 응답 확인 (https://www.onlinewebfonts.com/download/1ba82d324736a8a9d4327d482c4627c4); 실제 서비스 배포 전 원 권리자 사용 허가 확인 필요
Edition	edition	1	not-found	불가	불가	검증 가능한 웹폰트 파일 미발견		@mui/x-date-pickers, @mui/x-data-grid, gonzales-pe				Fontsource·명시 별칭·jsDelivr 웹 검색에서 검증 가능한 패키지를 찾지 못함; Noonnu 조회 실패: HTTP 429
Edwardian Script ITC	edwardian script itc	3	license-review	가능	라이선스 검토 필요	CDN 응답은 확인했지만 원 권리자의 웹 사용 허가를 확인하지 못함	OnlineWebFonts	onlinewebfonts:84ae358e627d67d90bd613fcedc20c10	84ae358e627d67d90bd613fcedc20c10	원 권리자 웹 사용 허가 미확인	https://db.onlinewebfonts.com/t/84ae358e627d67d90bd613fcedc20c10.woff2	OnlineWebFonts WOFF2 응답 확인 (https://www.onlinewebfonts.com/download/84ae358e627d67d90bd613fcedc20c10); 실제 서비스 배포 전 원 권리자 사용 허가 확인 필요
Elephant	elephant	3	license-review	가능	라이선스 검토 필요	CDN 응답은 확인했지만 원 권리자의 웹 사용 허가를 확인하지 못함	OnlineWebFonts	onlinewebfonts:bd7064a014d98f04fad0891082a6d521	bd7064a014d98f04fad0891082a6d521	원 권리자 웹 사용 허가 미확인	https://db.onlinewebfonts.com/t/bd7064a014d98f04fad0891082a6d521.woff2	OnlineWebFonts WOFF2 응답 확인 (https://www.onlinewebfonts.com/download/bd7064a014d98f04fad0891082a6d521); 실제 서비스 배포 전 원 권리자 사용 허가 확인 필요
Engravers MT	engravers mt	3	license-review	가능	라이선스 검토 필요	CDN 응답은 확인했지만 원 권리자의 웹 사용 허가를 확인하지 못함	OnlineWebFonts	onlinewebfonts:3135c98efb051f346203c2f2ed708638	3135c98efb051f346203c2f2ed708638	원 권리자 웹 사용 허가 미확인	https://db.onlinewebfonts.com/t/3135c98efb051f346203c2f2ed708638.woff2	OnlineWebFonts WOFF2 응답 확인 (https://www.onlinewebfonts.com/download/3135c98efb051f346203c2f2ed708638); 실제 서비스 배포 전 원 권리자 사용 허가 확인 필요
Enya	enya	1	not-found	불가	불가	검증 가능한 웹폰트 파일 미발견		@enya-learning/nova, enya-public, feveriq				Fontsource·명시 별칭·jsDelivr 웹 검색에서 검증 가능한 패키지를 찾지 못함; Noonnu 조회 실패: HTTP 429
Eras Bold ITC	eras bold itc	3	license-review	가능	라이선스 검토 필요	CDN 응답은 확인했지만 원 권리자의 웹 사용 허가를 확인하지 못함	OnlineWebFonts	onlinewebfonts:401b3afcdd14cf76b92956ecc7f7d8e6	401b3afcdd14cf76b92956ecc7f7d8e6	원 권리자 웹 사용 허가 미확인	https://db.onlinewebfonts.com/t/401b3afcdd14cf76b92956ecc7f7d8e6.woff2	OnlineWebFonts WOFF2 응답 확인 (https://www.onlinewebfonts.com/download/401b3afcdd14cf76b92956ecc7f7d8e6); 실제 서비스 배포 전 원 권리자 사용 허가 확인 필요
Eras Demi ITC	eras demi itc	3	not-found	불가	불가	검증 가능한 웹폰트 파일 미발견		erasable-pkg, @music-league-eras/local-runner, eras				Fontsource·명시 별칭·jsDelivr 웹 검색에서 검증 가능한 패키지를 찾지 못함; Noonnu 조회 실패: HTTP 429
Eras Light ITC	eras light itc	3	license-review	가능	라이선스 검토 필요	CDN 응답은 확인했지만 원 권리자의 웹 사용 허가를 확인하지 못함	OnlineWebFonts	onlinewebfonts:1de5ea5f55f61a4aa5a2a7fb39306cfe	1de5ea5f55f61a4aa5a2a7fb39306cfe	원 권리자 웹 사용 허가 미확인	https://db.onlinewebfonts.com/t/1de5ea5f55f61a4aa5a2a7fb39306cfe.woff2	OnlineWebFonts WOFF2 응답 확인 (https://www.onlinewebfonts.com/download/1de5ea5f55f61a4aa5a2a7fb39306cfe); 실제 서비스 배포 전 원 권리자 사용 허가 확인 필요
Eras Medium ITC	eras medium itc	3	license-review	가능	라이선스 검토 필요	CDN 응답은 확인했지만 원 권리자의 웹 사용 허가를 확인하지 못함	OnlineWebFonts	onlinewebfonts:7d1c0df7a7b61f4189d0ca451f707db0	7d1c0df7a7b61f4189d0ca451f707db0	원 권리자 웹 사용 허가 미확인	https://db.onlinewebfonts.com/t/7d1c0df7a7b61f4189d0ca451f707db0.woff2	OnlineWebFonts WOFF2 응답 확인 (https://www.onlinewebfonts.com/download/7d1c0df7a7b61f4189d0ca451f707db0); 실제 서비스 배포 전 원 권리자 사용 허가 확인 필요
Esperanza™	esperanza™	1	not-found	불가	불가	검증 가능한 웹폰트 파일 미발견						Fontsource·명시 별칭·jsDelivr 웹 검색에서 검증 가능한 패키지를 찾지 못함; Noonnu 조회 실패: HTTP 429
Estrangelo Edessa	estrangelo edessa	8	not-found	불가	불가	검증 가능한 웹폰트 파일 미발견		edessa				Fontsource·명시 별칭·jsDelivr 웹 검색에서 검증 가능한 패키지를 찾지 못함; Noonnu 조회 실패: HTTP 429
Euclid	euclid	1	license-review	가능	라이선스 검토 필요	CDN 응답은 확인했지만 원 권리자의 웹 사용 허가를 확인하지 못함	OnlineWebFonts	onlinewebfonts:c0152cb744b60409569eeee46b8897f3	c0152cb744b60409569eeee46b8897f3	원 권리자 웹 사용 허가 미확인	https://db.onlinewebfonts.com/t/c0152cb744b60409569eeee46b8897f3.woff2	OnlineWebFonts WOFF2 응답 확인 (https://www.onlinewebfonts.com/download/c0152cb744b60409569eeee46b8897f3); 실제 서비스 배포 전 원 권리자 사용 허가 확인 필요
EucrosiaUPC	eucrosiaupc	1	license-review	가능	라이선스 검토 필요	CDN 응답은 확인했지만 원 권리자의 웹 사용 허가를 확인하지 못함	OnlineWebFonts	onlinewebfonts:ae32da51cb4715541b6a9f2a5e3939f0	ae32da51cb4715541b6a9f2a5e3939f0	원 권리자 웹 사용 허가 미확인	https://db.onlinewebfonts.com/t/ae32da51cb4715541b6a9f2a5e3939f0.woff2	OnlineWebFonts WOFF2 응답 확인 (https://www.onlinewebfonts.com/download/ae32da51cb4715541b6a9f2a5e3939f0); 실제 서비스 배포 전 원 권리자 사용 허가 확인 필요
Euphemia	euphemia	1	license-review	가능	라이선스 검토 필요	CDN 응답은 확인했지만 원 권리자의 웹 사용 허가를 확인하지 못함	OnlineWebFonts	onlinewebfonts:5c81010800152b142ea357ccbee8c40e	5c81010800152b142ea357ccbee8c40e	원 권리자 웹 사용 허가 미확인	https://db.onlinewebfonts.com/t/5c81010800152b142ea357ccbee8c40e.woff2	OnlineWebFonts WOFF2 응답 확인 (https://www.onlinewebfonts.com/download/5c81010800152b142ea357ccbee8c40e); 실제 서비스 배포 전 원 권리자 사용 허가 확인 필요
Euro Batang	euro batang	1	not-found	불가	불가	검증 가능한 웹폰트 파일 미발견		@europeana/feedback-widget, ecb-euro-exchange-rates, 1eurofilter				Fontsource·명시 별칭·jsDelivr 웹 검색에서 검증 가능한 패키지를 찾지 못함; Noonnu 조회 실패: HTTP 429
Euro Dotum	euro dotum	1	not-found	불가	불가	검증 가능한 웹폰트 파일 미발견		@europeana/feedback-widget, ecb-euro-exchange-rates, 1eurofilter				Fontsource·명시 별칭·jsDelivr 웹 검색에서 검증 가능한 패키지를 찾지 못함; Noonnu 조회 실패: HTTP 429
Euro Gulim	euro gulim	1	not-found	불가	불가	검증 가능한 웹폰트 파일 미발견		@europeana/feedback-widget, ecb-euro-exchange-rates, 1eurofilter				Fontsource·명시 별칭·jsDelivr 웹 검색에서 검증 가능한 패키지를 찾지 못함; Noonnu 조회 실패: HTTP 429
Euro Gungso	euro gungso	1	not-found	불가	불가	검증 가능한 웹폰트 파일 미발견		@europeana/feedback-widget, ecb-euro-exchange-rates, 1eurofilter				Fontsource·명시 별칭·jsDelivr 웹 검색에서 검증 가능한 패키지를 찾지 못함; Noonnu 조회 실패: HTTP 429
Ewok	ewok	1	not-found	불가	불가	검증 가능한 웹폰트 파일 미발견		@translogia/tedi-ewok, good-ewok, good-boy-ewok				Fontsource·명시 별칭·jsDelivr 웹 검색에서 검증 가능한 패키지를 찾지 못함; Noonnu 조회 실패: HTTP 429
ExpressionismJL	expressionismjl	1	not-found	불가	불가	검증 가능한 웹폰트 파일 미발견						Fontsource·명시 별칭·jsDelivr 웹 검색에서 검증 가능한 패키지를 찾지 못함; Noonnu 조회 실패: HTTP 429
FangSong	fangsong	1	available	가능	가능	공급 경로의 라이선스 단서와 CDN 응답 확인	jsDelivr 웹 검색	@fontpkg/zhuque-fangsong-technical-preview	0.212.0	SEE LICENSE IN README.md	https://cdn.jsdelivr.net/npm/@fontpkg/zhuque-fangsong-technical-preview@0.212.0/ZhuqueFangsong-Regular.ttf	jsDelivr 웹 검색 후 실제 CDN 글꼴 파일 응답 확인
fantas second	fantas second	1	not-found	불가	불가	검증 가능한 웹폰트 파일 미발견		fantasticon, ramda-fantasy, @twbs/fantasticon				Fontsource·명시 별칭·jsDelivr 웹 검색에서 검증 가능한 패키지를 찾지 못함; Noonnu 조회 실패: HTTP 429
FD	fd	1	not-found	불가	불가	검증 가능한 웹폰트 파일 미발견						Fontsource·명시 별칭·jsDelivr 웹 검색에서 검증 가능한 패키지를 찾지 못함; Noonnu 조회 실패: HTTP 429
Felix Titling	felix titling	3	license-review	가능	라이선스 검토 필요	CDN 응답은 확인했지만 원 권리자의 웹 사용 허가를 확인하지 못함	OnlineWebFonts	onlinewebfonts:87de6bcedaa28b9a81b24587815faf41	87de6bcedaa28b9a81b24587815faf41	원 권리자 웹 사용 허가 미확인	https://db.onlinewebfonts.com/t/87de6bcedaa28b9a81b24587815faf41.woff2	OnlineWebFonts WOFF2 응답 확인 (https://www.onlinewebfonts.com/download/87de6bcedaa28b9a81b24587815faf41); 실제 서비스 배포 전 원 권리자 사용 허가 확인 필요
FishyPrint AOE	fishyprint aoe	1	not-found	불가	불가	검증 가능한 웹폰트 파일 미발견						Fontsource·명시 별칭·jsDelivr 웹 검색에서 검증 가능한 패키지를 찾지 못함; Noonnu 조회 실패: HTTP 429
FOOD!	food!	1	not-found	불가	불가	검증 가능한 웹폰트 파일 미발견		@openfoodfacts/openfoodfacts-nodejs, @openfoodfacts/openfoodfacts-webcomponents, indian-food-nutrition-mcp				Fontsource·명시 별칭·jsDelivr 웹 검색에서 검증 가능한 패키지를 찾지 못함; Noonnu 조회 실패: HTTP 429
Footlight MT Light	footlight mt	3	license-review	가능	라이선스 검토 필요	CDN 응답은 확인했지만 원 권리자의 웹 사용 허가를 확인하지 못함	OnlineWebFonts	onlinewebfonts:82ac464059468e8dacb3d4d3f5c81253	82ac464059468e8dacb3d4d3f5c81253	원 권리자 웹 사용 허가 미확인	https://db.onlinewebfonts.com/t/82ac464059468e8dacb3d4d3f5c81253.woff2	OnlineWebFonts WOFF2 응답 확인 (https://www.onlinewebfonts.com/download/82ac464059468e8dacb3d4d3f5c81253); 실제 서비스 배포 전 원 권리자 사용 허가 확인 필요
Forte	forte	3	license-review	가능	라이선스 검토 필요	CDN 응답은 확인했지만 원 권리자의 웹 사용 허가를 확인하지 못함	OnlineWebFonts	onlinewebfonts:b01ef1168fc758bfbf3ef88fbee42ab4	b01ef1168fc758bfbf3ef88fbee42ab4	원 권리자 웹 사용 허가 미확인	https://db.onlinewebfonts.com/t/b01ef1168fc758bfbf3ef88fbee42ab4.woff2	OnlineWebFonts WOFF2 응답 확인 (https://www.onlinewebfonts.com/download/b01ef1168fc758bfbf3ef88fbee42ab4); 실제 서비스 배포 전 원 권리자 사용 허가 확인 필요
Franklin Gothic Book	franklin gothic	3	license-review	가능	라이선스 검토 필요	CDN 응답은 확인했지만 원 권리자의 웹 사용 허가를 확인하지 못함	OnlineWebFonts	onlinewebfonts:9c9dbb999dd7068f51335d93cc7328bd	9c9dbb999dd7068f51335d93cc7328bd	원 권리자 웹 사용 허가 미확인	https://db.onlinewebfonts.com/t/9c9dbb999dd7068f51335d93cc7328bd.woff2	OnlineWebFonts WOFF2 응답 확인 (https://www.onlinewebfonts.com/download/9c9dbb999dd7068f51335d93cc7328bd); 실제 서비스 배포 전 원 권리자 사용 허가 확인 필요
Franklin Gothic Demi	franklin gothic	3	license-review	가능	라이선스 검토 필요	CDN 응답은 확인했지만 원 권리자의 웹 사용 허가를 확인하지 못함	OnlineWebFonts	onlinewebfonts:9c9dbb999dd7068f51335d93cc7328bd	9c9dbb999dd7068f51335d93cc7328bd	원 권리자 웹 사용 허가 미확인	https://db.onlinewebfonts.com/t/9c9dbb999dd7068f51335d93cc7328bd.woff2	OnlineWebFonts WOFF2 응답 확인 (https://www.onlinewebfonts.com/download/9c9dbb999dd7068f51335d93cc7328bd); 실제 서비스 배포 전 원 권리자 사용 허가 확인 필요
Franklin Gothic Demi Cond	franklin gothic demi cond	3	license-review	가능	라이선스 검토 필요	CDN 응답은 확인했지만 원 권리자의 웹 사용 허가를 확인하지 못함	OnlineWebFonts	onlinewebfonts:69481e5634dda591e1dcbe06fc517650	69481e5634dda591e1dcbe06fc517650	원 권리자 웹 사용 허가 미확인	https://db.onlinewebfonts.com/t/69481e5634dda591e1dcbe06fc517650.woff2	OnlineWebFonts WOFF2 응답 확인 (https://www.onlinewebfonts.com/download/69481e5634dda591e1dcbe06fc517650); 실제 서비스 배포 전 원 권리자 사용 허가 확인 필요
Franklin Gothic Heavy	franklin gothic heavy	3	license-review	가능	라이선스 검토 필요	CDN 응답은 확인했지만 원 권리자의 웹 사용 허가를 확인하지 못함	OnlineWebFonts	onlinewebfonts:9d5211f76bf48fb129c4c940c3dd7cb8	9d5211f76bf48fb129c4c940c3dd7cb8	원 권리자 웹 사용 허가 미확인	https://db.onlinewebfonts.com/t/9d5211f76bf48fb129c4c940c3dd7cb8.woff2	OnlineWebFonts WOFF2 응답 확인 (https://www.onlinewebfonts.com/download/9d5211f76bf48fb129c4c940c3dd7cb8); 실제 서비스 배포 전 원 권리자 사용 허가 확인 필요
Franklin Gothic Medium	franklin gothic	8	license-review	가능	라이선스 검토 필요	CDN 응답은 확인했지만 원 권리자의 웹 사용 허가를 확인하지 못함	OnlineWebFonts	onlinewebfonts:9c9dbb999dd7068f51335d93cc7328bd	9c9dbb999dd7068f51335d93cc7328bd	원 권리자 웹 사용 허가 미확인	https://db.onlinewebfonts.com/t/9c9dbb999dd7068f51335d93cc7328bd.woff2	OnlineWebFonts WOFF2 응답 확인 (https://www.onlinewebfonts.com/download/9c9dbb999dd7068f51335d93cc7328bd); 실제 서비스 배포 전 원 권리자 사용 허가 확인 필요
Franklin Gothic Medium Cond	franklin gothic medium cond	3	license-review	가능	라이선스 검토 필요	CDN 응답은 확인했지만 원 권리자의 웹 사용 허가를 확인하지 못함	OnlineWebFonts	onlinewebfonts:c379b03bb3feeb76b9e05ed70791b22f	c379b03bb3feeb76b9e05ed70791b22f	원 권리자 웹 사용 허가 미확인	https://db.onlinewebfonts.com/t/c379b03bb3feeb76b9e05ed70791b22f.woff2	OnlineWebFonts WOFF2 응답 확인 (https://www.onlinewebfonts.com/download/c379b03bb3feeb76b9e05ed70791b22f); 실제 서비스 배포 전 원 권리자 사용 허가 확인 필요
FrankRuehl	frankruehl	1	license-review	가능	라이선스 검토 필요	CDN 응답은 확인했지만 원 권리자의 웹 사용 허가를 확인하지 못함	OnlineWebFonts	onlinewebfonts:ca7f7cedd1df47077bfcf74dea2107dd	ca7f7cedd1df47077bfcf74dea2107dd	원 권리자 웹 사용 허가 미확인	https://db.onlinewebfonts.com/t/ca7f7cedd1df47077bfcf74dea2107dd.woff2	OnlineWebFonts WOFF2 응답 확인 (https://www.onlinewebfonts.com/download/ca7f7cedd1df47077bfcf74dea2107dd); 실제 서비스 배포 전 원 권리자 사용 허가 확인 필요
Fred	fred	1	not-found	불가	불가	검증 가능한 웹폰트 파일 미발견		@fancyrobot/fred, @mdn/fred, @factoringplus/pl-components-pack-v3				Fontsource·명시 별칭·jsDelivr 웹 검색에서 검증 가능한 패키지를 찾지 못함; Noonnu 조회 실패: HTTP 429
Free	free	1	not-found	불가	불가	검증 가능한 웹폰트 파일 미발견		on-exit-leak-free, @fortawesome/fontawesome-free, @esbuild/freebsd-x64				Fontsource·명시 별칭·jsDelivr 웹 검색에서 검증 가능한 패키지를 찾지 못함; Noonnu 조회 실패: HTTP 429
Freehand591 BT	freehand591 bt	8	not-found	불가	불가	검증 가능한 웹폰트 파일 미발견						Fontsource·명시 별칭·jsDelivr 웹 검색에서 검증 가능한 패키지를 찾지 못함; Noonnu 조회 실패: HTTP 429
Freemason	freemason	1	license-review	가능	라이선스 검토 필요	CDN 응답은 확인했지만 원 권리자의 웹 사용 허가를 확인하지 못함	OnlineWebFonts	onlinewebfonts:7e8e32987f0f5b99bbdddc1fd37a5d86	7e8e32987f0f5b99bbdddc1fd37a5d86	원 권리자 웹 사용 허가 미확인	https://db.onlinewebfonts.com/t/7e8e32987f0f5b99bbdddc1fd37a5d86.woff2	OnlineWebFonts WOFF2 응답 확인 (https://www.onlinewebfonts.com/download/7e8e32987f0f5b99bbdddc1fd37a5d86); 실제 서비스 배포 전 원 권리자 사용 허가 확인 필요
FreesiaUPC	freesiaupc	1	license-review	가능	라이선스 검토 필요	CDN 응답은 확인했지만 원 권리자의 웹 사용 허가를 확인하지 못함	OnlineWebFonts	onlinewebfonts:6eb86166c2fa9fa798aae167631d6396	6eb86166c2fa9fa798aae167631d6396	원 권리자 웹 사용 허가 미확인	https://db.onlinewebfonts.com/t/6eb86166c2fa9fa798aae167631d6396.woff2	OnlineWebFonts WOFF2 응답 확인 (https://www.onlinewebfonts.com/download/6eb86166c2fa9fa798aae167631d6396); 실제 서비스 배포 전 원 권리자 사용 허가 확인 필요
Freestyle Script	freestyle script	3	license-review	가능	라이선스 검토 필요	CDN 응답은 확인했지만 원 권리자의 웹 사용 허가를 확인하지 못함	OnlineWebFonts	onlinewebfonts:50eafd25cbb5f88fe7bb5cc77421bb49	50eafd25cbb5f88fe7bb5cc77421bb49	원 권리자 웹 사용 허가 미확인	https://db.onlinewebfonts.com/t/50eafd25cbb5f88fe7bb5cc77421bb49.woff2	OnlineWebFonts WOFF2 응답 확인 (https://www.onlinewebfonts.com/download/50eafd25cbb5f88fe7bb5cc77421bb49); 실제 서비스 배포 전 원 권리자 사용 허가 확인 필요
French Script MT	french script mt	3	license-review	가능	라이선스 검토 필요	CDN 응답은 확인했지만 원 권리자의 웹 사용 허가를 확인하지 못함	OnlineWebFonts	onlinewebfonts:7af32ec3d600b58e6091d4d42ef19545	7af32ec3d600b58e6091d4d42ef19545	원 권리자 웹 사용 허가 미확인	https://db.onlinewebfonts.com/t/7af32ec3d600b58e6091d4d42ef19545.woff2	OnlineWebFonts WOFF2 응답 확인 (https://www.onlinewebfonts.com/download/7af32ec3d600b58e6091d4d42ef19545); 실제 서비스 배포 전 원 권리자 사용 허가 확인 필요
Frutiger LT Std 45 Light	frutiger lt std 45	1	not-found	불가	불가	검증 가능한 웹폰트 파일 미발견						Fontsource·명시 별칭·jsDelivr 웹 검색에서 검증 가능한 패키지를 찾지 못함; Noonnu 조회 실패: HTTP 429
Frutiger LT Std 55 Roman	frutiger lt std 55 roman	1	not-found	불가	불가	검증 가능한 웹폰트 파일 미발견		@tonaljs/roman-numeral, roman-numerals, romans				Fontsource·명시 별칭·jsDelivr 웹 검색에서 검증 가능한 패키지를 찾지 못함; Noonnu 조회 실패: HTTP 429
Frutiger-Normal	frutiger normal	1	not-found	불가	불가	검증 가능한 웹폰트 파일 미발견						Fontsource·명시 별칭·jsDelivr 웹 검색에서 검증 가능한 패키지를 찾지 못함; Noonnu 조회 실패: HTTP 429
Futura Hv BT	futura hv bt	1	available	가능	가능	공급 경로의 라이선스 단서와 CDN 응답 확인	jsDelivr 웹 검색	futura-font	1.0.0	MIT	https://cdn.jsdelivr.net/npm/futura-font@1.0.0/FuturaBT-Medium.ttf	jsDelivr 웹 검색 후 실제 CDN 글꼴 파일 응답 확인
Futura Std Book	futura std	1	license-review	가능	라이선스 검토 필요	CDN 응답은 확인했지만 원 권리자의 웹 사용 허가를 확인하지 못함	OnlineWebFonts	onlinewebfonts:921351f146d78d55c8030239527bf2d6	921351f146d78d55c8030239527bf2d6	원 권리자 웹 사용 허가 미확인	https://db.onlinewebfonts.com/t/921351f146d78d55c8030239527bf2d6.woff2	OnlineWebFonts WOFF2 응답 확인 (https://www.onlinewebfonts.com/download/921351f146d78d55c8030239527bf2d6); 실제 서비스 배포 전 원 권리자 사용 허가 확인 필요
Futura Std Condensed	futura std condensed	1	not-found	불가	불가	검증 가능한 웹폰트 파일 미발견		@futura-dev/eslint-config-typescript, futura-font, @soluzioni-futura/components-container				Fontsource·명시 별칭·jsDelivr 웹 검색에서 검증 가능한 패키지를 찾지 못함; Noonnu 조회 실패: HTTP 429
Futura Std Condensed ExtBd	futura std condensed extbd	1	not-found	불가	불가	검증 가능한 웹폰트 파일 미발견		@futura-dev/eslint-config-typescript, futura-font, @soluzioni-futura/components-container				Fontsource·명시 별칭·jsDelivr 웹 검색에서 검증 가능한 패키지를 찾지 못함; Noonnu 조회 실패: HTTP 429
Futura Std Condensed Light	futura std condensed	1	not-found	불가	불가	검증 가능한 웹폰트 파일 미발견		@futura-dev/eslint-config-typescript, futura-font, @soluzioni-futura/components-container				Fontsource·명시 별칭·jsDelivr 웹 검색에서 검증 가능한 패키지를 찾지 못함; Noonnu 조회 실패: HTTP 429
Futura Std ExtraBold	futura std	1	available	가능	라이선스 검토 필요	CDN 응답은 확인했지만 패키지 라이선스 근거가 부족함	jsDelivr 웹 검색	fonts-archive-futura-std	0.0.0	패키지 메타데이터 미확인	https://cdn.jsdelivr.net/npm/fonts-archive-futura-std@0.0.0/FuturaStd-ExtraBold.otf	jsDelivr 웹 검색 후 실제 CDN 글꼴 파일 응답 확인
Futura Std Light	futura std	1	available	가능	라이선스 검토 필요	CDN 응답은 확인했지만 패키지 라이선스 근거가 부족함	jsDelivr 웹 검색	fonts-archive-futura-std	0.0.0	패키지 메타데이터 미확인	https://cdn.jsdelivr.net/npm/fonts-archive-futura-std@0.0.0/FuturaStd-Light.otf	jsDelivr 웹 검색 후 실제 CDN 글꼴 파일 응답 확인
Futura Std Medium	futura std	1	available	가능	라이선스 검토 필요	CDN 응답은 확인했지만 패키지 라이선스 근거가 부족함	jsDelivr 웹 검색	fonts-archive-futura-std	0.0.0	패키지 메타데이터 미확인	https://cdn.jsdelivr.net/npm/fonts-archive-futura-std@0.0.0/FuturaStd-Medium.otf	jsDelivr 웹 검색 후 실제 CDN 글꼴 파일 응답 확인
FuturaBlack BT	futurablack bt	8	license-review	가능	라이선스 검토 필요	CDN 응답은 확인했지만 원 권리자의 웹 사용 허가를 확인하지 못함	OnlineWebFonts	onlinewebfonts:58fd3ae6d13f5bd68f8b04c7e5d5d824	58fd3ae6d13f5bd68f8b04c7e5d5d824	원 권리자 웹 사용 허가 미확인	https://db.onlinewebfonts.com/t/58fd3ae6d13f5bd68f8b04c7e5d5d824.woff2	OnlineWebFonts WOFF2 응답 확인 (https://www.onlinewebfonts.com/download/58fd3ae6d13f5bd68f8b04c7e5d5d824); 실제 서비스 배포 전 원 권리자 사용 허가 확인 필요
Fuzzed	fuzzed	1	license-review	가능	라이선스 검토 필요	CDN 응답은 확인했지만 원 권리자의 웹 사용 허가를 확인하지 못함	OnlineWebFonts	onlinewebfonts:70238ee297ab526e426b08267472dcec	70238ee297ab526e426b08267472dcec	원 권리자 웹 사용 허가 미확인	https://db.onlinewebfonts.com/t/70238ee297ab526e426b08267472dcec.woff2	OnlineWebFonts WOFF2 응답 확인 (https://www.onlinewebfonts.com/download/70238ee297ab526e426b08267472dcec); 실제 서비스 배포 전 원 권리자 사용 허가 확인 필요
G마켓 산스 Bold	g마켓 산스	1	not-found	불가	불가	검증 가능한 웹폰트 파일 미발견						Fontsource·명시 별칭·jsDelivr 웹 검색에서 검증 가능한 패키지를 찾지 못함; Noonnu 조회 실패: HTTP 429
G마켓 산스 TTF Light	g마켓 산스 ttf	2	not-found	불가	불가	검증 가능한 웹폰트 파일 미발견						Fontsource·명시 별칭·jsDelivr 웹 검색에서 검증 가능한 패키지를 찾지 못함; Noonnu 조회 실패: HTTP 429
Gabriel's Angels	gabriel's angels	1	not-found	불가	불가	검증 가능한 웹폰트 파일 미발견		@gabriel-sisjr/react-native-background-location, @gabriel.cora/core, gabriel-server				Fontsource·명시 별칭·jsDelivr 웹 검색에서 검증 가능한 패키지를 찾지 못함
Gabriola	gabriola	1	license-review	가능	라이선스 검토 필요	CDN 응답은 확인했지만 원 권리자의 웹 사용 허가를 확인하지 못함	OnlineWebFonts	onlinewebfonts:b26b20369adfef2b3d65d266e0625fe2	b26b20369adfef2b3d65d266e0625fe2	원 권리자 웹 사용 허가 미확인	https://db.onlinewebfonts.com/t/b26b20369adfef2b3d65d266e0625fe2.woff2	OnlineWebFonts WOFF2 응답 확인 (https://www.onlinewebfonts.com/download/b26b20369adfef2b3d65d266e0625fe2); 실제 서비스 배포 전 원 권리자 사용 허가 확인 필요
Gallaudet	gallaudet	1	license-review	가능	라이선스 검토 필요	CDN 응답은 확인했지만 원 권리자의 웹 사용 허가를 확인하지 못함	OnlineWebFonts	onlinewebfonts:de797677b588a7e5385c0a7e11cca694	de797677b588a7e5385c0a7e11cca694	원 권리자 웹 사용 허가 미확인	https://db.onlinewebfonts.com/t/de797677b588a7e5385c0a7e11cca694.woff2	OnlineWebFonts WOFF2 응답 확인 (https://www.onlinewebfonts.com/download/de797677b588a7e5385c0a7e11cca694); 실제 서비스 배포 전 원 권리자 사용 허가 확인 필요
Garamond	garamond	38	available	가능	가능	공급 경로의 라이선스 단서와 CDN 응답 확인	jsDelivr 웹 검색	@fontsource/cormorant-garamond	5.3.0	OFL-1.1	https://cdn.jsdelivr.net/npm/@fontsource/cormorant-garamond@5.3.0/files/cormorant-garamond-cyrillic-300-italic.woff	jsDelivr 웹 검색 후 실제 CDN 글꼴 파일 응답 확인
GardenDingbats	gardendingbats	1	not-found	불가	불가	검증 가능한 웹폰트 파일 미발견						Fontsource·명시 별칭·jsDelivr 웹 검색에서 검증 가능한 패키지를 찾지 못함; Noonnu 조회 실패: HTTP 429
Gautami	gautami	8	license-review	가능	라이선스 검토 필요	CDN 응답은 확인했지만 원 권리자의 웹 사용 허가를 확인하지 못함	OnlineWebFonts	onlinewebfonts:e62d85a3dc9d8815cacfc13ff5dea781	e62d85a3dc9d8815cacfc13ff5dea781	원 권리자 웹 사용 허가 미확인	https://db.onlinewebfonts.com/t/e62d85a3dc9d8815cacfc13ff5dea781.woff2	OnlineWebFonts WOFF2 응답 확인 (https://www.onlinewebfonts.com/download/e62d85a3dc9d8815cacfc13ff5dea781); 실제 서비스 배포 전 원 권리자 사용 허가 확인 필요
GeekBats	geekbats	1	not-found	불가	불가	검증 가능한 웹폰트 파일 미발견						Fontsource·명시 별칭·jsDelivr 웹 검색에서 검증 가능한 패키지를 찾지 못함; Noonnu 조회 실패: HTTP 429
Georgia	georgia	13	license-review	가능	라이선스 검토 필요	CDN 응답은 확인했지만 원 권리자의 웹 사용 허가를 확인하지 못함	OnlineWebFonts	onlinewebfonts:7dca09e227fdfe16908cebb4244589e4	7dca09e227fdfe16908cebb4244589e4	원 권리자 웹 사용 허가 미확인	https://db.onlinewebfonts.com/t/7dca09e227fdfe16908cebb4244589e4.woff2	OnlineWebFonts WOFF2 응답 확인 (https://www.onlinewebfonts.com/download/7dca09e227fdfe16908cebb4244589e4); 실제 서비스 배포 전 원 권리자 사용 허가 확인 필요
GeoType	geotype	1	not-found	불가	불가	검증 가능한 웹폰트 파일 미발견		geotype, @renegadesamuri/geotype, @pgpm/geotypes				Fontsource·명시 별칭·jsDelivr 웹 검색에서 검증 가능한 패키지를 찾지 못함
gg	gg	1	not-found	불가	불가	검증 가능한 웹폰트 파일 미발견						Fontsource·명시 별칭·jsDelivr 웹 검색에서 검증 가능한 패키지를 찾지 못함
Giddyup Std	giddyup std	1	license-review	가능	라이선스 검토 필요	CDN 응답은 확인했지만 원 권리자의 웹 사용 허가를 확인하지 못함	OnlineWebFonts	onlinewebfonts:e67f8fef8c09b32f7a78c5809d3dab97	e67f8fef8c09b32f7a78c5809d3dab97	원 권리자 웹 사용 허가 미확인	https://db.onlinewebfonts.com/t/e67f8fef8c09b32f7a78c5809d3dab97.woff2	OnlineWebFonts WOFF2 응답 확인 (https://www.onlinewebfonts.com/download/e67f8fef8c09b32f7a78c5809d3dab97); 실제 서비스 배포 전 원 권리자 사용 허가 확인 필요
Gigi	gigi	3	not-found	불가	불가	검증 가능한 웹폰트 파일 미발견		super-gigi, npm-demo-pkg-gigi, hello-gigi				Fontsource·명시 별칭·jsDelivr 웹 검색에서 검증 가능한 패키지를 찾지 못함
Gill Sans MT	gill sans mt	3	not-found	불가	불가	검증 가능한 웹폰트 파일 미발견		gill, @macalinao/gill-extra, @gillsdk/react				Fontsource·명시 별칭·jsDelivr 웹 검색에서 검증 가능한 패키지를 찾지 못함
Gill Sans MT Condensed	gill sans mt condensed	3	not-found	불가	불가	검증 가능한 웹폰트 파일 미발견		gill, @macalinao/gill-extra, @gillsdk/react				Fontsource·명시 별칭·jsDelivr 웹 검색에서 검증 가능한 패키지를 찾지 못함
Gill Sans MT Ext Condensed Bold	gill sans mt ext condensed	3	license-review	가능	라이선스 검토 필요	CDN 응답은 확인했지만 원 권리자의 웹 사용 허가를 확인하지 못함	OnlineWebFonts	onlinewebfonts:de869314fcbbc141d042ad3f0200e17c	de869314fcbbc141d042ad3f0200e17c	원 권리자 웹 사용 허가 미확인	https://db.onlinewebfonts.com/t/de869314fcbbc141d042ad3f0200e17c.woff2	OnlineWebFonts WOFF2 응답 확인 (https://www.onlinewebfonts.com/download/de869314fcbbc141d042ad3f0200e17c); 실제 서비스 배포 전 원 권리자 사용 허가 확인 필요
Gill Sans Ultra Bold	gill sans ultra	3	not-found	불가	불가	검증 가능한 웹폰트 파일 미발견		gill, @macalinao/gill-extra, @gillsdk/react				Fontsource·명시 별칭·jsDelivr 웹 검색에서 검증 가능한 패키지를 찾지 못함
Gill Sans Ultra Bold Condensed	gill sans ultra bold condensed	3	license-review	가능	라이선스 검토 필요	CDN 응답은 확인했지만 원 권리자의 웹 사용 허가를 확인하지 못함	OnlineWebFonts	onlinewebfonts:fea8a931fd3f37ee4bc5e4c503ad6c9d	fea8a931fd3f37ee4bc5e4c503ad6c9d	원 권리자 웹 사용 허가 미확인	https://db.onlinewebfonts.com/t/fea8a931fd3f37ee4bc5e4c503ad6c9d.woff2	OnlineWebFonts WOFF2 응답 확인 (https://www.onlinewebfonts.com/download/fea8a931fd3f37ee4bc5e4c503ad6c9d); 실제 서비스 배포 전 원 권리자 사용 허가 확인 필요
Gisha	gisha	1	license-review	가능	라이선스 검토 필요	CDN 응답은 확인했지만 원 권리자의 웹 사용 허가를 확인하지 못함	OnlineWebFonts	onlinewebfonts:d3e5565884b751094df6825c37eeac5e	d3e5565884b751094df6825c37eeac5e	원 권리자 웹 사용 허가 미확인	https://db.onlinewebfonts.com/t/d3e5565884b751094df6825c37eeac5e.woff2	OnlineWebFonts WOFF2 응답 확인 (https://www.onlinewebfonts.com/download/d3e5565884b751094df6825c37eeac5e); 실제 서비스 배포 전 원 권리자 사용 허가 확인 필요
Glamocon	glamocon	1	not-found	불가	불가	검증 가능한 웹폰트 파일 미발견						Fontsource·명시 별칭·jsDelivr 웹 검색에서 검증 가능한 패키지를 찾지 못함
Gloucester MT Extra Condensed	gloucester mt extra condensed	3	license-review	가능	라이선스 검토 필요	CDN 응답은 확인했지만 원 권리자의 웹 사용 허가를 확인하지 못함	OnlineWebFonts	onlinewebfonts:141449d91ea53b0c3f08600f47ecbc0c	141449d91ea53b0c3f08600f47ecbc0c	원 권리자 웹 사용 허가 미확인	https://db.onlinewebfonts.com/t/141449d91ea53b0c3f08600f47ecbc0c.woff2	OnlineWebFonts WOFF2 응답 확인 (https://www.onlinewebfonts.com/download/141449d91ea53b0c3f08600f47ecbc0c); 실제 서비스 배포 전 원 권리자 사용 허가 확인 필요
Good Head	good head	1	not-found	불가	불가	검증 가능한 웹폰트 파일 미발견		@lemonstand.org/config-goodgamestudios, goodshare.js, wicked-good-xpath				Fontsource·명시 별칭·jsDelivr 웹 검색에서 검증 가능한 패키지를 찾지 못함
GoodDogBones	gooddogbones	1	license-review	가능	라이선스 검토 필요	CDN 응답은 확인했지만 원 권리자의 웹 사용 허가를 확인하지 못함	OnlineWebFonts	onlinewebfonts:3860486dcb36184280243ae6846fcd66	3860486dcb36184280243ae6846fcd66	원 권리자 웹 사용 허가 미확인	https://db.onlinewebfonts.com/t/3860486dcb36184280243ae6846fcd66.woff2	OnlineWebFonts WOFF2 응답 확인 (https://www.onlinewebfonts.com/download/3860486dcb36184280243ae6846fcd66); 실제 서비스 배포 전 원 권리자 사용 허가 확인 필요
Goudy Old Style	goudy old style	3	license-review	가능	라이선스 검토 필요	CDN 응답은 확인했지만 원 권리자의 웹 사용 허가를 확인하지 못함	OnlineWebFonts	onlinewebfonts:78d7bdc55148aaa3307a1e8ad735c40f	78d7bdc55148aaa3307a1e8ad735c40f	원 권리자 웹 사용 허가 미확인	https://db.onlinewebfonts.com/t/78d7bdc55148aaa3307a1e8ad735c40f.woff2	OnlineWebFonts WOFF2 응답 확인 (https://www.onlinewebfonts.com/download/78d7bdc55148aaa3307a1e8ad735c40f); 실제 서비스 배포 전 원 권리자 사용 허가 확인 필요
Goudy Stout	goudy stout	3	license-review	가능	라이선스 검토 필요	CDN 응답은 확인했지만 원 권리자의 웹 사용 허가를 확인하지 못함	OnlineWebFonts	onlinewebfonts:cb1a9d8c8e33d221e26a0d8247856c5e	cb1a9d8c8e33d221e26a0d8247856c5e	원 권리자 웹 사용 허가 미확인	https://db.onlinewebfonts.com/t/cb1a9d8c8e33d221e26a0d8247856c5e.woff2	OnlineWebFonts WOFF2 응답 확인 (https://www.onlinewebfonts.com/download/cb1a9d8c8e33d221e26a0d8247856c5e); 실제 서비스 배포 전 원 권리자 사용 허가 확인 필요
GoudyOlSt BT	goudyolst bt	13	license-review	가능	라이선스 검토 필요	CDN 응답은 확인했지만 원 권리자의 웹 사용 허가를 확인하지 못함	OnlineWebFonts	onlinewebfonts:3ad52e45811ab0c75cc0ce85f2a81bac	3ad52e45811ab0c75cc0ce85f2a81bac	원 권리자 웹 사용 허가 미확인	https://db.onlinewebfonts.com/t/3ad52e45811ab0c75cc0ce85f2a81bac.woff2	OnlineWebFonts WOFF2 응답 확인 (https://www.onlinewebfonts.com/download/3ad52e45811ab0c75cc0ce85f2a81bac); 실제 서비스 배포 전 원 권리자 사용 허가 확인 필요
GrandFunkRR	grandfunkrr	1	not-found	불가	불가	검증 가능한 웹폰트 파일 미발견						Fontsource·명시 별칭·jsDelivr 웹 검색에서 검증 가능한 패키지를 찾지 못함
Grrlz stuff	grrlz stuff	1	not-found	불가	불가	검증 가능한 웹폰트 파일 미발견		eslint-config-important-stuff				Fontsource·명시 별칭·jsDelivr 웹 검색에서 검증 가능한 패키지를 찾지 못함
gulim	gulim	2	license-review	가능	라이선스 검토 필요	CDN 응답은 확인했지만 원 권리자의 웹 사용 허가를 확인하지 못함	OnlineWebFonts	onlinewebfonts:d9521b14999b76104e98b3d2f96079a1	d9521b14999b76104e98b3d2f96079a1	원 권리자 웹 사용 허가 미확인	https://db.onlinewebfonts.com/t/d9521b14999b76104e98b3d2f96079a1.woff2	OnlineWebFonts WOFF2 응답 확인 (https://www.onlinewebfonts.com/download/d9521b14999b76104e98b3d2f96079a1); 실제 서비스 배포 전 원 권리자 사용 허가 확인 필요
Gulim	gulim	4	license-review	가능	라이선스 검토 필요	CDN 응답은 확인했지만 원 권리자의 웹 사용 허가를 확인하지 못함	OnlineWebFonts	onlinewebfonts:d9521b14999b76104e98b3d2f96079a1	d9521b14999b76104e98b3d2f96079a1	원 권리자 웹 사용 허가 미확인	https://db.onlinewebfonts.com/t/d9521b14999b76104e98b3d2f96079a1.woff2	OnlineWebFonts WOFF2 응답 확인 (https://www.onlinewebfonts.com/download/d9521b14999b76104e98b3d2f96079a1); 실제 서비스 배포 전 원 권리자 사용 허가 확인 필요
GulimChe	gulimche	1	license-review	가능	라이선스 검토 필요	CDN 응답은 확인했지만 원 권리자의 웹 사용 허가를 확인하지 못함	OnlineWebFonts	onlinewebfonts:4e3a169357eb6823a72217333737dcf8	4e3a169357eb6823a72217333737dcf8	원 권리자 웹 사용 허가 미확인	https://db.onlinewebfonts.com/t/4e3a169357eb6823a72217333737dcf8.woff2	OnlineWebFonts WOFF2 응답 확인 (https://www.onlinewebfonts.com/download/4e3a169357eb6823a72217333737dcf8); 실제 서비스 배포 전 원 권리자 사용 허가 확인 필요
H_CIRNUM	h cirnum	1	not-found	불가	불가	검증 가능한 웹폰트 파일 미발견						Fontsource·명시 별칭·jsDelivr 웹 검색에서 검증 가능한 패키지를 찾지 못함
H_EQSYM1	h eqsym1	1	not-found	불가	불가	검증 가능한 웹폰트 파일 미발견						Fontsource·명시 별칭·jsDelivr 웹 검색에서 검증 가능한 패키지를 찾지 못함
H_EQSYM2	h eqsym2	1	not-found	불가	불가	검증 가능한 웹폰트 파일 미발견						Fontsource·명시 별칭·jsDelivr 웹 검색에서 검증 가능한 패키지를 찾지 못함
H_ESPERANTO	h esperanto	1	not-found	불가	불가	검증 가능한 웹폰트 파일 미발견						Fontsource·명시 별칭·jsDelivr 웹 검색에서 검증 가능한 패키지를 찾지 못함
H_HEBREW	h hebrew	1	not-found	불가	불가	검증 가능한 웹폰트 파일 미발견						Fontsource·명시 별칭·jsDelivr 웹 검색에서 검증 가능한 패키지를 찾지 못함
H_KEYBD	h keybd	1	not-found	불가	불가	검증 가능한 웹폰트 파일 미발견						Fontsource·명시 별칭·jsDelivr 웹 검색에서 검증 가능한 패키지를 찾지 못함
H_MULTI1	h multi1	1	not-found	불가	불가	검증 가능한 웹폰트 파일 미발견						Fontsource·명시 별칭·jsDelivr 웹 검색에서 검증 가능한 패키지를 찾지 못함
H_MULTI2	h multi2	1	not-found	불가	불가	검증 가능한 웹폰트 파일 미발견						Fontsource·명시 별칭·jsDelivr 웹 검색에서 검증 가능한 패키지를 찾지 못함
H_PROSYM	h prosym	1	not-found	불가	불가	검증 가능한 웹폰트 파일 미발견						Fontsource·명시 별칭·jsDelivr 웹 검색에서 검증 가능한 패키지를 찾지 못함
H2mjrE	h2mjre	1	not-found	불가	불가	검증 가능한 웹폰트 파일 미발견						Fontsource·명시 별칭·jsDelivr 웹 검색에서 검증 가능한 패키지를 찾지 못함
HaanYoonGothic720	haanyoongothic720	1	not-found	불가	불가	검증 가능한 웹폰트 파일 미발견						Fontsource·명시 별칭·jsDelivr 웹 검색에서 검증 가능한 패키지를 찾지 못함
Haettenschweiler	haettenschweiler	10	license-review	가능	라이선스 검토 필요	CDN 응답은 확인했지만 원 권리자의 웹 사용 허가를 확인하지 못함	OnlineWebFonts	onlinewebfonts:97d6f29a4bda3a872dad26cc5b2d0d7b	97d6f29a4bda3a872dad26cc5b2d0d7b	원 권리자 웹 사용 허가 미확인	https://db.onlinewebfonts.com/t/97d6f29a4bda3a872dad26cc5b2d0d7b.woff2	OnlineWebFonts WOFF2 응답 확인 (https://www.onlinewebfonts.com/download/97d6f29a4bda3a872dad26cc5b2d0d7b); 실제 서비스 배포 전 원 권리자 사용 허가 확인 필요
Halloween	halloween	1	license-review	가능	라이선스 검토 필요	CDN 응답은 확인했지만 원 권리자의 웹 사용 허가를 확인하지 못함	OnlineWebFonts	onlinewebfonts:12d7d4ad920533927f5551fccb458ec6	12d7d4ad920533927f5551fccb458ec6	원 권리자 웹 사용 허가 미확인	https://db.onlinewebfonts.com/t/12d7d4ad920533927f5551fccb458ec6.woff2	OnlineWebFonts WOFF2 응답 확인 (https://www.onlinewebfonts.com/download/12d7d4ad920533927f5551fccb458ec6); 실제 서비스 배포 전 원 권리자 사용 허가 확인 필요
Harlow Solid Italic	harlow solid	3	license-review	가능	라이선스 검토 필요	CDN 응답은 확인했지만 원 권리자의 웹 사용 허가를 확인하지 못함	OnlineWebFonts	onlinewebfonts:208c60a0a6b9e5ebbc434f9f24c2aeae	208c60a0a6b9e5ebbc434f9f24c2aeae	원 권리자 웹 사용 허가 미확인	https://db.onlinewebfonts.com/t/208c60a0a6b9e5ebbc434f9f24c2aeae.woff2	OnlineWebFonts WOFF2 응답 확인 (https://www.onlinewebfonts.com/download/208c60a0a6b9e5ebbc434f9f24c2aeae); 실제 서비스 배포 전 원 권리자 사용 허가 확인 필요
Harrington	harrington	3	license-review	가능	라이선스 검토 필요	CDN 응답은 확인했지만 원 권리자의 웹 사용 허가를 확인하지 못함	OnlineWebFonts	onlinewebfonts:20c2d461d736b1073c57cffba76d35d1	20c2d461d736b1073c57cffba76d35d1	원 권리자 웹 사용 허가 미확인	https://db.onlinewebfonts.com/t/20c2d461d736b1073c57cffba76d35d1.woff2	OnlineWebFonts WOFF2 응답 확인 (https://www.onlinewebfonts.com/download/20c2d461d736b1073c57cffba76d35d1); 실제 서비스 배포 전 원 권리자 사용 허가 확인 필요
Hazard	hazard	1	license-review	가능	라이선스 검토 필요	CDN 응답은 확인했지만 원 권리자의 웹 사용 허가를 확인하지 못함	OnlineWebFonts	onlinewebfonts:c4edf1d27452cd7159ce526bb947f357	c4edf1d27452cd7159ce526bb947f357	원 권리자 웹 사용 허가 미확인	https://db.onlinewebfonts.com/t/c4edf1d27452cd7159ce526bb947f357.woff2	OnlineWebFonts WOFF2 응답 확인 (https://www.onlinewebfonts.com/download/c4edf1d27452cd7159ce526bb947f357); 실제 서비스 배포 전 원 권리자 사용 허가 확인 필요
HC각머리A	hc각머리a	1	not-found	불가	불가	검증 가능한 웹폰트 파일 미발견						Fontsource·명시 별칭·jsDelivr 웹 검색에서 검증 가능한 패키지를 찾지 못함
HC백합체A	hc백합체a	1	not-found	불가	불가	검증 가능한 웹폰트 파일 미발견						Fontsource·명시 별칭·jsDelivr 웹 검색에서 검증 가능한 패키지를 찾지 못함
HC태고딕	hc태고딕	1	not-found	불가	불가	검증 가능한 웹폰트 파일 미발견						Fontsource·명시 별칭·jsDelivr 웹 검색에서 검증 가능한 패키지를 찾지 못함
HC태명조	hc태명조	1	not-found	불가	불가	검증 가능한 웹폰트 파일 미발견						Fontsource·명시 별칭·jsDelivr 웹 검색에서 검증 가능한 패키지를 찾지 못함
HCI Acacia	hci acacia	19	not-found	불가	불가	검증 가능한 웹폰트 파일 미발견		acacia-ui, acacia-ma_img, acacia				Fontsource·명시 별칭·jsDelivr 웹 검색에서 검증 가능한 패키지를 찾지 못함
HCI Bellflower	hci bellflower	14	not-found	불가	불가	검증 가능한 웹폰트 파일 미발견		pollenium-bellflower				Fontsource·명시 별칭·jsDelivr 웹 검색에서 검증 가능한 패키지를 찾지 못함
HCI Centaurea	hci centaurea	10	not-found	불가	불가	검증 가능한 웹폰트 파일 미발견		@centaurea/vue3-scroll, @centaurea/vue3-carousel, @vs-centaurea/connected-react-router				Fontsource·명시 별칭·jsDelivr 웹 검색에서 검증 가능한 패키지를 찾지 못함
HCI Columbine	hci columbine	10	not-found	불가	불가	검증 가능한 웹폰트 파일 미발견		columbine				Fontsource·명시 별칭·jsDelivr 웹 검색에서 검증 가능한 패키지를 찾지 못함
HCI Hollyhock	hci hollyhock	1090	not-found	불가	불가	검증 가능한 웹폰트 파일 미발견		hollyhock, gg-team-hollyhocks-knockwurst				Fontsource·명시 별칭·jsDelivr 웹 검색에서 검증 가능한 패키지를 찾지 못함
HCI Hollyhock Narrow	hci hollyhock narrow	12	not-found	불가	불가	검증 가능한 웹폰트 파일 미발견		hollyhock, gg-team-hollyhocks-knockwurst, @fontsource/pt-sans-narrow				Fontsource·명시 별칭·jsDelivr 웹 검색에서 검증 가능한 패키지를 찾지 못함
HCI Morning Glory	hci morning glory	22	not-found	불가	불가	검증 가능한 웹폰트 파일 미발견		@morningconsult/eslint-config-morning-consult, @tsparticles/palette-fog-morning, n8n-nodes-morning				Fontsource·명시 별칭·jsDelivr 웹 검색에서 검증 가능한 패키지를 찾지 못함
HCI Poppy	hci poppy	5732	not-found	불가	불가	검증 가능한 웹폰트 파일 미발견		poppy-robot-core, poppy-robot-cli, @poppy-ui/vue				Fontsource·명시 별칭·jsDelivr 웹 검색에서 검증 가능한 패키지를 찾지 못함
HCI Tulip	hci tulip	1410	not-found	불가	불가	검증 가능한 웹폰트 파일 미발견		@tulipnpm/livechat, @tulipjs/eslint-config, webdav-tulip-2				Fontsource·명시 별칭·jsDelivr 웹 검색에서 검증 가능한 패키지를 찾지 못함
HCI_Poppy	hci poppy	1	not-found	불가	불가	검증 가능한 웹폰트 파일 미발견						Fontsource·명시 별칭·jsDelivr 웹 검색에서 검증 가능한 패키지를 찾지 못함
HCI-Tulip	hci tulip	1	not-found	불가	불가	검증 가능한 웹폰트 파일 미발견						Fontsource·명시 별칭·jsDelivr 웹 검색에서 검증 가능한 패키지를 찾지 못함
HCRBatang	hcrbatang	5	not-found	불가	불가	검증 가능한 웹폰트 파일 미발견						Fontsource·명시 별칭·jsDelivr 웹 검색에서 검증 가능한 패키지를 찾지 못함
HCRDotum	hcrdotum	1	available	가능	가능	공급 경로의 라이선스 단서와 CDN 응답 확인	jsDelivr 웹 검색	@noonnu/hcr-dotum	0.1.0	MIT	https://cdn.jsdelivr.net/npm/@noonnu/hcr-dotum@0.1.0/fonts/hcrdotum-normal.woff	jsDelivr 웹 검색 후 실제 CDN 글꼴 파일 응답 확인
Helvetica	helvetica	3	available	가능	가능	공급 경로의 라이선스 단서와 CDN 응답 확인	jsDelivr 웹 검색	helvetica-original	1.0.0	ISC	https://cdn.jsdelivr.net/npm/helvetica-original@1.0.0/Black/Helvetica-Black.ttf	jsDelivr 웹 검색 후 실제 CDN 글꼴 파일 응답 확인
Helvetica 25 UltraLight	helvetica 25 ultralight	1	not-found	불가	불가	검증 가능한 웹폰트 파일 미발견		helvetica-original, @canvas-fonts/helvetica, @duppla-font/helvetica-now				Fontsource·명시 별칭·jsDelivr 웹 검색에서 검증 가능한 패키지를 찾지 못함; Noonnu 조회 실패: HTTP 429
Helvetica 65 Medium	helvetica 65	1	available	가능	가능	공급 경로의 라이선스 단서와 CDN 응답 확인	jsDelivr 웹 검색	@duppla-font/helvetica-now	1.0.0	SEE LICENSE IN LICENSE.txt	https://cdn.jsdelivr.net/npm/@duppla-font/helvetica-now@1.0.0/files/HelveticaNowTextMedium.otf	jsDelivr 웹 검색 후 실제 CDN 글꼴 파일 응답 확인
Helvetica Narrow	helvetica narrow	1	license-review	가능	라이선스 검토 필요	CDN 응답은 확인했지만 원 권리자의 웹 사용 허가를 확인하지 못함	OnlineWebFonts	onlinewebfonts:92f56c1c4c3594cb41e7f09fdd4f7b9a	92f56c1c4c3594cb41e7f09fdd4f7b9a	원 권리자 웹 사용 허가 미확인	https://db.onlinewebfonts.com/t/92f56c1c4c3594cb41e7f09fdd4f7b9a.woff2	OnlineWebFonts WOFF2 응답 확인 (https://www.onlinewebfonts.com/download/92f56c1c4c3594cb41e7f09fdd4f7b9a); 실제 서비스 배포 전 원 권리자 사용 허가 확인 필요
Helvetica Neue	helvetica neue	4	available	가능	가능	공급 경로의 라이선스 단서와 CDN 응답 확인	jsDelivr 웹 검색	@marcius-studio/font	0.0.1	ISC	https://cdn.jsdelivr.net/npm/@marcius-studio/font@0.0.1/HelveticaNeueCyr/HelveticaNeueCyr-Black.ttf	jsDelivr 웹 검색 후 실제 CDN 글꼴 파일 응답 확인
Helvetica-Condensed	helvetica condensed	1	license-review	가능	라이선스 검토 필요	CDN 응답은 확인했지만 원 권리자의 웹 사용 허가를 확인하지 못함	OnlineWebFonts	onlinewebfonts:a54e659b9ee7f19197420d01bc92dc9e	a54e659b9ee7f19197420d01bc92dc9e	원 권리자 웹 사용 허가 미확인	https://db.onlinewebfonts.com/t/a54e659b9ee7f19197420d01bc92dc9e.woff2	OnlineWebFonts WOFF2 응답 확인 (https://www.onlinewebfonts.com/download/a54e659b9ee7f19197420d01bc92dc9e); 실제 서비스 배포 전 원 권리자 사용 허가 확인 필요
Helvetica53-Extended	helvetica53 extended	1	not-found	불가	불가	검증 가능한 웹폰트 파일 미발견						Fontsource·명시 별칭·jsDelivr 웹 검색에서 검증 가능한 패키지를 찾지 못함; Noonnu 조회 실패: HTTP 429
Helvetica56	helvetica56	1	not-found	불가	불가	검증 가능한 웹폰트 파일 미발견						Fontsource·명시 별칭·jsDelivr 웹 검색에서 검증 가능한 패키지를 찾지 못함; Noonnu 조회 실패: HTTP 429
HelveticaNeue	helveticaneue	1	not-found	불가	불가	검증 가능한 웹폰트 파일 미발견		@canvas-fonts/helveticaneue, @samirabanihassan/lotide, kara-chat				Fontsource·명시 별칭·jsDelivr 웹 검색에서 검증 가능한 패키지를 찾지 못함; Noonnu 조회 실패: HTTP 429
HelveticaNeue-Bold	helveticaneue	1	not-found	불가	불가	검증 가능한 웹폰트 파일 미발견						Fontsource·명시 별칭·jsDelivr 웹 검색에서 검증 가능한 패키지를 찾지 못함; Noonnu 조회 실패: HTTP 429
High Tower Text	high tower text	2	license-review	가능	라이선스 검토 필요	CDN 응답은 확인했지만 원 권리자의 웹 사용 허가를 확인하지 못함	OnlineWebFonts	onlinewebfonts:9e23421978544d8e00a00eb47740d280	9e23421978544d8e00a00eb47740d280	원 권리자 웹 사용 허가 미확인	https://db.onlinewebfonts.com/t/9e23421978544d8e00a00eb47740d280.woff2	OnlineWebFonts WOFF2 응답 확인 (https://www.onlinewebfonts.com/download/9e23421978544d8e00a00eb47740d280); 실제 서비스 배포 전 원 권리자 사용 허가 확인 필요
Hobo BT	hobo bt	18	license-review	가능	라이선스 검토 필요	CDN 응답은 확인했지만 원 권리자의 웹 사용 허가를 확인하지 못함	OnlineWebFonts	onlinewebfonts:f5221403a96ef433e963d80a24259396	f5221403a96ef433e963d80a24259396	원 권리자 웹 사용 허가 미확인	https://db.onlinewebfonts.com/t/f5221403a96ef433e963d80a24259396.woff2	OnlineWebFonts WOFF2 응답 확인 (https://www.onlinewebfonts.com/download/f5221403a96ef433e963d80a24259396); 실제 서비스 배포 전 원 권리자 사용 허가 확인 필요
HojukUni	hojukuni	1	not-found	불가	불가	검증 가능한 웹폰트 파일 미발견						Fontsource·명시 별칭·jsDelivr 웹 검색에서 검증 가능한 패키지를 찾지 못함; Noonnu 조회 실패: HTTP 429
Human_Myeongjo	human myeongjo	1	not-found	불가	불가	검증 가능한 웹폰트 파일 미발견						Fontsource·명시 별칭·jsDelivr 웹 검색에서 검증 가능한 패키지를 찾지 못함; Noonnu 조회 실패: HTTP 429
HY Junggothic	hy junggothic	1	not-found	불가	불가	검증 가능한 웹폰트 파일 미발견						Fontsource·명시 별칭·jsDelivr 웹 검색에서 검증 가능한 패키지를 찾지 못함; Noonnu 조회 실패: HTTP 429
HY Sinmyeongjo	hy sinmyeongjo	3	not-found	불가	불가	검증 가능한 웹폰트 파일 미발견						Fontsource·명시 별칭·jsDelivr 웹 검색에서 검증 가능한 패키지를 찾지 못함; Noonnu 조회 실패: HTTP 429
HY_Junggothic	hy junggothic	1	not-found	불가	불가	검증 가능한 웹폰트 파일 미발견						Fontsource·명시 별칭·jsDelivr 웹 검색에서 검증 가능한 패키지를 찾지 못함; Noonnu 조회 실패: HTTP 429
HY-Sinmyeongjo	hy sinmyeongjo	1	not-found	불가	불가	검증 가능한 웹폰트 파일 미발견						Fontsource·명시 별칭·jsDelivr 웹 검색에서 검증 가능한 패키지를 찾지 못함; Noonnu 조회 실패: HTTP 429
HY각헤드라인M	hy각헤드라인	1024	not-found	불가	불가	검증 가능한 웹폰트 파일 미발견						Fontsource·명시 별칭·jsDelivr 웹 검색에서 검증 가능한 패키지를 찾지 못함; Noonnu 조회 실패: HTTP 429
HY강B	hy강	10	not-found	불가	불가	검증 가능한 웹폰트 파일 미발견						Fontsource·명시 별칭·jsDelivr 웹 검색에서 검증 가능한 패키지를 찾지 못함; Noonnu 조회 실패: HTTP 429
HY강M	hy강	16	not-found	불가	불가	검증 가능한 웹폰트 파일 미발견						Fontsource·명시 별칭·jsDelivr 웹 검색에서 검증 가능한 패키지를 찾지 못함; Noonnu 조회 실패: HTTP 429
HY견고딕	hy견고딕	2218	not-found	불가	불가	검증 가능한 웹폰트 파일 미발견						Fontsource·명시 별칭·jsDelivr 웹 검색에서 검증 가능한 패키지를 찾지 못함; Noonnu 조회 실패: HTTP 429
HY견명조	hy견명조	1852	not-found	불가	불가	검증 가능한 웹폰트 파일 미발견						Fontsource·명시 별칭·jsDelivr 웹 검색에서 검증 가능한 패키지를 찾지 못함; Noonnu 조회 실패: HTTP 429
HY고딕	hy고딕	10	not-found	불가	불가	검증 가능한 웹폰트 파일 미발견						Fontsource·명시 별칭·jsDelivr 웹 검색에서 검증 가능한 패키지를 찾지 못함; Noonnu 조회 실패: HTTP 429
HY궁서	hy궁서	12	not-found	불가	불가	검증 가능한 웹폰트 파일 미발견						Fontsource·명시 별칭·jsDelivr 웹 검색에서 검증 가능한 패키지를 찾지 못함; Noonnu 조회 실패: HTTP 429
HY궁서B	hy궁서	16	not-found	불가	불가	검증 가능한 웹폰트 파일 미발견						Fontsource·명시 별칭·jsDelivr 웹 검색에서 검증 가능한 패키지를 찾지 못함; Noonnu 조회 실패: HTTP 429
HY그래픽	hy그래픽	86	not-found	불가	불가	검증 가능한 웹폰트 파일 미발견						Fontsource·명시 별칭·jsDelivr 웹 검색에서 검증 가능한 패키지를 찾지 못함; Noonnu 조회 실패: HTTP 429
HY그래픽M	hy그래픽	163	not-found	불가	불가	검증 가능한 웹폰트 파일 미발견						Fontsource·명시 별칭·jsDelivr 웹 검색에서 검증 가능한 패키지를 찾지 못함; Noonnu 조회 실패: HTTP 429
HY깊은샘물L	hy깊은샘물	1	not-found	불가	불가	검증 가능한 웹폰트 파일 미발견						Fontsource·명시 별칭·jsDelivr 웹 검색에서 검증 가능한 패키지를 찾지 못함; Noonnu 조회 실패: HTTP 429
HY나무B	hy나무	2	not-found	불가	불가	검증 가능한 웹폰트 파일 미발견						Fontsource·명시 별칭·jsDelivr 웹 검색에서 검증 가능한 패키지를 찾지 못함; Noonnu 조회 실패: HTTP 429
HY나무L	hy나무	3	not-found	불가	불가	검증 가능한 웹폰트 파일 미발견						Fontsource·명시 별칭·jsDelivr 웹 검색에서 검증 가능한 패키지를 찾지 못함; Noonnu 조회 실패: HTTP 429
HY나무M	hy나무	2	not-found	불가	불가	검증 가능한 웹폰트 파일 미발견						Fontsource·명시 별칭·jsDelivr 웹 검색에서 검증 가능한 패키지를 찾지 못함; Noonnu 조회 실패: HTTP 429
HY동녘B	hy동녘	7	not-found	불가	불가	검증 가능한 웹폰트 파일 미발견						Fontsource·명시 별칭·jsDelivr 웹 검색에서 검증 가능한 패키지를 찾지 못함; Noonnu 조회 실패: HTTP 429
HY동녘M	hy동녘	14	not-found	불가	불가	검증 가능한 웹폰트 파일 미발견						Fontsource·명시 별칭·jsDelivr 웹 검색에서 검증 가능한 패키지를 찾지 못함; Noonnu 조회 실패: HTTP 429
HY둥근고딕	hy둥근고딕	11	not-found	불가	불가	검증 가능한 웹폰트 파일 미발견						Fontsource·명시 별칭·jsDelivr 웹 검색에서 검증 가능한 패키지를 찾지 못함; Noonnu 조회 실패: HTTP 429
HY둥근고딕B	hy둥근고딕	1	not-found	불가	불가	검증 가능한 웹폰트 파일 미발견						Fontsource·명시 별칭·jsDelivr 웹 검색에서 검증 가능한 패키지를 찾지 못함; Noonnu 조회 실패: HTTP 429
HY둥근고딕M	hy둥근고딕	2	not-found	불가	불가	검증 가능한 웹폰트 파일 미발견						Fontsource·명시 별칭·jsDelivr 웹 검색에서 검증 가능한 패키지를 찾지 못함; Noonnu 조회 실패: HTTP 429
HY목각파임B	hy목각파임	5	not-found	불가	불가	검증 가능한 웹폰트 파일 미발견						Fontsource·명시 별칭·jsDelivr 웹 검색에서 검증 가능한 패키지를 찾지 못함; Noonnu 조회 실패: HTTP 429
HY목각B	hy목각	1	not-found	불가	불가	검증 가능한 웹폰트 파일 미발견						Fontsource·명시 별칭·jsDelivr 웹 검색에서 검증 가능한 패키지를 찾지 못함; Noonnu 조회 실패: HTTP 429
HY목판L	hy목판	10	not-found	불가	불가	검증 가능한 웹폰트 파일 미발견						Fontsource·명시 별칭·jsDelivr 웹 검색에서 검증 가능한 패키지를 찾지 못함; Noonnu 조회 실패: HTTP 429
HY바다L	hy바다	4	not-found	불가	불가	검증 가능한 웹폰트 파일 미발견						Fontsource·명시 별칭·jsDelivr 웹 검색에서 검증 가능한 패키지를 찾지 못함; Noonnu 조회 실패: HTTP 429
HY바다M	hy바다	2	not-found	불가	불가	검증 가능한 웹폰트 파일 미발견						Fontsource·명시 별칭·jsDelivr 웹 검색에서 검증 가능한 패키지를 찾지 못함; Noonnu 조회 실패: HTTP 429
HY백송B	hy백송	18	not-found	불가	불가	검증 가능한 웹폰트 파일 미발견						Fontsource·명시 별칭·jsDelivr 웹 검색에서 검증 가능한 패키지를 찾지 못함; Noonnu 조회 실패: HTTP 429
HY부활L	hy부활	2	not-found	불가	불가	검증 가능한 웹폰트 파일 미발견						Fontsource·명시 별칭·jsDelivr 웹 검색에서 검증 가능한 패키지를 찾지 못함; Noonnu 조회 실패: HTTP 429
HY산B	hy산	3	not-found	불가	불가	검증 가능한 웹폰트 파일 미발견						Fontsource·명시 별칭·jsDelivr 웹 검색에서 검증 가능한 패키지를 찾지 못함; Noonnu 조회 실패: HTTP 429
HY센스B	hy센스	1	not-found	불가	불가	검증 가능한 웹폰트 파일 미발견						Fontsource·명시 별칭·jsDelivr 웹 검색에서 검증 가능한 패키지를 찾지 못함; Noonnu 조회 실패: HTTP 429
HY센스L	hy센스	5	not-found	불가	불가	검증 가능한 웹폰트 파일 미발견						Fontsource·명시 별칭·jsDelivr 웹 검색에서 검증 가능한 패키지를 찾지 못함; Noonnu 조회 실패: HTTP 429
HY수평선B	hy수평선	11	not-found	불가	불가	검증 가능한 웹폰트 파일 미발견						Fontsource·명시 별칭·jsDelivr 웹 검색에서 검증 가능한 패키지를 찾지 못함; Noonnu 조회 실패: HTTP 429
HY수평선L	hy수평선	1	not-found	불가	불가	검증 가능한 웹폰트 파일 미발견						Fontsource·명시 별칭·jsDelivr 웹 검색에서 검증 가능한 패키지를 찾지 못함; Noonnu 조회 실패: HTTP 429
HY수평선M	hy수평선	23	not-found	불가	불가	검증 가능한 웹폰트 파일 미발견						Fontsource·명시 별칭·jsDelivr 웹 검색에서 검증 가능한 패키지를 찾지 못함; Noonnu 조회 실패: HTTP 429
HY순명조	hy순명조	5	not-found	불가	불가	검증 가능한 웹폰트 파일 미발견						Fontsource·명시 별칭·jsDelivr 웹 검색에서 검증 가능한 패키지를 찾지 못함; Noonnu 조회 실패: HTTP 429
HY신명조	hy신명조	2055	not-found	불가	불가	검증 가능한 웹폰트 파일 미발견						Fontsource·명시 별칭·jsDelivr 웹 검색에서 검증 가능한 패키지를 찾지 못함; Noonnu 조회 실패: HTTP 429
HY신문명조	hy신문명조	17	not-found	불가	불가	검증 가능한 웹폰트 파일 미발견						Fontsource·명시 별칭·jsDelivr 웹 검색에서 검증 가능한 패키지를 찾지 못함; Noonnu 조회 실패: HTTP 429
HY얕은샘물B	hy얕은샘물	1	not-found	불가	불가	검증 가능한 웹폰트 파일 미발견						Fontsource·명시 별칭·jsDelivr 웹 검색에서 검증 가능한 패키지를 찾지 못함; Noonnu 조회 실패: HTTP 429
HY얕은샘물M	hy얕은샘물	11	not-found	불가	불가	검증 가능한 웹폰트 파일 미발견						Fontsource·명시 별칭·jsDelivr 웹 검색에서 검증 가능한 패키지를 찾지 못함; Noonnu 조회 실패: HTTP 429
HY엽서L	hy엽서	16	not-found	불가	불가	검증 가능한 웹폰트 파일 미발견						Fontsource·명시 별칭·jsDelivr 웹 검색에서 검증 가능한 패키지를 찾지 못함; Noonnu 조회 실패: HTTP 429
HY엽서M	hy엽서	11	not-found	불가	불가	검증 가능한 웹폰트 파일 미발견						Fontsource·명시 별칭·jsDelivr 웹 검색에서 검증 가능한 패키지를 찾지 못함; Noonnu 조회 실패: HTTP 429
HY예서M	hy예서	1	not-found	불가	불가	검증 가능한 웹폰트 파일 미발견						Fontsource·명시 별칭·jsDelivr 웹 검색에서 검증 가능한 패키지를 찾지 못함; Noonnu 조회 실패: HTTP 429
HY옛글M	hy옛글	2	not-found	불가	불가	검증 가능한 웹폰트 파일 미발견						Fontsource·명시 별칭·jsDelivr 웹 검색에서 검증 가능한 패키지를 찾지 못함; Noonnu 조회 실패: HTTP 429
HY울릉도B	hy울릉도	71	not-found	불가	불가	검증 가능한 웹폰트 파일 미발견						Fontsource·명시 별칭·jsDelivr 웹 검색에서 검증 가능한 패키지를 찾지 못함; Noonnu 조회 실패: HTTP 429
HY울릉도E	hy울릉도e	1	not-found	불가	불가	검증 가능한 웹폰트 파일 미발견						Fontsource·명시 별칭·jsDelivr 웹 검색에서 검증 가능한 패키지를 찾지 못함; Noonnu 조회 실패: HTTP 429
HY울릉도L	hy울릉도	39	not-found	불가	불가	검증 가능한 웹폰트 파일 미발견						Fontsource·명시 별칭·jsDelivr 웹 검색에서 검증 가능한 패키지를 찾지 못함; Noonnu 조회 실패: HTTP 429
HY울릉도M	hy울릉도	566	not-found	불가	불가	검증 가능한 웹폰트 파일 미발견						Fontsource·명시 별칭·jsDelivr 웹 검색에서 검증 가능한 패키지를 찾지 못함; Noonnu 조회 실패: HTTP 429
HY중고딕	hy중고딕	2803	not-found	불가	불가	검증 가능한 웹폰트 파일 미발견						Fontsource·명시 별칭·jsDelivr 웹 검색에서 검증 가능한 패키지를 찾지 못함; Noonnu 조회 실패: HTTP 429
HY중명조	hy중명조	6	not-found	불가	불가	검증 가능한 웹폰트 파일 미발견						Fontsource·명시 별칭·jsDelivr 웹 검색에서 검증 가능한 패키지를 찾지 못함; Noonnu 조회 실패: HTTP 429
HY크리스탈M	hy크리스탈	31	not-found	불가	불가	검증 가능한 웹폰트 파일 미발견						Fontsource·명시 별칭·jsDelivr 웹 검색에서 검증 가능한 패키지를 찾지 못함; Noonnu 조회 실패: HTTP 429
HY타자전각M	hy타자전각	1	not-found	불가	불가	검증 가능한 웹폰트 파일 미발견						Fontsource·명시 별칭·jsDelivr 웹 검색에서 검증 가능한 패키지를 찾지 못함; Noonnu 조회 실패: HTTP 429
HY타자L	hy타자	1	not-found	불가	불가	검증 가능한 웹폰트 파일 미발견						Fontsource·명시 별칭·jsDelivr 웹 검색에서 검증 가능한 패키지를 찾지 못함; Noonnu 조회 실패: HTTP 429
HY태고딕	hy태고딕	181	not-found	불가	불가	검증 가능한 웹폰트 파일 미발견						Fontsource·명시 별칭·jsDelivr 웹 검색에서 검증 가능한 패키지를 찾지 못함; Noonnu 조회 실패: HTTP 429
HY태명조	hy태명조	62	not-found	불가	불가	검증 가능한 웹폰트 파일 미발견						Fontsource·명시 별칭·jsDelivr 웹 검색에서 검증 가능한 패키지를 찾지 못함; Noonnu 조회 실패: HTTP 429
HY태백B	hy태백	10	not-found	불가	불가	검증 가능한 웹폰트 파일 미발견						Fontsource·명시 별칭·jsDelivr 웹 검색에서 검증 가능한 패키지를 찾지 못함; Noonnu 조회 실패: HTTP 429
HY특견명조	hy특견명조	10	not-found	불가	불가	검증 가능한 웹폰트 파일 미발견						Fontsource·명시 별칭·jsDelivr 웹 검색에서 검증 가능한 패키지를 찾지 못함; Noonnu 조회 실패: HTTP 429
HY특수문자4	hy특수문자4	1	not-found	불가	불가	검증 가능한 웹폰트 파일 미발견						Fontsource·명시 별칭·jsDelivr 웹 검색에서 검증 가능한 패키지를 찾지 못함; Noonnu 조회 실패: HTTP 429
HY특신명조	hy특신명조	2	not-found	불가	불가	검증 가능한 웹폰트 파일 미발견						Fontsource·명시 별칭·jsDelivr 웹 검색에서 검증 가능한 패키지를 찾지 못함; Noonnu 조회 실패: HTTP 429
HY필기L	hy필기	1	not-found	불가	불가	검증 가능한 웹폰트 파일 미발견						Fontsource·명시 별칭·jsDelivr 웹 검색에서 검증 가능한 패키지를 찾지 못함; Noonnu 조회 실패: HTTP 429
HY해서M	hy해서	3	not-found	불가	불가	검증 가능한 웹폰트 파일 미발견						Fontsource·명시 별칭·jsDelivr 웹 검색에서 검증 가능한 패키지를 찾지 못함; Noonnu 조회 실패: HTTP 429
HY해서M확장1	hy해서m확장1	1	not-found	불가	불가	검증 가능한 웹폰트 파일 미발견						Fontsource·명시 별칭·jsDelivr 웹 검색에서 검증 가능한 패키지를 찾지 못함; Noonnu 조회 실패: HTTP 429
HY해서M확장2	hy해서m확장2	1	not-found	불가	불가	검증 가능한 웹폰트 파일 미발견						Fontsource·명시 별칭·jsDelivr 웹 검색에서 검증 가능한 패키지를 찾지 못함; Noonnu 조회 실패: HTTP 429
HY해서M확장3	hy해서m확장3	1	not-found	불가	불가	검증 가능한 웹폰트 파일 미발견						Fontsource·명시 별칭·jsDelivr 웹 검색에서 검증 가능한 패키지를 찾지 못함; Noonnu 조회 실패: HTTP 429
HY헤드라인B	hy헤드라인	3	not-found	불가	불가	검증 가능한 웹폰트 파일 미발견						Fontsource·명시 별칭·jsDelivr 웹 검색에서 검증 가능한 패키지를 찾지 못함; Noonnu 조회 실패: HTTP 429
HY헤드라인M	hy헤드라인	3328	not-found	불가	불가	검증 가능한 웹폰트 파일 미발견						Fontsource·명시 별칭·jsDelivr 웹 검색에서 검증 가능한 패키지를 찾지 못함; Noonnu 조회 실패: HTTP 429
HYHeadLine M	hyheadline	6	license-review	가능	라이선스 검토 필요	CDN 응답은 확인했지만 원 권리자의 웹 사용 허가를 확인하지 못함	OnlineWebFonts	onlinewebfonts:b6bd6a4ea9787e452355467f5c8bde76	b6bd6a4ea9787e452355467f5c8bde76	원 권리자 웹 사용 허가 미확인	https://db.onlinewebfonts.com/t/b6bd6a4ea9787e452355467f5c8bde76.woff2	OnlineWebFonts WOFF2 응답 확인 (https://www.onlinewebfonts.com/download/b6bd6a4ea9787e452355467f5c8bde76); 실제 서비스 배포 전 원 권리자 사용 허가 확인 필요
HyhwpEQ	hyhwpeq	11	license-review	가능	라이선스 검토 필요	CDN 응답은 확인했지만 원 권리자의 웹 사용 허가를 확인하지 못함	OnlineWebFonts	onlinewebfonts:21ef608aa01347328562d13cc5a55169	21ef608aa01347328562d13cc5a55169	원 권리자 웹 사용 허가 미확인	https://db.onlinewebfonts.com/t/21ef608aa01347328562d13cc5a55169.woff2	OnlineWebFonts WOFF2 응답 확인 (https://www.onlinewebfonts.com/download/21ef608aa01347328562d13cc5a55169); 실제 서비스 배포 전 원 권리자 사용 허가 확인 필요
HYSymbolE	hysymbole	1	not-found	불가	불가	검증 가능한 웹폰트 파일 미발견						Fontsource·명시 별칭·jsDelivr 웹 검색에서 검증 가능한 패키지를 찾지 못함; Noonnu 조회 실패: HTTP 429
Impact	impact	10	license-review	가능	라이선스 검토 필요	CDN 응답은 확인했지만 원 권리자의 웹 사용 허가를 확인하지 못함	OnlineWebFonts	onlinewebfonts:771d2d395300ea1b80c34ba5282bf694	771d2d395300ea1b80c34ba5282bf694	원 권리자 웹 사용 허가 미확인	https://db.onlinewebfonts.com/t/771d2d395300ea1b80c34ba5282bf694.woff2	OnlineWebFonts WOFF2 응답 확인 (https://www.onlinewebfonts.com/download/771d2d395300ea1b80c34ba5282bf694); 실제 서비스 배포 전 원 권리자 사용 허가 확인 필요
Imprint MT Shadow	imprint mt shadow	2	license-review	가능	라이선스 검토 필요	CDN 응답은 확인했지만 원 권리자의 웹 사용 허가를 확인하지 못함	OnlineWebFonts	onlinewebfonts:b27d4ad5fd7f7c5044c7cbbf2dad758d	b27d4ad5fd7f7c5044c7cbbf2dad758d	원 권리자 웹 사용 허가 미확인	https://db.onlinewebfonts.com/t/b27d4ad5fd7f7c5044c7cbbf2dad758d.woff2	OnlineWebFonts WOFF2 응답 확인 (https://www.onlinewebfonts.com/download/b27d4ad5fd7f7c5044c7cbbf2dad758d); 실제 서비스 배포 전 원 권리자 사용 허가 확인 필요
Informal Roman	informal roman	2	license-review	가능	라이선스 검토 필요	CDN 응답은 확인했지만 원 권리자의 웹 사용 허가를 확인하지 못함	OnlineWebFonts	onlinewebfonts:9596b74e7ea7b56c73c185ee751952eb	9596b74e7ea7b56c73c185ee751952eb	원 권리자 웹 사용 허가 미확인	https://db.onlinewebfonts.com/t/9596b74e7ea7b56c73c185ee751952eb.woff2	OnlineWebFonts WOFF2 응답 확인 (https://www.onlinewebfonts.com/download/9596b74e7ea7b56c73c185ee751952eb); 실제 서비스 배포 전 원 권리자 사용 허가 확인 필요
JBold	jbold	1	not-found	불가	불가	검증 가능한 웹폰트 파일 미발견		@jbolda/gatsby-theme-layout, @jbolda/gatsby-theme-homepage, @jbolda/gatsby-theme-articles				Fontsource·명시 별칭·jsDelivr 웹 검색에서 검증 가능한 패키지를 찾지 못함; Noonnu 조회 실패: HTTP 429
Jokerman	jokerman	2	license-review	가능	라이선스 검토 필요	CDN 응답은 확인했지만 원 권리자의 웹 사용 허가를 확인하지 못함	OnlineWebFonts	onlinewebfonts:ea349025350b62eee57920eff9fe07b2	ea349025350b62eee57920eff9fe07b2	원 권리자 웹 사용 허가 미확인	https://db.onlinewebfonts.com/t/ea349025350b62eee57920eff9fe07b2.woff2	OnlineWebFonts WOFF2 응답 확인 (https://www.onlinewebfonts.com/download/ea349025350b62eee57920eff9fe07b2); 실제 서비스 배포 전 원 권리자 사용 허가 확인 필요
Juice ITC	juice itc	2	license-review	가능	라이선스 검토 필요	CDN 응답은 확인했지만 원 권리자의 웹 사용 허가를 확인하지 못함	OnlineWebFonts	onlinewebfonts:2986f53fe3f109fbac6f4e51015ef62c	2986f53fe3f109fbac6f4e51015ef62c	원 권리자 웹 사용 허가 미확인	https://db.onlinewebfonts.com/t/2986f53fe3f109fbac6f4e51015ef62c.woff2	OnlineWebFonts WOFF2 응답 확인 (https://www.onlinewebfonts.com/download/2986f53fe3f109fbac6f4e51015ef62c); 실제 서비스 배포 전 원 권리자 사용 허가 확인 필요
Junggothic	junggothic	1	not-found	불가	불가	검증 가능한 웹폰트 파일 미발견						Fontsource·명시 별칭·jsDelivr 웹 검색에서 검증 가능한 패키지를 찾지 못함; Noonnu 조회 실패: HTTP 429
JungGothic Old Hangul	junggothic old hangul	1	not-found	불가	불가	검증 가능한 웹폰트 파일 미발견		es-hangul, hangul-js, hangul-romanization				Fontsource·명시 별칭·jsDelivr 웹 검색에서 검증 가능한 패키지를 찾지 못함; Noonnu 조회 실패: HTTP 429
Kartika	kartika	3	license-review	가능	라이선스 검토 필요	CDN 응답은 확인했지만 원 권리자의 웹 사용 허가를 확인하지 못함	OnlineWebFonts	onlinewebfonts:813afca1a50409ac32828551874eebb4	813afca1a50409ac32828551874eebb4	원 권리자 웹 사용 허가 미확인	https://db.onlinewebfonts.com/t/813afca1a50409ac32828551874eebb4.woff2	OnlineWebFonts WOFF2 응답 확인 (https://www.onlinewebfonts.com/download/813afca1a50409ac32828551874eebb4); 실제 서비스 배포 전 원 권리자 사용 허가 확인 필요
KBIZ한마음명조 R	kbiz한마음명조	1	available	가능	가능	공급 경로의 라이선스 단서와 CDN 응답 확인	jsDelivr 웹 검색	@noonnu/kbiz-hanmaum-myungjo	0.1.0	MIT	https://cdn.jsdelivr.net/npm/@noonnu/kbiz-hanmaum-myungjo@0.1.0/fonts/kbizhanmaummyungjo-normal.woff	jsDelivr 웹 검색 후 실제 CDN 글꼴 파일 응답 확인
KoPub돋움체 Bold	kopub돋움체	201	available	가능	가능	공급 경로의 라이선스 단서와 CDN 응답 확인	jsDelivr npm	font-kopub	1.0.2	KOPUS-Custom (패키지 메타데이터 표기)	https://cdn.jsdelivr.net/npm/font-kopub@1.0.2/fonts/KoPubDotum-Bold.woff	KoPub 돋움·바탕의 요청 굵기와 일치하는 font-kopub WOFF 확인
KoPub돋움체 Light	kopub돋움체	503	available	가능	가능	공급 경로의 라이선스 단서와 CDN 응답 확인	jsDelivr npm	font-kopub	1.0.2	KOPUS-Custom (패키지 메타데이터 표기)	https://cdn.jsdelivr.net/npm/font-kopub@1.0.2/fonts/KoPubDotum-Light.woff	KoPub 돋움·바탕의 요청 굵기와 일치하는 font-kopub WOFF 확인
KoPub돋움체 Medium	kopub돋움체	143	available	가능	가능	공급 경로의 라이선스 단서와 CDN 응답 확인	jsDelivr npm	font-kopub	1.0.2	KOPUS-Custom (패키지 메타데이터 표기)	https://cdn.jsdelivr.net/npm/font-kopub@1.0.2/fonts/KoPubDotum-Medium.woff	KoPub 돋움·바탕의 요청 굵기와 일치하는 font-kopub WOFF 확인
KoPub돋움체_Pro Bold	kopub돋움체 pro	1	not-found	불가	불가	검증 가능한 웹폰트 파일 미발견		font-kopub, font-kopubworld, @noonnu/ko-pub-batang				Fontsource·명시 별칭·jsDelivr 웹 검색에서 검증 가능한 패키지를 찾지 못함; Noonnu 조회 실패: HTTP 429
KoPub돋움체_Pro Light	kopub돋움체 pro	1	not-found	불가	불가	검증 가능한 웹폰트 파일 미발견		font-kopub, font-kopubworld, @noonnu/ko-pub-batang				Fontsource·명시 별칭·jsDelivr 웹 검색에서 검증 가능한 패키지를 찾지 못함; Noonnu 조회 실패: HTTP 429
KoPub돋움체_Pro Medium	kopub돋움체 pro	1	not-found	불가	불가	검증 가능한 웹폰트 파일 미발견		font-kopub, font-kopubworld, @noonnu/ko-pub-batang				Fontsource·명시 별칭·jsDelivr 웹 검색에서 검증 가능한 패키지를 찾지 못함; Noonnu 조회 실패: HTTP 429
KoPub바탕체 Bold	kopub바탕체	34	available	가능	가능	공급 경로의 라이선스 단서와 CDN 응답 확인	jsDelivr npm	font-kopub	1.0.2	KOPUS-Custom (패키지 메타데이터 표기)	https://cdn.jsdelivr.net/npm/font-kopub@1.0.2/fonts/KoPubBatang-Bold.woff	KoPub 돋움·바탕의 요청 굵기와 일치하는 font-kopub WOFF 확인
KoPub바탕체 Light	kopub바탕체	582	available	가능	가능	공급 경로의 라이선스 단서와 CDN 응답 확인	jsDelivr npm	font-kopub	1.0.2	KOPUS-Custom (패키지 메타데이터 표기)	https://cdn.jsdelivr.net/npm/font-kopub@1.0.2/fonts/KoPubBatang-Light.woff	KoPub 돋움·바탕의 요청 굵기와 일치하는 font-kopub WOFF 확인
KoPub바탕체 Medium	kopub바탕체	29	available	가능	가능	공급 경로의 라이선스 단서와 CDN 응답 확인	jsDelivr npm	font-kopub	1.0.2	KOPUS-Custom (패키지 메타데이터 표기)	https://cdn.jsdelivr.net/npm/font-kopub@1.0.2/fonts/KoPubBatang-Medium.woff	KoPub 돋움·바탕의 요청 굵기와 일치하는 font-kopub WOFF 확인
KoPub바탕체_Pro Light	kopub바탕체 pro	1	not-found	불가	불가	검증 가능한 웹폰트 파일 미발견		font-kopub, font-kopubworld, @noonnu/ko-pub-batang				Fontsource·명시 별칭·jsDelivr 웹 검색에서 검증 가능한 패키지를 찾지 못함; Noonnu 조회 실패: HTTP 429
KoPubBatangLight	kopubbatanglight	3	available	가능	가능	공급 경로의 라이선스 단서와 CDN 응답 확인	jsDelivr npm	font-kopub	1.0.2	KOPUS-Custom (패키지 메타데이터 표기)	https://cdn.jsdelivr.net/npm/font-kopub@1.0.2/fonts/KoPubBatang-Light.woff	KoPub 돋움·바탕의 요청 굵기와 일치하는 font-kopub WOFF 확인
KoPubDotumMedium	kopubdotummedium	1	available	가능	가능	공급 경로의 라이선스 단서와 CDN 응답 확인	jsDelivr npm	font-kopub	1.0.2	KOPUS-Custom (패키지 메타데이터 표기)	https://cdn.jsdelivr.net/npm/font-kopub@1.0.2/fonts/KoPubDotum-Medium.woff	KoPub 돋움·바탕의 요청 굵기와 일치하는 font-kopub WOFF 확인
KoPubWorld돋움체 Bold	kopubworld돋움체	214	available	가능	가능	공급 경로의 라이선스 단서와 CDN 응답 확인	jsDelivr npm	font-kopubworld	1.0.3	KOPUS-Custom (사용 등록 후 상업적·온라인 사용 가능)	https://cdn.jsdelivr.net/npm/font-kopubworld@1.0.3/fonts/KoPubWorld-Dotum-Bold.otf	KOPUS 공식 공개 글꼴 안내에 따른 KoPubWorld 요청 굵기 일치 OTF 확인
KoPubWorld돋움체 Light	kopubworld돋움체	12	available	가능	가능	공급 경로의 라이선스 단서와 CDN 응답 확인	jsDelivr npm	font-kopubworld	1.0.3	KOPUS-Custom (사용 등록 후 상업적·온라인 사용 가능)	https://cdn.jsdelivr.net/npm/font-kopubworld@1.0.3/fonts/KoPubWorld-Dotum-Light.otf	KOPUS 공식 공개 글꼴 안내에 따른 KoPubWorld 요청 굵기 일치 OTF 확인
KoPubWorld돋움체 Medium	kopubworld돋움체	10	available	가능	가능	공급 경로의 라이선스 단서와 CDN 응답 확인	jsDelivr npm	font-kopubworld	1.0.3	KOPUS-Custom (사용 등록 후 상업적·온라인 사용 가능)	https://cdn.jsdelivr.net/npm/font-kopubworld@1.0.3/fonts/KoPubWorld-Dotum-Medium.otf	KOPUS 공식 공개 글꼴 안내에 따른 KoPubWorld 요청 굵기 일치 OTF 확인
KoPubWorld돋움체_Pro Bold	kopubworld돋움체 pro	2	not-found	불가	불가	검증 가능한 웹폰트 파일 미발견		font-kopubworld, @fontpkg/ko-pub-world-batang, @fontpkg/ko-pub-world-dotum				Fontsource·명시 별칭·jsDelivr 웹 검색에서 검증 가능한 패키지를 찾지 못함; Noonnu 조회 실패: HTTP 429
KoPubWorld돋움체_Pro Light	kopubworld돋움체 pro	2	not-found	불가	불가	검증 가능한 웹폰트 파일 미발견		font-kopubworld, @fontpkg/ko-pub-world-batang, @fontpkg/ko-pub-world-dotum				Fontsource·명시 별칭·jsDelivr 웹 검색에서 검증 가능한 패키지를 찾지 못함; Noonnu 조회 실패: HTTP 429
KoPubWorld돋움체_Pro Medium	kopubworld돋움체 pro	1	not-found	불가	불가	검증 가능한 웹폰트 파일 미발견		font-kopubworld, @fontpkg/ko-pub-world-batang, @fontpkg/ko-pub-world-dotum				Fontsource·명시 별칭·jsDelivr 웹 검색에서 검증 가능한 패키지를 찾지 못함; Noonnu 조회 실패: HTTP 429
KoPubWorld바탕체 Bold	kopubworld바탕체	3	available	가능	가능	공급 경로의 라이선스 단서와 CDN 응답 확인	jsDelivr npm	font-kopubworld	1.0.3	KOPUS-Custom (사용 등록 후 상업적·온라인 사용 가능)	https://cdn.jsdelivr.net/npm/font-kopubworld@1.0.3/fonts/KoPubWorld-Batang-Bold.otf	KOPUS 공식 공개 글꼴 안내에 따른 KoPubWorld 요청 굵기 일치 OTF 확인
KoPubWorld바탕체 Light	kopubworld바탕체	12	available	가능	가능	공급 경로의 라이선스 단서와 CDN 응답 확인	jsDelivr npm	font-kopubworld	1.0.3	KOPUS-Custom (사용 등록 후 상업적·온라인 사용 가능)	https://cdn.jsdelivr.net/npm/font-kopubworld@1.0.3/fonts/KoPubWorld-Batang-Light.otf	KOPUS 공식 공개 글꼴 안내에 따른 KoPubWorld 요청 굵기 일치 OTF 확인
KoPubWorld바탕체 Medium	kopubworld바탕체	4	available	가능	가능	공급 경로의 라이선스 단서와 CDN 응답 확인	jsDelivr npm	font-kopubworld	1.0.3	KOPUS-Custom (사용 등록 후 상업적·온라인 사용 가능)	https://cdn.jsdelivr.net/npm/font-kopubworld@1.0.3/fonts/KoPubWorld-Batang-Medium.otf	KOPUS 공식 공개 글꼴 안내에 따른 KoPubWorld 요청 굵기 일치 OTF 확인
KoPubWorld바탕체_Pro Bold	kopubworld바탕체 pro	1	not-found	불가	불가	검증 가능한 웹폰트 파일 미발견		font-kopubworld, @fontpkg/ko-pub-world-batang, @fontpkg/ko-pub-world-dotum				Fontsource·명시 별칭·jsDelivr 웹 검색에서 검증 가능한 패키지를 찾지 못함; Noonnu 조회 실패: HTTP 429
KoPubWorld바탕체_Pro Light	kopubworld바탕체 pro	1	not-found	불가	불가	검증 가능한 웹폰트 파일 미발견		font-kopubworld, @fontpkg/ko-pub-world-batang, @fontpkg/ko-pub-world-dotum				Fontsource·명시 별칭·jsDelivr 웹 검색에서 검증 가능한 패키지를 찾지 못함; Noonnu 조회 실패: HTTP 429
Kristen ITC	kristen itc	2	license-review	가능	라이선스 검토 필요	CDN 응답은 확인했지만 원 권리자의 웹 사용 허가를 확인하지 못함	OnlineWebFonts	onlinewebfonts:ac63b6058f703ae46123ce6c383c6287	ac63b6058f703ae46123ce6c383c6287	원 권리자 웹 사용 허가 미확인	https://db.onlinewebfonts.com/t/ac63b6058f703ae46123ce6c383c6287.woff2	OnlineWebFonts WOFF2 응답 확인 (https://www.onlinewebfonts.com/download/ac63b6058f703ae46123ce6c383c6287); 실제 서비스 배포 전 원 권리자 사용 허가 확인 필요
Kunstler Script	kunstler script	2	license-review	가능	라이선스 검토 필요	CDN 응답은 확인했지만 원 권리자의 웹 사용 허가를 확인하지 못함	OnlineWebFonts	onlinewebfonts:3e13bee6781c476e142a2bca4d9ab99c	3e13bee6781c476e142a2bca4d9ab99c	원 권리자 웹 사용 허가 미확인	https://db.onlinewebfonts.com/t/3e13bee6781c476e142a2bca4d9ab99c.woff2	OnlineWebFonts WOFF2 응답 확인 (https://www.onlinewebfonts.com/download/3e13bee6781c476e142a2bca4d9ab99c); 실제 서비스 배포 전 원 권리자 사용 허가 확인 필요
Latha	latha	6	license-review	가능	라이선스 검토 필요	CDN 응답은 확인했지만 원 권리자의 웹 사용 허가를 확인하지 못함	OnlineWebFonts	onlinewebfonts:87d92990ec1481924e2bfee102e5c0eb	87d92990ec1481924e2bfee102e5c0eb	원 권리자 웹 사용 허가 미확인	https://db.onlinewebfonts.com/t/87d92990ec1481924e2bfee102e5c0eb.woff2	OnlineWebFonts WOFF2 응답 확인 (https://www.onlinewebfonts.com/download/87d92990ec1481924e2bfee102e5c0eb); 실제 서비스 배포 전 원 권리자 사용 허가 확인 필요
Liberty BT	liberty bt	8	license-review	가능	라이선스 검토 필요	CDN 응답은 확인했지만 원 권리자의 웹 사용 허가를 확인하지 못함	OnlineWebFonts	onlinewebfonts:85256468379fd013a62272dc0e9e3b1e	85256468379fd013a62272dc0e9e3b1e	원 권리자 웹 사용 허가 미확인	https://db.onlinewebfonts.com/t/85256468379fd013a62272dc0e9e3b1e.woff2	OnlineWebFonts WOFF2 응답 확인 (https://www.onlinewebfonts.com/download/85256468379fd013a62272dc0e9e3b1e); 실제 서비스 배포 전 원 권리자 사용 허가 확인 필요
Lucida Bright	lucida bright	2	license-review	가능	라이선스 검토 필요	CDN 응답은 확인했지만 원 권리자의 웹 사용 허가를 확인하지 못함	OnlineWebFonts	onlinewebfonts:dbca3735efb1a1b244da42542c8cdbeb	dbca3735efb1a1b244da42542c8cdbeb	원 권리자 웹 사용 허가 미확인	https://db.onlinewebfonts.com/t/dbca3735efb1a1b244da42542c8cdbeb.woff2	OnlineWebFonts WOFF2 응답 확인 (https://www.onlinewebfonts.com/download/dbca3735efb1a1b244da42542c8cdbeb); 실제 서비스 배포 전 원 권리자 사용 허가 확인 필요
Lucida Calligraphy	lucida calligraphy	2	license-review	가능	라이선스 검토 필요	CDN 응답은 확인했지만 원 권리자의 웹 사용 허가를 확인하지 못함	OnlineWebFonts	onlinewebfonts:4053837519f2a20cd733848fc1f9aa03	4053837519f2a20cd733848fc1f9aa03	원 권리자 웹 사용 허가 미확인	https://db.onlinewebfonts.com/t/4053837519f2a20cd733848fc1f9aa03.woff2	OnlineWebFonts WOFF2 응답 확인 (https://www.onlinewebfonts.com/download/4053837519f2a20cd733848fc1f9aa03); 실제 서비스 배포 전 원 권리자 사용 허가 확인 필요
Lucida Console	lucida console	10	license-review	가능	라이선스 검토 필요	CDN 응답은 확인했지만 원 권리자의 웹 사용 허가를 확인하지 못함	OnlineWebFonts	onlinewebfonts:97a55c954a18d2daae22c5f9114794d5	97a55c954a18d2daae22c5f9114794d5	원 권리자 웹 사용 허가 미확인	https://db.onlinewebfonts.com/t/97a55c954a18d2daae22c5f9114794d5.woff2	OnlineWebFonts WOFF2 응답 확인 (https://www.onlinewebfonts.com/download/97a55c954a18d2daae22c5f9114794d5); 실제 서비스 배포 전 원 권리자 사용 허가 확인 필요
Lucida Fax	lucida fax	2	license-review	가능	라이선스 검토 필요	CDN 응답은 확인했지만 원 권리자의 웹 사용 허가를 확인하지 못함	OnlineWebFonts	onlinewebfonts:626419e51aa2bd64427a0e0921edab61	626419e51aa2bd64427a0e0921edab61	원 권리자 웹 사용 허가 미확인	https://db.onlinewebfonts.com/t/626419e51aa2bd64427a0e0921edab61.woff2	OnlineWebFonts WOFF2 응답 확인 (https://www.onlinewebfonts.com/download/626419e51aa2bd64427a0e0921edab61); 실제 서비스 배포 전 원 권리자 사용 허가 확인 필요
Lucida Handwriting	lucida handwriting	3	license-review	가능	라이선스 검토 필요	CDN 응답은 확인했지만 원 권리자의 웹 사용 허가를 확인하지 못함	OnlineWebFonts	onlinewebfonts:31cfd9d14874e1be831c18bf5371ad7c	31cfd9d14874e1be831c18bf5371ad7c	원 권리자 웹 사용 허가 미확인	https://db.onlinewebfonts.com/t/31cfd9d14874e1be831c18bf5371ad7c.woff2	OnlineWebFonts WOFF2 응답 확인 (https://www.onlinewebfonts.com/download/31cfd9d14874e1be831c18bf5371ad7c); 실제 서비스 배포 전 원 권리자 사용 허가 확인 필요
Lucida Sans	lucida sans	5	license-review	가능	라이선스 검토 필요	CDN 응답은 확인했지만 원 권리자의 웹 사용 허가를 확인하지 못함	OnlineWebFonts	onlinewebfonts:db90a54b1d16a8a33b8fc256d41e228a	db90a54b1d16a8a33b8fc256d41e228a	원 권리자 웹 사용 허가 미확인	https://db.onlinewebfonts.com/t/db90a54b1d16a8a33b8fc256d41e228a.woff2	OnlineWebFonts WOFF2 응답 확인 (https://www.onlinewebfonts.com/download/db90a54b1d16a8a33b8fc256d41e228a); 실제 서비스 배포 전 원 권리자 사용 허가 확인 필요
Lucida Sans Typewriter	lucida sans typewriter	2	license-review	가능	라이선스 검토 필요	CDN 응답은 확인했지만 원 권리자의 웹 사용 허가를 확인하지 못함	OnlineWebFonts	onlinewebfonts:5e412ec1303cd5e91634c9e9f9a0f291	5e412ec1303cd5e91634c9e9f9a0f291	원 권리자 웹 사용 허가 미확인	https://db.onlinewebfonts.com/t/5e412ec1303cd5e91634c9e9f9a0f291.woff2	OnlineWebFonts WOFF2 응답 확인 (https://www.onlinewebfonts.com/download/5e412ec1303cd5e91634c9e9f9a0f291); 실제 서비스 배포 전 원 권리자 사용 허가 확인 필요
Lucida Sans Unicode	lucida sans unicode	10	license-review	가능	라이선스 검토 필요	CDN 응답은 확인했지만 원 권리자의 웹 사용 허가를 확인하지 못함	OnlineWebFonts	onlinewebfonts:26c724b3b181aad246aa1321eaa9ea21	26c724b3b181aad246aa1321eaa9ea21	원 권리자 웹 사용 허가 미확인	https://db.onlinewebfonts.com/t/26c724b3b181aad246aa1321eaa9ea21.woff2	OnlineWebFonts WOFF2 응답 확인 (https://www.onlinewebfonts.com/download/26c724b3b181aad246aa1321eaa9ea21); 실제 서비스 배포 전 원 권리자 사용 허가 확인 필요
Magneto	magneto	2	license-review	가능	라이선스 검토 필요	CDN 응답은 확인했지만 원 권리자의 웹 사용 허가를 확인하지 못함	OnlineWebFonts	onlinewebfonts:e564ab2a94b273e5648ff05697eccad2	e564ab2a94b273e5648ff05697eccad2	원 권리자 웹 사용 허가 미확인	https://db.onlinewebfonts.com/t/e564ab2a94b273e5648ff05697eccad2.woff2	OnlineWebFonts WOFF2 응답 확인 (https://www.onlinewebfonts.com/download/e564ab2a94b273e5648ff05697eccad2); 실제 서비스 배포 전 원 권리자 사용 허가 확인 필요
Maiandra GD	maiandra gd	2	license-review	가능	라이선스 검토 필요	CDN 응답은 확인했지만 원 권리자의 웹 사용 허가를 확인하지 못함	OnlineWebFonts	onlinewebfonts:0dc85fad34f00fbec56d8081d0f9267a	0dc85fad34f00fbec56d8081d0f9267a	원 권리자 웹 사용 허가 미확인	https://db.onlinewebfonts.com/t/0dc85fad34f00fbec56d8081d0f9267a.woff2	OnlineWebFonts WOFF2 응답 확인 (https://www.onlinewebfonts.com/download/0dc85fad34f00fbec56d8081d0f9267a); 실제 서비스 배포 전 원 권리자 사용 허가 확인 필요
Malgan Gothic	malgan gothic	2	not-found	불가	불가	검증 가능한 웹폰트 파일 미발견		malganis, @fontsource/zen-maru-gothic, font-applesdgothicneo				Fontsource·명시 별칭·jsDelivr 웹 검색에서 검증 가능한 패키지를 찾지 못함; Noonnu 조회 실패: HTTP 429
Malgun	malgun	1	not-found	불가	불가	검증 가능한 웹폰트 파일 미발견		@log-er/han-span-widths, han-span				Fontsource·명시 별칭·jsDelivr 웹 검색에서 검증 가능한 패키지를 찾지 못함; Noonnu 조회 실패: HTTP 429
Malgun Gothic	malgun gothic	2	license-review	가능	라이선스 검토 필요	CDN 응답은 확인했지만 원 권리자의 웹 사용 허가를 확인하지 못함	OnlineWebFonts	onlinewebfonts:3a025ae92e6446cec24efcb6d29e5bf3	3a025ae92e6446cec24efcb6d29e5bf3	원 권리자 웹 사용 허가 미확인	https://db.onlinewebfonts.com/t/3a025ae92e6446cec24efcb6d29e5bf3.woff2	OnlineWebFonts WOFF2 응답 확인 (https://www.onlinewebfonts.com/download/3a025ae92e6446cec24efcb6d29e5bf3); 실제 서비스 배포 전 원 권리자 사용 허가 확인 필요
MalgunGothic	malgungothic	1	not-found	불가	불가	검증 가능한 웹폰트 파일 미발견		@log-er/han-span-widths, han-span				Fontsource·명시 별칭·jsDelivr 웹 검색에서 검증 가능한 패키지를 찾지 못함; Noonnu 조회 실패: HTTP 429
Mangal	mangal	6	license-review	가능	라이선스 검토 필요	CDN 응답은 확인했지만 원 권리자의 웹 사용 허가를 확인하지 못함	OnlineWebFonts	onlinewebfonts:76620e2b3e9d54512d94915e11659eb5	76620e2b3e9d54512d94915e11659eb5	원 권리자 웹 사용 허가 미확인	https://db.onlinewebfonts.com/t/76620e2b3e9d54512d94915e11659eb5.woff2	OnlineWebFonts WOFF2 응답 확인 (https://www.onlinewebfonts.com/download/76620e2b3e9d54512d94915e11659eb5); 실제 서비스 배포 전 원 권리자 사용 허가 확인 필요
Marlett	marlett	10	license-review	가능	라이선스 검토 필요	CDN 응답은 확인했지만 원 권리자의 웹 사용 허가를 확인하지 못함	OnlineWebFonts	onlinewebfonts:c8da7be807a6253e53142d51f6d3c37d	c8da7be807a6253e53142d51f6d3c37d	원 권리자 웹 사용 허가 미확인	https://db.onlinewebfonts.com/t/c8da7be807a6253e53142d51f6d3c37d.woff2	OnlineWebFonts WOFF2 응답 확인 (https://www.onlinewebfonts.com/download/c8da7be807a6253e53142d51f6d3c37d); 실제 서비스 배포 전 원 권리자 사용 허가 확인 필요
Matisse ITC	matisse itc	1	license-review	가능	라이선스 검토 필요	CDN 응답은 확인했지만 원 권리자의 웹 사용 허가를 확인하지 못함	OnlineWebFonts	onlinewebfonts:ecf665ef7aa7551d8e7603ad8d56c26e	ecf665ef7aa7551d8e7603ad8d56c26e	원 권리자 웹 사용 허가 미확인	https://db.onlinewebfonts.com/t/ecf665ef7aa7551d8e7603ad8d56c26e.woff2	OnlineWebFonts WOFF2 응답 확인 (https://www.onlinewebfonts.com/download/ecf665ef7aa7551d8e7603ad8d56c26e); 실제 서비스 배포 전 원 권리자 사용 허가 확인 필요
Matura MT Script Capitals	matura mt script capitals	2	license-review	가능	라이선스 검토 필요	CDN 응답은 확인했지만 원 권리자의 웹 사용 허가를 확인하지 못함	OnlineWebFonts	onlinewebfonts:e657499431090407423c1539e4af6364	e657499431090407423c1539e4af6364	원 권리자 웹 사용 허가 미확인	https://db.onlinewebfonts.com/t/e657499431090407423c1539e4af6364.woff2	OnlineWebFonts WOFF2 응답 확인 (https://www.onlinewebfonts.com/download/e657499431090407423c1539e4af6364); 실제 서비스 배포 전 원 권리자 사용 허가 확인 필요
MD개성체	md개성체	11	not-found	불가	불가	검증 가능한 웹폰트 파일 미발견						Fontsource·명시 별칭·jsDelivr 웹 검색에서 검증 가능한 패키지를 찾지 못함; Noonnu 조회 실패: HTTP 429
MD솔체	md솔체	16	not-found	불가	불가	검증 가능한 웹폰트 파일 미발견						Fontsource·명시 별칭·jsDelivr 웹 검색에서 검증 가능한 패키지를 찾지 못함; Noonnu 조회 실패: HTTP 429
MD아롱체	md아롱체	4	not-found	불가	불가	검증 가능한 웹폰트 파일 미발견						Fontsource·명시 별칭·jsDelivr 웹 검색에서 검증 가능한 패키지를 찾지 못함; Noonnu 조회 실패: HTTP 429
MD아트체	md아트체	8	not-found	불가	불가	검증 가능한 웹폰트 파일 미발견						Fontsource·명시 별칭·jsDelivr 웹 검색에서 검증 가능한 패키지를 찾지 못함; Noonnu 조회 실패: HTTP 429
MD이솝체	md이솝체	6	not-found	불가	불가	검증 가능한 웹폰트 파일 미발견						Fontsource·명시 별칭·jsDelivr 웹 검색에서 검증 가능한 패키지를 찾지 못함; Noonnu 조회 실패: HTTP 429
Meta Serif Offc	meta serif offc	1	not-found	불가	불가	검증 가능한 웹폰트 파일 미발견		meta, @babel/plugin-syntax-import-meta, @turf/meta				Fontsource·명시 별칭·jsDelivr 웹 검색에서 검증 가능한 패키지를 찾지 못함; Noonnu 조회 실패: HTTP 429
Microsoft Sans Serif	microsoft sans serif	11	license-review	가능	라이선스 검토 필요	CDN 응답은 확인했지만 원 권리자의 웹 사용 허가를 확인하지 못함	OnlineWebFonts	onlinewebfonts:2442df04682466647c9b737e374dd1ef	2442df04682466647c9b737e374dd1ef	원 권리자 웹 사용 허가 미확인	https://db.onlinewebfonts.com/t/2442df04682466647c9b737e374dd1ef.woff2	OnlineWebFonts WOFF2 응답 확인 (https://www.onlinewebfonts.com/download/2442df04682466647c9b737e374dd1ef); 실제 서비스 배포 전 원 권리자 사용 허가 확인 필요
MingLiU	mingliu	8	license-review	가능	라이선스 검토 필요	CDN 응답은 확인했지만 원 권리자의 웹 사용 허가를 확인하지 못함	OnlineWebFonts	onlinewebfonts:23cfc97e0a97d980f87f5780303baf01	23cfc97e0a97d980f87f5780303baf01	원 권리자 웹 사용 허가 미확인	https://db.onlinewebfonts.com/t/23cfc97e0a97d980f87f5780303baf01.woff2	OnlineWebFonts WOFF2 응답 확인 (https://www.onlinewebfonts.com/download/23cfc97e0a97d980f87f5780303baf01); 실제 서비스 배포 전 원 권리자 사용 허가 확인 필요
Mistral	mistral	2	license-review	가능	라이선스 검토 필요	CDN 응답은 확인했지만 원 권리자의 웹 사용 허가를 확인하지 못함	OnlineWebFonts	onlinewebfonts:bda64a7a2fff9dda305ff3c1cb6ca679	bda64a7a2fff9dda305ff3c1cb6ca679	원 권리자 웹 사용 허가 미확인	https://db.onlinewebfonts.com/t/bda64a7a2fff9dda305ff3c1cb6ca679.woff2	OnlineWebFonts WOFF2 응답 확인 (https://www.onlinewebfonts.com/download/bda64a7a2fff9dda305ff3c1cb6ca679); 실제 서비스 배포 전 원 권리자 사용 허가 확인 필요
MMTimes	mmtimes	1	not-found	불가	불가	검증 가능한 웹폰트 파일 미발견		mmtimespanjs				Fontsource·명시 별칭·jsDelivr 웹 검색에서 검증 가능한 패키지를 찾지 못함; Noonnu 조회 실패: HTTP 429
Modern No. 20	modern no. 20	2	not-found	불가	불가	검증 가능한 웹폰트 파일 미발견		modern-screenshot, modern-normalize, mathjax-modern-font				Fontsource·명시 별칭·jsDelivr 웹 검색에서 검증 가능한 패키지를 찾지 못함; Noonnu 조회 실패: HTTP 429
Moebius	moebius	1	license-review	가능	라이선스 검토 필요	CDN 응답은 확인했지만 원 권리자의 웹 사용 허가를 확인하지 못함	OnlineWebFonts	onlinewebfonts:378341f1a5b64ec05da305fbd03ca93d	378341f1a5b64ec05da305fbd03ca93d	원 권리자 웹 사용 허가 미확인	https://db.onlinewebfonts.com/t/378341f1a5b64ec05da305fbd03ca93d.woff2	OnlineWebFonts WOFF2 응답 확인 (https://www.onlinewebfonts.com/download/378341f1a5b64ec05da305fbd03ca93d); 실제 서비스 배포 전 원 권리자 사용 허가 확인 필요
Monotype Corsiva	monotype corsiva	10	not-found	불가	불가	검증 가능한 웹폰트 파일 미발견		monotype, com_monotype_android_font_thonburi_v1_0_apk_g0h, @daddyonyx/monotype-common				Fontsource·명시 별칭·jsDelivr 웹 검색에서 검증 가능한 패키지를 찾지 못함; Noonnu 조회 실패: HTTP 429
ＭＳ 明朝	ｍｓ 明朝	1	not-found	불가	불가	검증 가능한 웹폰트 파일 미발견						Fontsource·명시 별칭·jsDelivr 웹 검색에서 검증 가능한 패키지를 찾지 못함; Noonnu 조회 실패: HTTP 429
MS Gothic	ms gothic	10	available	가능	가능	공급 경로의 라이선스 단서와 CDN 응답 확인	jsDelivr 웹 검색	@fontsource/zen-maru-gothic	5.3.0	OFL-1.1	https://cdn.jsdelivr.net/npm/@fontsource/zen-maru-gothic@5.3.0/files/zen-maru-gothic-10-300-normal.woff	jsDelivr 웹 검색 후 실제 CDN 글꼴 파일 응답 확인
MS Hei	ms hei	1	not-found	불가	불가	검증 가능한 웹폰트 파일 미발견						Fontsource·명시 별칭·jsDelivr 웹 검색에서 검증 가능한 패키지를 찾지 못함; Noonnu 조회 실패: HTTP 429
MS Mincho	ms mincho	27	available	가능	가능	공급 경로의 라이선스 단서와 CDN 응답 확인	jsDelivr 웹 검색	@fontsource/shippori-mincho	5.3.0	OFL-1.1	https://cdn.jsdelivr.net/npm/@fontsource/shippori-mincho@5.3.0/files/shippori-mincho-0-400-normal.woff	jsDelivr 웹 검색 후 실제 CDN 글꼴 파일 응답 확인
MS Outlook	ms outlook	9	not-found	불가	불가	검증 가능한 웹폰트 파일 미발견		pst-extractor, @hiraokahypertools/pst-extractor, cordova-plugin-ms-outlook				Fontsource·명시 별칭·jsDelivr 웹 검색에서 검증 가능한 패키지를 찾지 못함
MS PGothic	ms pgothic	6	license-review	가능	라이선스 검토 필요	CDN 응답은 확인했지만 원 권리자의 웹 사용 허가를 확인하지 못함	OnlineWebFonts	onlinewebfonts:b73897a75e8d28c20f9ab68f075c458f	b73897a75e8d28c20f9ab68f075c458f	원 권리자 웹 사용 허가 미확인	https://db.onlinewebfonts.com/t/b73897a75e8d28c20f9ab68f075c458f.woff2	OnlineWebFonts WOFF2 응답 확인 (https://www.onlinewebfonts.com/download/b73897a75e8d28c20f9ab68f075c458f); 실제 서비스 배포 전 원 권리자 사용 허가 확인 필요
MS PMincho	ms pmincho	7	not-found	불가	불가	검증 가능한 웹폰트 파일 미발견						Fontsource·명시 별칭·jsDelivr 웹 검색에서 검증 가능한 패키지를 찾지 못함; Noonnu 조회 실패: HTTP 429
MS Reference Sans Serif	ms reference sans serif	3	license-review	가능	라이선스 검토 필요	CDN 응답은 확인했지만 원 권리자의 웹 사용 허가를 확인하지 못함	OnlineWebFonts	onlinewebfonts:c8f34a4d8d6a866f095261f987a237a8	c8f34a4d8d6a866f095261f987a237a8	원 권리자 웹 사용 허가 미확인	https://db.onlinewebfonts.com/t/c8f34a4d8d6a866f095261f987a237a8.woff2	OnlineWebFonts WOFF2 응답 확인 (https://www.onlinewebfonts.com/download/c8f34a4d8d6a866f095261f987a237a8); 실제 서비스 배포 전 원 권리자 사용 허가 확인 필요
MS Reference Specialty	ms reference specialty	3	license-review	가능	라이선스 검토 필요	CDN 응답은 확인했지만 원 권리자의 웹 사용 허가를 확인하지 못함	OnlineWebFonts	onlinewebfonts:da7d0632677782c7c4dd8b201ce85a8f	da7d0632677782c7c4dd8b201ce85a8f	원 권리자 웹 사용 허가 미확인	https://db.onlinewebfonts.com/t/da7d0632677782c7c4dd8b201ce85a8f.woff2	OnlineWebFonts WOFF2 응답 확인 (https://www.onlinewebfonts.com/download/da7d0632677782c7c4dd8b201ce85a8f); 실제 서비스 배포 전 원 권리자 사용 허가 확인 필요
MS Sans Serif	ms sans serif	2	not-found	불가	불가	검증 가능한 웹폰트 파일 미발견		@react95/fonts, @fontsource/open-sans, @fontsource/ibm-plex-sans				Fontsource·명시 별칭·jsDelivr 웹 검색에서 검증 가능한 패키지를 찾지 못함
MS Song	ms song	2	available	가능	가능	공급 경로의 라이선스 단서와 CDN 응답 확인	jsDelivr 웹 검색	@fontsource/song-myung	5.3.0	OFL-1.1	https://cdn.jsdelivr.net/npm/@fontsource/song-myung@5.3.0/files/song-myung-10-400-normal.woff	jsDelivr 웹 검색 후 실제 CDN 글꼴 파일 응답 확인
MS UI Gothic	ms ui gothic	6	available	가능	가능	공급 경로의 라이선스 단서와 CDN 응답 확인	jsDelivr 웹 검색	@fontsource/zen-maru-gothic	5.3.0	OFL-1.1	https://cdn.jsdelivr.net/npm/@fontsource/zen-maru-gothic@5.3.0/files/zen-maru-gothic-10-300-normal.woff	jsDelivr 웹 검색 후 실제 CDN 글꼴 파일 응답 확인
MS-Gothic	ms gothic	1	license-review	가능	라이선스 검토 필요	CDN 응답은 확인했지만 원 권리자의 웹 사용 허가를 확인하지 못함	OnlineWebFonts	onlinewebfonts:f4221c695de0fe4bd63bf82813b53175	f4221c695de0fe4bd63bf82813b53175	원 권리자 웹 사용 허가 미확인	https://db.onlinewebfonts.com/t/f4221c695de0fe4bd63bf82813b53175.woff2	OnlineWebFonts WOFF2 응답 확인 (https://www.onlinewebfonts.com/download/f4221c695de0fe4bd63bf82813b53175); 실제 서비스 배포 전 원 권리자 사용 허가 확인 필요
MT Extra	mt extra	3	available	가능	가능	공급 경로의 라이선스 단서와 CDN 응답 확인	jsDelivr 웹 검색	@fontsource/fira-sans-extra-condensed	5.3.0	OFL-1.1	https://cdn.jsdelivr.net/npm/@fontsource/fira-sans-extra-condensed@5.3.0/files/fira-sans-extra-condensed-cyrillic-100-italic.woff	jsDelivr 웹 검색 후 실제 CDN 글꼴 파일 응답 확인
MurrayHill Bd BT	murrayhill bd bt	10	license-review	가능	라이선스 검토 필요	CDN 응답은 확인했지만 원 권리자의 웹 사용 허가를 확인하지 못함	OnlineWebFonts	onlinewebfonts:a1c46075a3198167739167533920832e	a1c46075a3198167739167533920832e	원 권리자 웹 사용 허가 미확인	https://db.onlinewebfonts.com/t/a1c46075a3198167739167533920832e.woff2	OnlineWebFonts WOFF2 응답 확인 (https://www.onlinewebfonts.com/download/a1c46075a3198167739167533920832e); 실제 서비스 배포 전 원 권리자 사용 허가 확인 필요
MV Boli	mv boli	6	license-review	가능	라이선스 검토 필요	CDN 응답은 확인했지만 원 권리자의 웹 사용 허가를 확인하지 못함	OnlineWebFonts	onlinewebfonts:19a8db654e36276ffccbb72c68b0305a	19a8db654e36276ffccbb72c68b0305a	원 권리자 웹 사용 허가 미확인	https://db.onlinewebfonts.com/t/19a8db654e36276ffccbb72c68b0305a.woff2	OnlineWebFonts WOFF2 응답 확인 (https://www.onlinewebfonts.com/download/19a8db654e36276ffccbb72c68b0305a); 실제 서비스 배포 전 원 권리자 사용 허가 확인 필요
Myeongjo	myeongjo	4	available	가능	가능	공급 경로의 라이선스 단서와 CDN 응답 확인	jsDelivr 웹 검색	@fontsource/nanum-myeongjo	5.3.0	OFL-1.1	https://cdn.jsdelivr.net/npm/@fontsource/nanum-myeongjo@5.3.0/files/nanum-myeongjo-0-400-normal.woff	jsDelivr 웹 검색 후 실제 CDN 글꼴 파일 응답 확인
Myriad Condensed Web	myriad condensed web	1	license-review	가능	라이선스 검토 필요	CDN 응답은 확인했지만 원 권리자의 웹 사용 허가를 확인하지 못함	OnlineWebFonts	onlinewebfonts:50545262a6164daad980a395b00d0c55	50545262a6164daad980a395b00d0c55	원 권리자 웹 사용 허가 미확인	https://db.onlinewebfonts.com/t/50545262a6164daad980a395b00d0c55.woff2	OnlineWebFonts WOFF2 응답 확인 (https://www.onlinewebfonts.com/download/50545262a6164daad980a395b00d0c55); 실제 서비스 배포 전 원 권리자 사용 허가 확인 필요
Myriad Web	myriad web	1	license-review	가능	라이선스 검토 필요	CDN 응답은 확인했지만 원 권리자의 웹 사용 허가를 확인하지 못함	OnlineWebFonts	onlinewebfonts:ef165517fbf966dc1b46f335ed7ea412	ef165517fbf966dc1b46f335ed7ea412	원 권리자 웹 사용 허가 미확인	https://db.onlinewebfonts.com/t/ef165517fbf966dc1b46f335ed7ea412.woff2	OnlineWebFonts WOFF2 응답 확인 (https://www.onlinewebfonts.com/download/ef165517fbf966dc1b46f335ed7ea412); 실제 서비스 배포 전 원 권리자 사용 허가 확인 필요
Nanum Barun Gothic	nanum barun gothic	1	available	가능	가능	공급 경로의 라이선스 단서와 CDN 응답 확인	jsDelivr 웹 검색	@kfonts/nanum-barun-gothic	0.3.0	OFL-1.1	https://cdn.jsdelivr.net/npm/@kfonts/nanum-barun-gothic@0.3.0/NanumBarunGothic.woff	jsDelivr 웹 검색 후 실제 CDN 글꼴 파일 응답 확인
NanumGothic	nanumgothic	2	available	가능	가능	공급 경로의 라이선스 단서와 CDN 응답 확인	Fontsource npm	@fontsource/nanum-gothic	5.3.0	OFL-1.1	https://cdn.jsdelivr.net/npm/@fontsource/nanum-gothic@5.3.0/files/nanum-gothic-0-400-normal.woff	패키지 메타데이터와 실제 CDN 글꼴 파일 응답 확인
New Gulim	new gulim	1	not-found	불가	불가	검증 가능한 웹폰트 파일 미발견						Fontsource·명시 별칭·jsDelivr 웹 검색에서 검증 가능한 패키지를 찾지 못함
News Gothic MT	news gothic mt	1	license-review	가능	라이선스 검토 필요	CDN 응답은 확인했지만 원 권리자의 웹 사용 허가를 확인하지 못함	OnlineWebFonts	onlinewebfonts:0fb6570a60563eb5563ea22165640c31	0fb6570a60563eb5563ea22165640c31	원 권리자 웹 사용 허가 미확인	https://db.onlinewebfonts.com/t/0fb6570a60563eb5563ea22165640c31.woff2	OnlineWebFonts WOFF2 응답 확인 (https://www.onlinewebfonts.com/download/0fb6570a60563eb5563ea22165640c31); 실제 서비스 배포 전 원 권리자 사용 허가 확인 필요
Newtext Bk BT	newtext bk bt	8	not-found	불가	불가	검증 가능한 웹폰트 파일 미발견		new-text, new-text-fields				Fontsource·명시 별칭·jsDelivr 웹 검색에서 검증 가능한 패키지를 찾지 못함
Niagara Engraved	niagara engraved	2	license-review	가능	라이선스 검토 필요	CDN 응답은 확인했지만 원 권리자의 웹 사용 허가를 확인하지 못함	OnlineWebFonts	onlinewebfonts:e5b38fc8a405b9de2da31804f25b66af	e5b38fc8a405b9de2da31804f25b66af	원 권리자 웹 사용 허가 미확인	https://db.onlinewebfonts.com/t/e5b38fc8a405b9de2da31804f25b66af.woff2	OnlineWebFonts WOFF2 응답 확인 (https://www.onlinewebfonts.com/download/e5b38fc8a405b9de2da31804f25b66af); 실제 서비스 배포 전 원 권리자 사용 허가 확인 필요
Niagara Solid	niagara solid	2	license-review	가능	라이선스 검토 필요	CDN 응답은 확인했지만 원 권리자의 웹 사용 허가를 확인하지 못함	OnlineWebFonts	onlinewebfonts:deea7a74ea0e562b89edca5d89c75436	deea7a74ea0e562b89edca5d89c75436	원 권리자 웹 사용 허가 미확인	https://db.onlinewebfonts.com/t/deea7a74ea0e562b89edca5d89c75436.woff2	OnlineWebFonts WOFF2 응답 확인 (https://www.onlinewebfonts.com/download/deea7a74ea0e562b89edca5d89c75436); 실제 서비스 배포 전 원 권리자 사용 허가 확인 필요
Noto	noto	2	available	가능	가능	공급 경로의 라이선스 단서와 CDN 응답 확인	jsDelivr 웹 검색	@fontsource/noto-sans-jp	5.3.0	OFL-1.1	https://cdn.jsdelivr.net/npm/@fontsource/noto-sans-jp@5.3.0/files/noto-sans-jp-0-100-normal.woff	jsDelivr 웹 검색 후 실제 CDN 글꼴 파일 응답 확인
Noto Sans CJK JP Regular	noto sans cjk jp	1	available	가능	가능	공급 경로의 라이선스 단서와 CDN 응답 확인	jsDelivr 웹 검색	noto-sans-cjk-jp	1.0.1	MIT	https://cdn.jsdelivr.net/npm/noto-sans-cjk-jp@1.0.1/fonts/NotoSansCJKjp-Regular.woff	jsDelivr 웹 검색 후 실제 CDN 글꼴 파일 응답 확인
Noto Sans CJK KR Bold	noto sans cjk kr	1	not-found	불가	불가	검증 가능한 웹폰트 파일 미발견		@fontsource/noto-sans-jp, @fontsource-variable/noto-sans-jp, @fontsource/noto-sans				Fontsource·명시 별칭·jsDelivr 웹 검색에서 검증 가능한 패키지를 찾지 못함
Noto Sans CJK KR DemiLight	noto sans cjk kr demilight	1	not-found	불가	불가	검증 가능한 웹폰트 파일 미발견		@fontsource/noto-sans-jp, @fontsource-variable/noto-sans-jp, @fontsource/noto-sans				Fontsource·명시 별칭·jsDelivr 웹 검색에서 검증 가능한 패키지를 찾지 못함
Noto Sans CJK KR Medium	noto sans cjk kr	1	not-found	불가	불가	검증 가능한 웹폰트 파일 미발견		@fontsource/noto-sans-jp, @fontsource-variable/noto-sans-jp, @fontsource/noto-sans				Fontsource·명시 별칭·jsDelivr 웹 검색에서 검증 가능한 패키지를 찾지 못함
Noto Sans KR Medium	noto sans kr	1	available	가능	가능	공급 경로의 라이선스 단서와 CDN 응답 확인	Fontsource npm	@fontsource/noto-sans-kr	5.3.0	OFL-1.1	https://cdn.jsdelivr.net/npm/@fontsource/noto-sans-kr@5.3.0/files/noto-sans-kr-0-100-normal.woff	패키지 메타데이터와 실제 CDN 글꼴 파일 응답 확인
NotoSansKR-Regular	notosanskr	1	not-found	불가	불가	검증 가능한 웹폰트 파일 미발견						Fontsource·명시 별칭·jsDelivr 웹 검색에서 검증 가능한 패키지를 찾지 못함
NSimSun	nsimsun	6	not-found	불가	불가	검증 가능한 웹폰트 파일 미발견		simsun				Fontsource·명시 별칭·jsDelivr 웹 검색에서 검증 가능한 패키지를 찾지 못함
OCR A Extended	ocr a extended	3	license-review	가능	라이선스 검토 필요	CDN 응답은 확인했지만 원 권리자의 웹 사용 허가를 확인하지 못함	OnlineWebFonts	onlinewebfonts:fd6fa80f1e3345834599de891cca3f4c	fd6fa80f1e3345834599de891cca3f4c	원 권리자 웹 사용 허가 미확인	https://db.onlinewebfonts.com/t/fd6fa80f1e3345834599de891cca3f4c.woff2	OnlineWebFonts WOFF2 응답 확인 (https://www.onlinewebfonts.com/download/fd6fa80f1e3345834599de891cca3f4c); 실제 서비스 배포 전 원 권리자 사용 허가 확인 필요
OCR-A BT	ocr a bt	10	not-found	불가	불가	검증 가능한 웹폰트 파일 미발견		@codecell-germany/gemini-ocr-agent-skill, ocr-auditor-ui, @ema.viv/mistral-ai-ocr-api				Fontsource·명시 별칭·jsDelivr 웹 검색에서 검증 가능한 패키지를 찾지 못함
OCR-A-Seagull	ocr a seagull	1	not-found	불가	불가	검증 가능한 웹폰트 파일 미발견						Fontsource·명시 별칭·jsDelivr 웹 검색에서 검증 가능한 패키지를 찾지 못함
OCR-B-1	ocr b 1	1	not-found	불가	불가	검증 가능한 웹폰트 파일 미발견						Fontsource·명시 별칭·jsDelivr 웹 검색에서 검증 가능한 패키지를 찾지 못함
OCR-B-10 BT	ocr b 10 bt	10	not-found	불가	불가	검증 가능한 웹폰트 파일 미발견						Fontsource·명시 별칭·jsDelivr 웹 검색에서 검증 가능한 패키지를 찾지 못함
OCR-B-Seagull	ocr b seagull	1	not-found	불가	불가	검증 가능한 웹폰트 파일 미발견						Fontsource·명시 별칭·jsDelivr 웹 검색에서 검증 가능한 패키지를 찾지 못함
Old English Text MT	old english text mt	2	license-review	가능	라이선스 검토 필요	CDN 응답은 확인했지만 원 권리자의 웹 사용 허가를 확인하지 못함	OnlineWebFonts	onlinewebfonts:f3258385782c4c96aa24fe8b5d5f9782	f3258385782c4c96aa24fe8b5d5f9782	원 권리자 웹 사용 허가 미확인	https://db.onlinewebfonts.com/t/f3258385782c4c96aa24fe8b5d5f9782.woff2	OnlineWebFonts WOFF2 응답 확인 (https://www.onlinewebfonts.com/download/f3258385782c4c96aa24fe8b5d5f9782); 실제 서비스 배포 전 원 권리자 사용 허가 확인 필요
Onyx	onyx	2	not-found	불가	불가	검증 가능한 웹폰트 파일 미발견		multicoin-address-validator, sit-onyx, react-native-onyx				Fontsource·명시 별칭·jsDelivr 웹 검색에서 검증 가능한 패키지를 찾지 못함
Orator10 BT	orator10 bt	10	license-review	가능	라이선스 검토 필요	CDN 응답은 확인했지만 원 권리자의 웹 사용 허가를 확인하지 못함	OnlineWebFonts	onlinewebfonts:1a373e4d652fde7a42eb3d18468a3820	1a373e4d652fde7a42eb3d18468a3820	원 권리자 웹 사용 허가 미확인	https://db.onlinewebfonts.com/t/1a373e4d652fde7a42eb3d18468a3820.woff2	OnlineWebFonts WOFF2 응답 확인 (https://www.onlinewebfonts.com/download/1a373e4d652fde7a42eb3d18468a3820); 실제 서비스 배포 전 원 권리자 사용 허가 확인 필요
Orbit-B BT	orbit b bt	8	not-found	불가	불가	검증 가능한 웹폰트 파일 미발견		@seidor-cloud-produtos/orbit-backend-lib, @orbit-build/cli, webpack-orbit-buffer-quark				Fontsource·명시 별칭·jsDelivr 웹 검색에서 검증 가능한 패키지를 찾지 못함
Palace Script MT	palace script mt	2	license-review	가능	라이선스 검토 필요	CDN 응답은 확인했지만 원 권리자의 웹 사용 허가를 확인하지 못함	OnlineWebFonts	onlinewebfonts:0ea9f658ad61e247eca8603d6cceafff	0ea9f658ad61e247eca8603d6cceafff	원 권리자 웹 사용 허가 미확인	https://db.onlinewebfonts.com/t/0ea9f658ad61e247eca8603d6cceafff.woff2	OnlineWebFonts WOFF2 응답 확인 (https://www.onlinewebfonts.com/download/0ea9f658ad61e247eca8603d6cceafff); 실제 서비스 배포 전 원 권리자 사용 허가 확인 필요
Palatino Linotype	palatino linotype	46	not-found	불가	불가	검증 가능한 웹폰트 파일 미발견		@linotype/nuxt, @linotype/directus-extension-linotype, linotype-ads-sdk				Fontsource·명시 별칭·jsDelivr 웹 검색에서 검증 가능한 패키지를 찾지 못함
Papyrus	papyrus	2	license-review	가능	라이선스 검토 필요	CDN 응답은 확인했지만 원 권리자의 웹 사용 허가를 확인하지 못함	OnlineWebFonts	onlinewebfonts:107eaa009712278feeb98175016a8a81	107eaa009712278feeb98175016a8a81	원 권리자 웹 사용 허가 미확인	https://db.onlinewebfonts.com/t/107eaa009712278feeb98175016a8a81.woff2	OnlineWebFonts WOFF2 응답 확인 (https://www.onlinewebfonts.com/download/107eaa009712278feeb98175016a8a81); 실제 서비스 배포 전 원 권리자 사용 허가 확인 필요
Parchment	parchment	2	license-review	가능	라이선스 검토 필요	CDN 응답은 확인했지만 원 권리자의 웹 사용 허가를 확인하지 못함	OnlineWebFonts	onlinewebfonts:a844729f70281579017e703a84941e16	a844729f70281579017e703a84941e16	원 권리자 웹 사용 허가 미확인	https://db.onlinewebfonts.com/t/a844729f70281579017e703a84941e16.woff2	OnlineWebFonts WOFF2 응답 확인 (https://www.onlinewebfonts.com/download/a844729f70281579017e703a84941e16); 실제 서비스 배포 전 원 권리자 사용 허가 확인 필요
ParkAvenue BT	parkavenue bt	8	license-review	가능	라이선스 검토 필요	CDN 응답은 확인했지만 원 권리자의 웹 사용 허가를 확인하지 못함	OnlineWebFonts	onlinewebfonts:af0086fe524ded40bc732eb91ad03ccf	af0086fe524ded40bc732eb91ad03ccf	원 권리자 웹 사용 허가 미확인	https://db.onlinewebfonts.com/t/af0086fe524ded40bc732eb91ad03ccf.woff2	OnlineWebFonts WOFF2 응답 확인 (https://www.onlinewebfonts.com/download/af0086fe524ded40bc732eb91ad03ccf); 실제 서비스 배포 전 원 권리자 사용 허가 확인 필요
Perpetua	perpetua	2	license-review	가능	라이선스 검토 필요	CDN 응답은 확인했지만 원 권리자의 웹 사용 허가를 확인하지 못함	OnlineWebFonts	onlinewebfonts:afb95001b7a95a9cd3d5a8486fe0e1e1	afb95001b7a95a9cd3d5a8486fe0e1e1	원 권리자 웹 사용 허가 미확인	https://db.onlinewebfonts.com/t/afb95001b7a95a9cd3d5a8486fe0e1e1.woff2	OnlineWebFonts WOFF2 응답 확인 (https://www.onlinewebfonts.com/download/afb95001b7a95a9cd3d5a8486fe0e1e1); 실제 서비스 배포 전 원 권리자 사용 허가 확인 필요
Perpetua Titling MT	perpetua titling mt	2	license-review	가능	라이선스 검토 필요	CDN 응답은 확인했지만 원 권리자의 웹 사용 허가를 확인하지 못함	OnlineWebFonts	onlinewebfonts:60a72abfabeb852579f6de5afc2be918	60a72abfabeb852579f6de5afc2be918	원 권리자 웹 사용 허가 미확인	https://db.onlinewebfonts.com/t/60a72abfabeb852579f6de5afc2be918.woff2	OnlineWebFonts WOFF2 응답 확인 (https://www.onlinewebfonts.com/download/60a72abfabeb852579f6de5afc2be918); 실제 서비스 배포 전 원 권리자 사용 허가 확인 필요
Playbill	playbill	2	license-review	가능	라이선스 검토 필요	CDN 응답은 확인했지만 원 권리자의 웹 사용 허가를 확인하지 못함	OnlineWebFonts	onlinewebfonts:13df2824b3f7c3ee824795faff222e15	13df2824b3f7c3ee824795faff222e15	원 권리자 웹 사용 허가 미확인	https://db.onlinewebfonts.com/t/13df2824b3f7c3ee824795faff222e15.woff2	OnlineWebFonts WOFF2 응답 확인 (https://www.onlinewebfonts.com/download/13df2824b3f7c3ee824795faff222e15); 실제 서비스 배포 전 원 권리자 사용 허가 확인 필요
PMingLiU	pmingliu	10	license-review	가능	라이선스 검토 필요	CDN 응답은 확인했지만 원 권리자의 웹 사용 허가를 확인하지 못함	OnlineWebFonts	onlinewebfonts:b8c332e7b686ba28daebf6524c66aeec	b8c332e7b686ba28daebf6524c66aeec	원 권리자 웹 사용 허가 미확인	https://db.onlinewebfonts.com/t/b8c332e7b686ba28daebf6524c66aeec.woff2	OnlineWebFonts WOFF2 응답 확인 (https://www.onlinewebfonts.com/download/b8c332e7b686ba28daebf6524c66aeec); 실제 서비스 배포 전 원 권리자 사용 허가 확인 필요
Poor Richard	poor richard	2	license-review	가능	라이선스 검토 필요	CDN 응답은 확인했지만 원 권리자의 웹 사용 허가를 확인하지 못함	OnlineWebFonts	onlinewebfonts:1333b13c4f911f3160f1c2822573f70c	1333b13c4f911f3160f1c2822573f70c	원 권리자 웹 사용 허가 미확인	https://db.onlinewebfonts.com/t/1333b13c4f911f3160f1c2822573f70c.woff2	OnlineWebFonts WOFF2 응답 확인 (https://www.onlinewebfonts.com/download/1333b13c4f911f3160f1c2822573f70c); 실제 서비스 배포 전 원 권리자 사용 허가 확인 필요
Pretendard	pretendard	1	available	가능	가능	공급 경로의 라이선스 단서와 CDN 응답 확인	Fontsource npm	@fontsource/pretendard	5.3.0	OFL-1.1	https://cdn.jsdelivr.net/npm/@fontsource/pretendard@5.3.0/files/pretendard-latin-100-normal.woff	패키지 메타데이터와 실제 CDN 글꼴 파일 응답 확인
Pretendard Light	pretendard	1	available	가능	가능	공급 경로의 라이선스 단서와 CDN 응답 확인	Fontsource npm	@fontsource/pretendard	5.3.0	OFL-1.1	https://cdn.jsdelivr.net/npm/@fontsource/pretendard@5.3.0/files/pretendard-latin-100-normal.woff	패키지 메타데이터와 실제 CDN 글꼴 파일 응답 확인
Pristina	pristina	2	license-review	가능	라이선스 검토 필요	CDN 응답은 확인했지만 원 권리자의 웹 사용 허가를 확인하지 못함	OnlineWebFonts	onlinewebfonts:1a46a20dd7fd087662b800869352303a	1a46a20dd7fd087662b800869352303a	원 권리자 웹 사용 허가 미확인	https://db.onlinewebfonts.com/t/1a46a20dd7fd087662b800869352303a.woff2	OnlineWebFonts WOFF2 응답 확인 (https://www.onlinewebfonts.com/download/1a46a20dd7fd087662b800869352303a); 실제 서비스 배포 전 원 권리자 사용 허가 확인 필요
Raavi	raavi	6	license-review	가능	라이선스 검토 필요	CDN 응답은 확인했지만 원 권리자의 웹 사용 허가를 확인하지 못함	OnlineWebFonts	onlinewebfonts:8e06b2bd31ace3dbb6f97378872ca4e9	8e06b2bd31ace3dbb6f97378872ca4e9	원 권리자 웹 사용 허가 미확인	https://db.onlinewebfonts.com/t/8e06b2bd31ace3dbb6f97378872ca4e9.woff2	OnlineWebFonts WOFF2 응답 확인 (https://www.onlinewebfonts.com/download/8e06b2bd31ace3dbb6f97378872ca4e9); 실제 서비스 배포 전 원 권리자 사용 허가 확인 필요
Rage Italic	rage	2	not-found	불가	불가	검증 가능한 웹폰트 파일 미발견		rage-edit, @rage-against-the-pixel/unity-releases-api, @rage-against-the-pixel/unity-cli				Fontsource·명시 별칭·jsDelivr 웹 검색에서 검증 가능한 패키지를 찾지 못함
Ravie	ravie	2	license-review	가능	라이선스 검토 필요	CDN 응답은 확인했지만 원 권리자의 웹 사용 허가를 확인하지 못함	OnlineWebFonts	onlinewebfonts:2aeca327ae0e8ba04bf305f13cb1d589	2aeca327ae0e8ba04bf305f13cb1d589	원 권리자 웹 사용 허가 미확인	https://db.onlinewebfonts.com/t/2aeca327ae0e8ba04bf305f13cb1d589.woff2	OnlineWebFonts WOFF2 응답 확인 (https://www.onlinewebfonts.com/download/2aeca327ae0e8ba04bf305f13cb1d589); 실제 서비스 배포 전 원 권리자 사용 허가 확인 필요
Rix고딕 B	rix고딕	3	not-found	불가	불가	검증 가능한 웹폰트 파일 미발견						Fontsource·명시 별칭·jsDelivr 웹 검색에서 검증 가능한 패키지를 찾지 못함
Rix고딕 EB	rix고딕 eb	1	not-found	불가	불가	검증 가능한 웹폰트 파일 미발견						Fontsource·명시 별칭·jsDelivr 웹 검색에서 검증 가능한 패키지를 찾지 못함
Rix고딕 L	rix고딕	4	not-found	불가	불가	검증 가능한 웹폰트 파일 미발견						Fontsource·명시 별칭·jsDelivr 웹 검색에서 검증 가능한 패키지를 찾지 못함
Rix고딕 M	rix고딕	5	not-found	불가	불가	검증 가능한 웹폰트 파일 미발견						Fontsource·명시 별칭·jsDelivr 웹 검색에서 검증 가능한 패키지를 찾지 못함
Rix모던고딕 L	rix모던고딕	1	not-found	불가	불가	검증 가능한 웹폰트 파일 미발견						Fontsource·명시 별칭·jsDelivr 웹 검색에서 검증 가능한 패키지를 찾지 못함
Rix모던고딕 M	rix모던고딕	2	not-found	불가	불가	검증 가능한 웹폰트 파일 미발견						Fontsource·명시 별칭·jsDelivr 웹 검색에서 검증 가능한 패키지를 찾지 못함
Rix정고딕 B	rix정고딕	3	not-found	불가	불가	검증 가능한 웹폰트 파일 미발견						Fontsource·명시 별칭·jsDelivr 웹 검색에서 검증 가능한 패키지를 찾지 못함
Rix헤드 L	rix헤드	1	not-found	불가	불가	검증 가능한 웹폰트 파일 미발견						Fontsource·명시 별칭·jsDelivr 웹 검색에서 검증 가능한 패키지를 찾지 못함
Roboto	roboto	1	available	가능	가능	공급 경로의 라이선스 단서와 CDN 응답 확인	Fontsource npm	@fontsource/roboto	5.3.0	OFL-1.1	https://cdn.jsdelivr.net/npm/@fontsource/roboto@5.3.0/files/roboto-cyrillic-100-italic.woff	패키지 메타데이터와 실제 CDN 글꼴 파일 응답 확인
Rockwell	rockwell	2	license-review	가능	라이선스 검토 필요	CDN 응답은 확인했지만 원 권리자의 웹 사용 허가를 확인하지 못함	OnlineWebFonts	onlinewebfonts:4aa3e37e571255737e5e6d4e9d9770a5	4aa3e37e571255737e5e6d4e9d9770a5	원 권리자 웹 사용 허가 미확인	https://db.onlinewebfonts.com/t/4aa3e37e571255737e5e6d4e9d9770a5.woff2	OnlineWebFonts WOFF2 응답 확인 (https://www.onlinewebfonts.com/download/4aa3e37e571255737e5e6d4e9d9770a5); 실제 서비스 배포 전 원 권리자 사용 허가 확인 필요
Rockwell Condensed	rockwell condensed	2	license-review	가능	라이선스 검토 필요	CDN 응답은 확인했지만 원 권리자의 웹 사용 허가를 확인하지 못함	OnlineWebFonts	onlinewebfonts:d007e5e80d2a1e560bcd791f56860028	d007e5e80d2a1e560bcd791f56860028	원 권리자 웹 사용 허가 미확인	https://db.onlinewebfonts.com/t/d007e5e80d2a1e560bcd791f56860028.woff2	OnlineWebFonts WOFF2 응답 확인 (https://www.onlinewebfonts.com/download/d007e5e80d2a1e560bcd791f56860028); 실제 서비스 배포 전 원 권리자 사용 허가 확인 필요
Rockwell Extra Bold	rockwell	2	license-review	가능	라이선스 검토 필요	CDN 응답은 확인했지만 원 권리자의 웹 사용 허가를 확인하지 못함	OnlineWebFonts	onlinewebfonts:4aa3e37e571255737e5e6d4e9d9770a5	4aa3e37e571255737e5e6d4e9d9770a5	원 권리자 웹 사용 허가 미확인	https://db.onlinewebfonts.com/t/4aa3e37e571255737e5e6d4e9d9770a5.woff2	OnlineWebFonts WOFF2 응답 확인 (https://www.onlinewebfonts.com/download/4aa3e37e571255737e5e6d4e9d9770a5); 실제 서비스 배포 전 원 권리자 사용 허가 확인 필요
Sandoll 고딕Neo1 02 UltraLight	sandoll 고딕neo1 02 ultralight	1	not-found	불가	불가	검증 가능한 웹폰트 파일 미발견		neo1, neo10, neo19				Fontsource·명시 별칭·jsDelivr 웹 검색에서 검증 가능한 패키지를 찾지 못함
Sandoll 고딕Neo1 04 Regular	sandoll 고딕neo1 04	1	not-found	불가	불가	검증 가능한 웹폰트 파일 미발견		neo1, neo10, neo19				Fontsource·명시 별칭·jsDelivr 웹 검색에서 검증 가능한 패키지를 찾지 못함
Sandoll 고딕Neo1 06 SemiBold	sandoll 고딕neo1 06	1	not-found	불가	불가	검증 가능한 웹폰트 파일 미발견		neo1, neo10, neo19				Fontsource·명시 별칭·jsDelivr 웹 검색에서 검증 가능한 패키지를 찾지 못함
Sandoll 고딕Neo1 07 Bold	sandoll 고딕neo1 07	1	not-found	불가	불가	검증 가능한 웹폰트 파일 미발견		neo1, neo10, neo19				Fontsource·명시 별칭·jsDelivr 웹 검색에서 검증 가능한 패키지를 찾지 못함
Sans Serif	sans serif	1	not-found	불가	불가	검증 가능한 웹폰트 파일 미발견		sans-serif, source-sans-pro, manrope				Fontsource·명시 별칭·jsDelivr 웹 검색에서 검증 가능한 패키지를 찾지 못함
sans-serif	sans serif	1	not-found	불가	불가	검증 가능한 웹폰트 파일 미발견		sans-serif, manrope, cal-sans				Fontsource·명시 별칭·jsDelivr 웹 검색에서 검증 가능한 패키지를 찾지 못함
SCDream	scdream	1	not-found	불가	불가	검증 가능한 웹폰트 파일 미발견						Fontsource·명시 별칭·jsDelivr 웹 검색에서 검증 가능한 패키지를 찾지 못함
Script MT Bold	script mt	2	license-review	가능	라이선스 검토 필요	CDN 응답은 확인했지만 원 권리자의 웹 사용 허가를 확인하지 못함	OnlineWebFonts	onlinewebfonts:b1f909b1cb3adb801a92229ea92613e1	b1f909b1cb3adb801a92229ea92613e1	원 권리자 웹 사용 허가 미확인	https://db.onlinewebfonts.com/t/b1f909b1cb3adb801a92229ea92613e1.woff2	OnlineWebFonts WOFF2 응답 확인 (https://www.onlinewebfonts.com/download/b1f909b1cb3adb801a92229ea92613e1); 실제 서비스 배포 전 원 권리자 사용 허가 확인 필요
Segoe UI	segoe ui	3	available	가능	가능	공급 경로의 라이선스 단서와 CDN 응답 확인	jsDelivr 웹 검색	@fontpkg/segoe-ui	5.67.0	SEE LICENSE IN README.md	https://cdn.jsdelivr.net/npm/@fontpkg/segoe-ui@5.67.0/segoeui.ttf	jsDelivr 웹 검색 후 실제 CDN 글꼴 파일 응답 확인
Segoe UI Symbol	segoe ui symbol	1	license-review	가능	라이선스 검토 필요	CDN 응답은 확인했지만 원 권리자의 웹 사용 허가를 확인하지 못함	OnlineWebFonts	onlinewebfonts:150ed9b2a009a71d2d819b5561167302	150ed9b2a009a71d2d819b5561167302	원 권리자 웹 사용 허가 미확인	https://db.onlinewebfonts.com/t/150ed9b2a009a71d2d819b5561167302.woff2	OnlineWebFonts WOFF2 응답 확인 (https://www.onlinewebfonts.com/download/150ed9b2a009a71d2d819b5561167302); 실제 서비스 배포 전 원 권리자 사용 허가 확인 필요
Semyeongjo	semyeongjo	1	not-found	불가	불가	검증 가능한 웹폰트 파일 미발견						Fontsource·명시 별칭·jsDelivr 웹 검색에서 검증 가능한 패키지를 찾지 못함
Showcard Gothic	showcard gothic	2	license-review	가능	라이선스 검토 필요	CDN 응답은 확인했지만 원 권리자의 웹 사용 허가를 확인하지 못함	OnlineWebFonts	onlinewebfonts:d66fa62dabed66f2226a1b2d17da0579	d66fa62dabed66f2226a1b2d17da0579	원 권리자 웹 사용 허가 미확인	https://db.onlinewebfonts.com/t/d66fa62dabed66f2226a1b2d17da0579.woff2	OnlineWebFonts WOFF2 응답 확인 (https://www.onlinewebfonts.com/download/d66fa62dabed66f2226a1b2d17da0579); 실제 서비스 배포 전 원 권리자 사용 허가 확인 필요
Shruti	shruti	6	license-review	가능	라이선스 검토 필요	CDN 응답은 확인했지만 원 권리자의 웹 사용 허가를 확인하지 못함	OnlineWebFonts	onlinewebfonts:740e77af6f9757e75c0be9b2664472b9	740e77af6f9757e75c0be9b2664472b9	원 권리자 웹 사용 허가 미확인	https://db.onlinewebfonts.com/t/740e77af6f9757e75c0be9b2664472b9.woff2	OnlineWebFonts WOFF2 응답 확인 (https://www.onlinewebfonts.com/download/740e77af6f9757e75c0be9b2664472b9); 실제 서비스 배포 전 원 권리자 사용 허가 확인 필요
SimHei	simhei	6	license-review	가능	라이선스 검토 필요	CDN 응답은 확인했지만 원 권리자의 웹 사용 허가를 확인하지 못함	OnlineWebFonts	onlinewebfonts:090ec3fbb2be3c7b36967f0bda8e0964	090ec3fbb2be3c7b36967f0bda8e0964	원 권리자 웹 사용 허가 미확인	https://db.onlinewebfonts.com/t/090ec3fbb2be3c7b36967f0bda8e0964.woff2	OnlineWebFonts WOFF2 응답 확인 (https://www.onlinewebfonts.com/download/090ec3fbb2be3c7b36967f0bda8e0964); 실제 서비스 배포 전 원 권리자 사용 허가 확인 필요
SimSun	simsun	17	available	가능	가능	공급 경로의 라이선스 단서와 CDN 응답 확인	jsDelivr 웹 검색	react-native-font-sim	2.0.1	MIT	https://cdn.jsdelivr.net/npm/react-native-font-sim@2.0.1/fonts/SimSun.ttf	jsDelivr 웹 검색 후 실제 CDN 글꼴 파일 응답 확인
SimSun-PUA	simsun pua	1	not-found	불가	불가	검증 가능한 웹폰트 파일 미발견						Fontsource·명시 별칭·jsDelivr 웹 검색에서 검증 가능한 패키지를 찾지 못함
Sinmyeong Jungmyeongjo	sinmyeong jungmyeongjo	1	not-found	불가	불가	검증 가능한 웹폰트 파일 미발견						Fontsource·명시 별칭·jsDelivr 웹 검색에서 검증 가능한 패키지를 찾지 못함
Sinmyeong Semyeongjo	sinmyeong semyeongjo	1	not-found	불가	불가	검증 가능한 웹폰트 파일 미발견						Fontsource·명시 별칭·jsDelivr 웹 검색에서 검증 가능한 패키지를 찾지 못함
Sinmyeong Sinmyeongjo	sinmyeong sinmyeongjo	1	not-found	불가	불가	검증 가능한 웹폰트 파일 미발견						Fontsource·명시 별칭·jsDelivr 웹 검색에서 검증 가능한 패키지를 찾지 못함
Sinmyeongjo	sinmyeongjo	1	not-found	불가	불가	검증 가능한 웹폰트 파일 미발견						Fontsource·명시 별칭·jsDelivr 웹 검색에서 검증 가능한 패키지를 찾지 못함; Noonnu 조회 실패: HTTP 429
SinMyungJo Old Hangul	sinmyungjo old hangul	1	not-found	불가	불가	검증 가능한 웹폰트 파일 미발견		es-hangul, hangul-js, hangul-romanization				Fontsource·명시 별칭·jsDelivr 웹 검색에서 검증 가능한 패키지를 찾지 못함; Noonnu 조회 실패: HTTP 429
SinMyungJo Symbol	sinmyungjo symbol	1	not-found	불가	불가	검증 가능한 웹폰트 파일 미발견		symbol, has-symbols, log-symbols				Fontsource·명시 별칭·jsDelivr 웹 검색에서 검증 가능한 패키지를 찾지 못함; Noonnu 조회 실패: HTTP 429
SM3신중고딕 03	sm3신중고딕 03	1	not-found	불가	불가	검증 가능한 웹폰트 파일 미발견						Fontsource·명시 별칭·jsDelivr 웹 검색에서 검증 가능한 패키지를 찾지 못함; Noonnu 조회 실패: HTTP 429
Snap ITC	snap itc	2	license-review	가능	라이선스 검토 필요	CDN 응답은 확인했지만 원 권리자의 웹 사용 허가를 확인하지 못함	OnlineWebFonts	onlinewebfonts:d0725db773b460ed3a456370c80f875d	d0725db773b460ed3a456370c80f875d	원 권리자 웹 사용 허가 미확인	https://db.onlinewebfonts.com/t/d0725db773b460ed3a456370c80f875d.woff2	OnlineWebFonts WOFF2 응답 확인 (https://www.onlinewebfonts.com/download/d0725db773b460ed3a456370c80f875d); 실제 서비스 배포 전 원 권리자 사용 허가 확인 필요
SpoqaHanSans-Bold	spoqahansans	1	license-review	가능	라이선스 검토 필요	CDN 응답은 확인했지만 원 권리자의 웹 사용 허가를 확인하지 못함	OnlineWebFonts	onlinewebfonts:9595d09ddd4503301fa0572d7cb3df77	9595d09ddd4503301fa0572d7cb3df77	원 권리자 웹 사용 허가 미확인	https://db.onlinewebfonts.com/t/9595d09ddd4503301fa0572d7cb3df77.woff2	OnlineWebFonts WOFF2 응답 확인 (https://www.onlinewebfonts.com/download/9595d09ddd4503301fa0572d7cb3df77); 실제 서비스 배포 전 원 권리자 사용 허가 확인 필요
Stencil	stencil	2	license-review	가능	라이선스 검토 필요	CDN 응답은 확인했지만 원 권리자의 웹 사용 허가를 확인하지 못함	OnlineWebFonts	onlinewebfonts:93038c0f04a41f5be19797ba18f1bbbc	93038c0f04a41f5be19797ba18f1bbbc	원 권리자 웹 사용 허가 미확인	https://db.onlinewebfonts.com/t/93038c0f04a41f5be19797ba18f1bbbc.woff2	OnlineWebFonts WOFF2 응답 확인 (https://www.onlinewebfonts.com/download/93038c0f04a41f5be19797ba18f1bbbc); 실제 서비스 배포 전 원 권리자 사용 허가 확인 필요
Stencil BT	stencil bt	8	license-review	가능	라이선스 검토 필요	CDN 응답은 확인했지만 원 권리자의 웹 사용 허가를 확인하지 못함	OnlineWebFonts	onlinewebfonts:353f60b63a9452cbd838c62d8f358184	353f60b63a9452cbd838c62d8f358184	원 권리자 웹 사용 허가 미확인	https://db.onlinewebfonts.com/t/353f60b63a9452cbd838c62d8f358184.woff2	OnlineWebFonts WOFF2 응답 확인 (https://www.onlinewebfonts.com/download/353f60b63a9452cbd838c62d8f358184); 실제 서비스 배포 전 원 권리자 사용 허가 확인 필요
Swis721 BT Italic	swis721 bt	1	license-review	가능	라이선스 검토 필요	CDN 응답은 확인했지만 원 권리자의 웹 사용 허가를 확인하지 못함	OnlineWebFonts	onlinewebfonts:d97281294b63b449a93162fccd6121ec	d97281294b63b449a93162fccd6121ec	원 권리자 웹 사용 허가 미확인	https://db.onlinewebfonts.com/t/d97281294b63b449a93162fccd6121ec.woff2	OnlineWebFonts WOFF2 응답 확인 (https://www.onlinewebfonts.com/download/d97281294b63b449a93162fccd6121ec); 실제 서비스 배포 전 원 권리자 사용 허가 확인 필요
Swis721 Lt BT	swis721 lt bt	10	license-review	가능	라이선스 검토 필요	CDN 응답은 확인했지만 원 권리자의 웹 사용 허가를 확인하지 못함	OnlineWebFonts	onlinewebfonts:ff21985e04861bb8d9745440ee1e2e7d	ff21985e04861bb8d9745440ee1e2e7d	원 권리자 웹 사용 허가 미확인	https://db.onlinewebfonts.com/t/ff21985e04861bb8d9745440ee1e2e7d.woff2	OnlineWebFonts WOFF2 응답 확인 (https://www.onlinewebfonts.com/download/ff21985e04861bb8d9745440ee1e2e7d); 실제 서비스 배포 전 원 권리자 사용 허가 확인 필요
Sylfaen	sylfaen	6	license-review	가능	라이선스 검토 필요	CDN 응답은 확인했지만 원 권리자의 웹 사용 허가를 확인하지 못함	OnlineWebFonts	onlinewebfonts:cf85131ef1119a8d56e92cd8ff533995	cf85131ef1119a8d56e92cd8ff533995	원 권리자 웹 사용 허가 미확인	https://db.onlinewebfonts.com/t/cf85131ef1119a8d56e92cd8ff533995.woff2	OnlineWebFonts WOFF2 응답 확인 (https://www.onlinewebfonts.com/download/cf85131ef1119a8d56e92cd8ff533995); 실제 서비스 배포 전 원 권리자 사용 허가 확인 필요
Symbol	symbol	16	license-review	가능	라이선스 검토 필요	CDN 응답은 확인했지만 원 권리자의 웹 사용 허가를 확인하지 못함	OnlineWebFonts	onlinewebfonts:39a0230c9a2f421123a02f97cd0d451e	39a0230c9a2f421123a02f97cd0d451e	원 권리자 웹 사용 허가 미확인	https://db.onlinewebfonts.com/t/39a0230c9a2f421123a02f97cd0d451e.woff2	OnlineWebFonts WOFF2 응답 확인 (https://www.onlinewebfonts.com/download/39a0230c9a2f421123a02f97cd0d451e); 실제 서비스 배포 전 원 권리자 사용 허가 확인 필요
T10	t10	1	not-found	불가	불가	검증 가능한 웹폰트 파일 미발견		t10, dowload_ebok_uq_holder_t10_by_ken_akamatsu_dojly, cra-template-kingdom				Fontsource·명시 별칭·jsDelivr 웹 검색에서 검증 가능한 패키지를 찾지 못함; Noonnu 조회 실패: HTTP 429
T11	t11	1	not-found	불가	불가	검증 가능한 웹폰트 파일 미발견		t11-36, t11-bi-lsd-tool, @cleocode/git-shim				Fontsource·명시 별칭·jsDelivr 웹 검색에서 검증 가능한 패키지를 찾지 못함; Noonnu 조회 실패: HTTP 429
T2	t2	1	not-found	불가	불가	검증 가능한 웹폰트 파일 미발견						Fontsource·명시 별칭·jsDelivr 웹 검색에서 검증 가능한 패키지를 찾지 못함; Noonnu 조회 실패: HTTP 429
T4	t4	1	not-found	불가	불가	검증 가능한 웹폰트 파일 미발견						Fontsource·명시 별칭·jsDelivr 웹 검색에서 검증 가능한 패키지를 찾지 못함; Noonnu 조회 실패: HTTP 429
Taegothic	taegothic	1	not-found	불가	불가	검증 가능한 웹폰트 파일 미발견						Fontsource·명시 별칭·jsDelivr 웹 검색에서 검증 가능한 패키지를 찾지 못함; Noonnu 조회 실패: HTTP 429
tahoma	tahoma	2	license-review	가능	라이선스 검토 필요	CDN 응답은 확인했지만 원 권리자의 웹 사용 허가를 확인하지 못함	OnlineWebFonts	onlinewebfonts:cd0381aa3322dff4babd137f03829c8c	cd0381aa3322dff4babd137f03829c8c	원 권리자 웹 사용 허가 미확인	https://db.onlinewebfonts.com/t/cd0381aa3322dff4babd137f03829c8c.woff2	OnlineWebFonts WOFF2 응답 확인 (https://www.onlinewebfonts.com/download/cd0381aa3322dff4babd137f03829c8c); 실제 서비스 배포 전 원 권리자 사용 허가 확인 필요
Tahoma	tahoma	60	license-review	가능	라이선스 검토 필요	CDN 응답은 확인했지만 원 권리자의 웹 사용 허가를 확인하지 못함	OnlineWebFonts	onlinewebfonts:cd0381aa3322dff4babd137f03829c8c	cd0381aa3322dff4babd137f03829c8c	원 권리자 웹 사용 허가 미확인	https://db.onlinewebfonts.com/t/cd0381aa3322dff4babd137f03829c8c.woff2	OnlineWebFonts WOFF2 응답 확인 (https://www.onlinewebfonts.com/download/cd0381aa3322dff4babd137f03829c8c); 실제 서비스 배포 전 원 권리자 사용 허가 확인 필요
Tempus Sans ITC	tempus sans itc	3	license-review	가능	라이선스 검토 필요	CDN 응답은 확인했지만 원 권리자의 웹 사용 허가를 확인하지 못함	OnlineWebFonts	onlinewebfonts:261506be3344b3806eefa054f0f6fbf1	261506be3344b3806eefa054f0f6fbf1	원 권리자 웹 사용 허가 미확인	https://db.onlinewebfonts.com/t/261506be3344b3806eefa054f0f6fbf1.woff2	OnlineWebFonts WOFF2 응답 확인 (https://www.onlinewebfonts.com/download/261506be3344b3806eefa054f0f6fbf1); 실제 서비스 배포 전 원 권리자 사용 허가 확인 필요
TeXplus EF	texplus ef	3	not-found	불가	불가	검증 가능한 웹폰트 파일 미발견						Fontsource·명시 별칭·jsDelivr 웹 검색에서 검증 가능한 패키지를 찾지 못함; Noonnu 조회 실패: HTTP 429
TeXplus EM	texplus em	3	not-found	불가	불가	검증 가능한 웹폰트 파일 미발견						Fontsource·명시 별칭·jsDelivr 웹 검색에서 검증 가능한 패키지를 찾지 못함; Noonnu 조회 실패: HTTP 429
TeXplus EX	texplus ex	3	not-found	불가	불가	검증 가능한 웹폰트 파일 미발견						Fontsource·명시 별칭·jsDelivr 웹 검색에서 검증 가능한 패키지를 찾지 못함; Noonnu 조회 실패: HTTP 429
TeXplus MI	texplus mi	3	not-found	불가	불가	검증 가능한 웹폰트 파일 미발견						Fontsource·명시 별칭·jsDelivr 웹 검색에서 검증 가능한 패키지를 찾지 못함; Noonnu 조회 실패: HTTP 429
TeXplus RM	texplus rm	3	license-review	가능	라이선스 검토 필요	CDN 응답은 확인했지만 원 권리자의 웹 사용 허가를 확인하지 못함	OnlineWebFonts	onlinewebfonts:9ffd7ce2bf8b8c18e29930bd989d5f3d	9ffd7ce2bf8b8c18e29930bd989d5f3d	원 권리자 웹 사용 허가 미확인	https://db.onlinewebfonts.com/t/9ffd7ce2bf8b8c18e29930bd989d5f3d.woff2	OnlineWebFonts WOFF2 응답 확인 (https://www.onlinewebfonts.com/download/9ffd7ce2bf8b8c18e29930bd989d5f3d); 실제 서비스 배포 전 원 권리자 사용 허가 확인 필요
TeXplus SA	texplus sa	3	not-found	불가	불가	검증 가능한 웹폰트 파일 미발견						Fontsource·명시 별칭·jsDelivr 웹 검색에서 검증 가능한 패키지를 찾지 못함; Noonnu 조회 실패: HTTP 429
TeXplus SB	texplus sb	3	not-found	불가	불가	검증 가능한 웹폰트 파일 미발견						Fontsource·명시 별칭·jsDelivr 웹 검색에서 검증 가능한 패키지를 찾지 못함; Noonnu 조회 실패: HTTP 429
TeXplus SY	texplus sy	3	not-found	불가	불가	검증 가능한 웹폰트 파일 미발견						Fontsource·명시 별칭·jsDelivr 웹 검색에서 검증 가능한 패키지를 찾지 못함; Noonnu 조회 실패: HTTP 429
TeXplus TE	texplus te	3	not-found	불가	불가	검증 가능한 웹폰트 파일 미발견						Fontsource·명시 별칭·jsDelivr 웹 검색에서 검증 가능한 패키지를 찾지 못함; Noonnu 조회 실패: HTTP 429
Times	times	4	not-found	불가	불가	검증 가능한 웹폰트 파일 미발견		repeat-string, repeat-element, @redis/time-series				Fontsource·명시 별칭·jsDelivr 웹 검색에서 검증 가능한 패키지를 찾지 못함; Noonnu 조회 실패: HTTP 429
Times New Roman	times new roman	889	available	가능	라이선스 검토 필요	CDN 응답은 확인했지만 패키지 라이선스 근거가 부족함	jsDelivr 웹 검색	@canvas-fonts/times-new-roman	1.0.4	패키지 메타데이터 미확인	https://cdn.jsdelivr.net/npm/@canvas-fonts/times-new-roman@1.0.4/Times New Roman.ttf	jsDelivr 웹 검색 후 실제 CDN 글꼴 파일 응답 확인
Times New Roman Bold	times new roman	8	available	가능	라이선스 검토 필요	CDN 응답은 확인했지만 패키지 라이선스 근거가 부족함	jsDelivr 웹 검색	@canvas-fonts/times-new-roman-bold	1.0.4	패키지 메타데이터 미확인	https://cdn.jsdelivr.net/npm/@canvas-fonts/times-new-roman-bold@1.0.4/Times New Roman Bold.ttf	jsDelivr 웹 검색 후 실제 CDN 글꼴 파일 응답 확인
Times New Roman CE	times new roman ce	2	not-found	불가	불가	검증 가능한 웹폰트 파일 미발견		@redis/time-series, @financial-times/useragent_parser, lodash.times				Fontsource·명시 별칭·jsDelivr 웹 검색에서 검증 가능한 패키지를 찾지 못함; Noonnu 조회 실패: HTTP 429
Trebuchet MS	trebuchet ms	14	license-review	가능	라이선스 검토 필요	CDN 응답은 확인했지만 원 권리자의 웹 사용 허가를 확인하지 못함	OnlineWebFonts	onlinewebfonts:03e852a9d1635cf25800b41001ee80c7	03e852a9d1635cf25800b41001ee80c7	원 권리자 웹 사용 허가 미확인	https://db.onlinewebfonts.com/t/03e852a9d1635cf25800b41001ee80c7.woff2	OnlineWebFonts WOFF2 응답 확인 (https://www.onlinewebfonts.com/download/03e852a9d1635cf25800b41001ee80c7); 실제 서비스 배포 전 원 권리자 사용 허가 확인 필요
TT240C21D2tCID	tt240c21d2tcid	1	not-found	불가	불가	검증 가능한 웹폰트 파일 미발견						Fontsource·명시 별칭·jsDelivr 웹 검색에서 검증 가능한 패키지를 찾지 못함; Noonnu 조회 실패: HTTP 429
TT241F22o00	tt241f22o00	1	not-found	불가	불가	검증 가능한 웹폰트 파일 미발견						Fontsource·명시 별칭·jsDelivr 웹 검색에서 검증 가능한 패키지를 찾지 못함; Noonnu 조회 실패: HTTP 429
TT241F22o01	tt241f22o01	1	not-found	불가	불가	검증 가능한 웹폰트 파일 미발견						Fontsource·명시 별칭·jsDelivr 웹 검색에서 검증 가능한 패키지를 찾지 못함; Noonnu 조회 실패: HTTP 429
TT58AF7905tCID	tt58af7905tcid	1	not-found	불가	불가	검증 가능한 웹폰트 파일 미발견						Fontsource·명시 별칭·jsDelivr 웹 검색에서 검증 가능한 패키지를 찾지 못함; Noonnu 조회 실패: HTTP 429
TT8D09055tCID	tt8d09055tcid	1	not-found	불가	불가	검증 가능한 웹폰트 파일 미발견						Fontsource·명시 별칭·jsDelivr 웹 검색에서 검증 가능한 패키지를 찾지 못함; Noonnu 조회 실패: HTTP 429
TT91EAE1BFtCID	tt91eae1bftcid	1	not-found	불가	불가	검증 가능한 웹폰트 파일 미발견						Fontsource·명시 별칭·jsDelivr 웹 검색에서 검증 가능한 패키지를 찾지 못함; Noonnu 조회 실패: HTTP 429
TT9205F73FtCID	tt9205f73ftcid	1	not-found	불가	불가	검증 가능한 웹폰트 파일 미발견						Fontsource·명시 별칭·jsDelivr 웹 검색에서 검증 가능한 패키지를 찾지 못함; Noonnu 조회 실패: HTTP 429
TTD9974692tCID	ttd9974692tcid	1	not-found	불가	불가	검증 가능한 웹폰트 파일 미발견						Fontsource·명시 별칭·jsDelivr 웹 검색에서 검증 가능한 패키지를 찾지 못함; Noonnu 조회 실패: HTTP 429
Tunga	tunga	6	license-review	가능	라이선스 검토 필요	CDN 응답은 확인했지만 원 권리자의 웹 사용 허가를 확인하지 못함	OnlineWebFonts	onlinewebfonts:acf560a35ee1cc896e2892c5d6653a5a	acf560a35ee1cc896e2892c5d6653a5a	원 권리자 웹 사용 허가 미확인	https://db.onlinewebfonts.com/t/acf560a35ee1cc896e2892c5d6653a5a.woff2	OnlineWebFonts WOFF2 응답 확인 (https://www.onlinewebfonts.com/download/acf560a35ee1cc896e2892c5d6653a5a); 실제 서비스 배포 전 원 권리자 사용 허가 확인 필요
Tw Cen MT	tw cen mt	2	license-review	가능	라이선스 검토 필요	CDN 응답은 확인했지만 원 권리자의 웹 사용 허가를 확인하지 못함	OnlineWebFonts	onlinewebfonts:9b62dc86f936227b3f7b367bd0b6c05e	9b62dc86f936227b3f7b367bd0b6c05e	원 권리자 웹 사용 허가 미확인	https://db.onlinewebfonts.com/t/9b62dc86f936227b3f7b367bd0b6c05e.woff2	OnlineWebFonts WOFF2 응답 확인 (https://www.onlinewebfonts.com/download/9b62dc86f936227b3f7b367bd0b6c05e); 실제 서비스 배포 전 원 권리자 사용 허가 확인 필요
Tw Cen MT Condensed	tw cen mt condensed	2	license-review	가능	라이선스 검토 필요	CDN 응답은 확인했지만 원 권리자의 웹 사용 허가를 확인하지 못함	OnlineWebFonts	onlinewebfonts:a6e52658c34e3c3b5aab798f098593dc	a6e52658c34e3c3b5aab798f098593dc	원 권리자 웹 사용 허가 미확인	https://db.onlinewebfonts.com/t/a6e52658c34e3c3b5aab798f098593dc.woff2	OnlineWebFonts WOFF2 응답 확인 (https://www.onlinewebfonts.com/download/a6e52658c34e3c3b5aab798f098593dc); 실제 서비스 배포 전 원 권리자 사용 허가 확인 필요
Tw Cen MT Condensed Extra Bold	tw cen mt condensed	3	license-review	가능	라이선스 검토 필요	CDN 응답은 확인했지만 원 권리자의 웹 사용 허가를 확인하지 못함	OnlineWebFonts	onlinewebfonts:a6e52658c34e3c3b5aab798f098593dc	a6e52658c34e3c3b5aab798f098593dc	원 권리자 웹 사용 허가 미확인	https://db.onlinewebfonts.com/t/a6e52658c34e3c3b5aab798f098593dc.woff2	OnlineWebFonts WOFF2 응답 확인 (https://www.onlinewebfonts.com/download/a6e52658c34e3c3b5aab798f098593dc); 실제 서비스 배포 전 원 권리자 사용 허가 확인 필요
Univers LT Std 57 Cn	univers lt std 57 cn	1	not-found	불가	불가	검증 가능한 웹폰트 파일 미발견		universal-user-agent, universalify, events-universal				Fontsource·명시 별칭·jsDelivr 웹 검색에서 검증 가능한 패키지를 찾지 못함; Noonnu 조회 실패: HTTP 429
UniversalBlack	universalblack	1	not-found	불가	불가	검증 가능한 웹폰트 파일 미발견						Fontsource·명시 별칭·jsDelivr 웹 검색에서 검증 가능한 패키지를 찾지 못함; Noonnu 조회 실패: HTTP 429
Verdana	verdana	19	license-review	가능	라이선스 검토 필요	CDN 응답은 확인했지만 원 권리자의 웹 사용 허가를 확인하지 못함	OnlineWebFonts	onlinewebfonts:562fa31bba08b3f71cb71257ddb880d5	562fa31bba08b3f71cb71257ddb880d5	원 권리자 웹 사용 허가 미확인	https://db.onlinewebfonts.com/t/562fa31bba08b3f71cb71257ddb880d5.woff2	OnlineWebFonts WOFF2 응답 확인 (https://www.onlinewebfonts.com/download/562fa31bba08b3f71cb71257ddb880d5); 실제 서비스 배포 전 원 권리자 사용 허가 확인 필요
Viner Hand ITC	viner hand itc	2	license-review	가능	라이선스 검토 필요	CDN 응답은 확인했지만 원 권리자의 웹 사용 허가를 확인하지 못함	OnlineWebFonts	onlinewebfonts:6b836dcad1979649aaa53bc8187c9a0d	6b836dcad1979649aaa53bc8187c9a0d	원 권리자 웹 사용 허가 미확인	https://db.onlinewebfonts.com/t/6b836dcad1979649aaa53bc8187c9a0d.woff2	OnlineWebFonts WOFF2 응답 확인 (https://www.onlinewebfonts.com/download/6b836dcad1979649aaa53bc8187c9a0d); 실제 서비스 배포 전 원 권리자 사용 허가 확인 필요
Vivaldi	vivaldi	2	license-review	가능	라이선스 검토 필요	CDN 응답은 확인했지만 원 권리자의 웹 사용 허가를 확인하지 못함	OnlineWebFonts	onlinewebfonts:c9a2e344b85728402fb6b8e2afa7f754	c9a2e344b85728402fb6b8e2afa7f754	원 권리자 웹 사용 허가 미확인	https://db.onlinewebfonts.com/t/c9a2e344b85728402fb6b8e2afa7f754.woff2	OnlineWebFonts WOFF2 응답 확인 (https://www.onlinewebfonts.com/download/c9a2e344b85728402fb6b8e2afa7f754); 실제 서비스 배포 전 원 권리자 사용 허가 확인 필요
Vladimir Script	vladimir script	2	available	가능	라이선스 검토 필요	CDN 응답은 확인했지만 패키지 라이선스 근거가 부족함	jsDelivr 웹 검색	fonts-archive-vladimir-script	0.0.1	패키지 메타데이터 미확인	https://cdn.jsdelivr.net/npm/fonts-archive-vladimir-script@0.0.1/VladimirScript.ttf	jsDelivr 웹 검색 후 실제 CDN 글꼴 파일 응답 확인
VnTime	vntime	1	license-review	가능	라이선스 검토 필요	CDN 응답은 확인했지만 원 권리자의 웹 사용 허가를 확인하지 못함	OnlineWebFonts	onlinewebfonts:3eb25089a2de0e6676d50fc28f44d88d	3eb25089a2de0e6676d50fc28f44d88d	원 권리자 웹 사용 허가 미확인	https://db.onlinewebfonts.com/t/3eb25089a2de0e6676d50fc28f44d88d.woff2	OnlineWebFonts WOFF2 응답 확인 (https://www.onlinewebfonts.com/download/3eb25089a2de0e6676d50fc28f44d88d); 실제 서비스 배포 전 원 권리자 사용 허가 확인 필요
VnTimeH	vntimeh	1	license-review	가능	라이선스 검토 필요	CDN 응답은 확인했지만 원 권리자의 웹 사용 허가를 확인하지 못함	OnlineWebFonts	onlinewebfonts:29650136413db4775953ef462bda019a	29650136413db4775953ef462bda019a	원 권리자 웹 사용 허가 미확인	https://db.onlinewebfonts.com/t/29650136413db4775953ef462bda019a.woff2	OnlineWebFonts WOFF2 응답 확인 (https://www.onlinewebfonts.com/download/29650136413db4775953ef462bda019a); 실제 서비스 배포 전 원 권리자 사용 허가 확인 필요
Vrinda	vrinda	3	license-review	가능	라이선스 검토 필요	CDN 응답은 확인했지만 원 권리자의 웹 사용 허가를 확인하지 못함	OnlineWebFonts	onlinewebfonts:e1f8d16379efd89740cc26099c533a74	e1f8d16379efd89740cc26099c533a74	원 권리자 웹 사용 허가 미확인	https://db.onlinewebfonts.com/t/e1f8d16379efd89740cc26099c533a74.woff2	OnlineWebFonts WOFF2 응답 확인 (https://www.onlinewebfonts.com/download/e1f8d16379efd89740cc26099c533a74); 실제 서비스 배포 전 원 권리자 사용 허가 확인 필요
Webdings	webdings	10	not-found	불가	불가	검증 가능한 웹폰트 파일 미발견		awesome-dings				Fontsource·명시 별칭·jsDelivr 웹 검색에서 검증 가능한 패키지를 찾지 못함; Noonnu 조회 실패: HTTP 429
Westminster	westminster	1	license-review	가능	라이선스 검토 필요	CDN 응답은 확인했지만 원 권리자의 웹 사용 허가를 확인하지 못함	OnlineWebFonts	onlinewebfonts:787588e6c611222861fa21b3ff9c12e4	787588e6c611222861fa21b3ff9c12e4	원 권리자 웹 사용 허가 미확인	https://db.onlinewebfonts.com/t/787588e6c611222861fa21b3ff9c12e4.woff2	OnlineWebFonts WOFF2 응답 확인 (https://www.onlinewebfonts.com/download/787588e6c611222861fa21b3ff9c12e4); 실제 서비스 배포 전 원 권리자 사용 허가 확인 필요
Wide Latin	wide latin	2	license-review	가능	라이선스 검토 필요	CDN 응답은 확인했지만 원 권리자의 웹 사용 허가를 확인하지 못함	OnlineWebFonts	onlinewebfonts:5afcc6e055927a510d82c2ced10c01c9	5afcc6e055927a510d82c2ced10c01c9	원 권리자 웹 사용 허가 미확인	https://db.onlinewebfonts.com/t/5afcc6e055927a510d82c2ced10c01c9.woff2	OnlineWebFonts WOFF2 응답 확인 (https://www.onlinewebfonts.com/download/5afcc6e055927a510d82c2ced10c01c9); 실제 서비스 배포 전 원 권리자 사용 허가 확인 필요
Wingdings	wingdings	17	license-review	가능	라이선스 검토 필요	CDN 응답은 확인했지만 원 권리자의 웹 사용 허가를 확인하지 못함	OnlineWebFonts	onlinewebfonts:e991cc888d4fb544fe0a88d065ab6efc	e991cc888d4fb544fe0a88d065ab6efc	원 권리자 웹 사용 허가 미확인	https://db.onlinewebfonts.com/t/e991cc888d4fb544fe0a88d065ab6efc.woff2	OnlineWebFonts WOFF2 응답 확인 (https://www.onlinewebfonts.com/download/e991cc888d4fb544fe0a88d065ab6efc); 실제 서비스 배포 전 원 권리자 사용 허가 확인 필요
Wingdings 2	wingdings 2	10	license-review	가능	라이선스 검토 필요	CDN 응답은 확인했지만 원 권리자의 웹 사용 허가를 확인하지 못함	OnlineWebFonts	onlinewebfonts:f0f870099e5e748e93a126ea16dcaeba	f0f870099e5e748e93a126ea16dcaeba	원 권리자 웹 사용 허가 미확인	https://db.onlinewebfonts.com/t/f0f870099e5e748e93a126ea16dcaeba.woff2	OnlineWebFonts WOFF2 응답 확인 (https://www.onlinewebfonts.com/download/f0f870099e5e748e93a126ea16dcaeba); 실제 서비스 배포 전 원 권리자 사용 허가 확인 필요
Wingdings 3	wingdings 3	10	license-review	가능	라이선스 검토 필요	CDN 응답은 확인했지만 원 권리자의 웹 사용 허가를 확인하지 못함	OnlineWebFonts	onlinewebfonts:6ffe077a0058332e71fa05151a519699	6ffe077a0058332e71fa05151a519699	원 권리자 웹 사용 허가 미확인	https://db.onlinewebfonts.com/t/6ffe077a0058332e71fa05151a519699.woff2	OnlineWebFonts WOFF2 응답 확인 (https://www.onlinewebfonts.com/download/6ffe077a0058332e71fa05151a519699); 실제 서비스 배포 전 원 권리자 사용 허가 확인 필요
YBM-EXT	ybm ext	1	not-found	불가	불가	검증 가능한 웹폰트 파일 미발견						Fontsource·명시 별칭·jsDelivr 웹 검색에서 검증 가능한 패키지를 찾지 못함; Noonnu 조회 실패: HTTP 429
YDIYMjO110-KSCpc-EUC-H	ydiymjo110 kscpc euc h	1	not-found	불가	불가	검증 가능한 웹폰트 파일 미발견						Fontsource·명시 별칭·jsDelivr 웹 검색에서 검증 가능한 패키지를 찾지 못함; Noonnu 조회 실패: HTTP 429
YDVYMjOStd12	ydvymjostd12	1	not-found	불가	불가	검증 가능한 웹폰트 파일 미발견						Fontsource·명시 별칭·jsDelivr 웹 검색에서 검증 가능한 패키지를 찾지 못함; Noonnu 조회 실패: HTTP 429
Yoon 윤고딕 310_TT	yoon 윤고딕 310 tt	1	not-found	불가	불가	검증 가능한 웹폰트 파일 미발견		@noonnu/yoon-sdj, @noonnu/yoon-sjh, @noonnu/yoon-childfundkorea				Fontsource·명시 별칭·jsDelivr 웹 검색에서 검증 가능한 패키지를 찾지 못함; Noonnu 조회 실패: HTTP 429
Yoon 윤고딕 320_TT	yoon 윤고딕 320 tt	1	not-found	불가	불가	검증 가능한 웹폰트 파일 미발견		@noonnu/yoon-sdj, @noonnu/yoon-sjh, @noonnu/yoon-childfundkorea				Fontsource·명시 별칭·jsDelivr 웹 검색에서 검증 가능한 패키지를 찾지 못함; Noonnu 조회 실패: HTTP 429
Yoon 윤고딕 520_TT	yoon 윤고딕 520 tt	16	not-found	불가	불가	검증 가능한 웹폰트 파일 미발견		@noonnu/yoon-sdj, @noonnu/yoon-sjh, @noonnu/yoon-childfundkorea				Fontsource·명시 별칭·jsDelivr 웹 검색에서 검증 가능한 패키지를 찾지 못함; Noonnu 조회 실패: HTTP 429
Yoon 윤고딕 530_TT	yoon 윤고딕 530 tt	8	not-found	불가	불가	검증 가능한 웹폰트 파일 미발견		@noonnu/yoon-sdj, @noonnu/yoon-sjh, @noonnu/yoon-childfundkorea				Fontsource·명시 별칭·jsDelivr 웹 검색에서 검증 가능한 패키지를 찾지 못함; Noonnu 조회 실패: HTTP 429
Yoon 윤고딕 540_TT	yoon 윤고딕 540 tt	2	not-found	불가	불가	검증 가능한 웹폰트 파일 미발견		@noonnu/yoon-sdj, @noonnu/yoon-sjh, @noonnu/yoon-childfundkorea				Fontsource·명시 별칭·jsDelivr 웹 검색에서 검증 가능한 패키지를 찾지 못함; Noonnu 조회 실패: HTTP 429
Yoon 윤고딕 550_TT	yoon 윤고딕 550 tt	1	not-found	불가	불가	검증 가능한 웹폰트 파일 미발견		@noonnu/yoon-sdj, @noonnu/yoon-sjh, @noonnu/yoon-childfundkorea				Fontsource·명시 별칭·jsDelivr 웹 검색에서 검증 가능한 패키지를 찾지 못함; Noonnu 조회 실패: HTTP 429
Yoon 윤명조 120_TT	yoon 윤명조 120 tt	1	not-found	불가	불가	검증 가능한 웹폰트 파일 미발견		@noonnu/yoon-sdj, @noonnu/yoon-sjh, @noonnu/yoon-childfundkorea				Fontsource·명시 별칭·jsDelivr 웹 검색에서 검증 가능한 패키지를 찾지 못함; Noonnu 조회 실패: HTTP 429
Yoon 윤명조 530_TT	yoon 윤명조 530 tt	1	not-found	불가	불가	검증 가능한 웹폰트 파일 미발견		@noonnu/yoon-sdj, @noonnu/yoon-sjh, @noonnu/yoon-childfundkorea				Fontsource·명시 별칭·jsDelivr 웹 검색에서 검증 가능한 패키지를 찾지 못함; Noonnu 조회 실패: HTTP 429
Yoon 윤명조 540_TT	yoon 윤명조 540 tt	1	not-found	불가	불가	검증 가능한 웹폰트 파일 미발견		@noonnu/yoon-sdj, @noonnu/yoon-sjh, @noonnu/yoon-childfundkorea				Fontsource·명시 별칭·jsDelivr 웹 검색에서 검증 가능한 패키지를 찾지 못함; Noonnu 조회 실패: HTTP 429
Yoon가변 윤고딕 120_TT	yoon가변 윤고딕 120 tt	9	not-found	불가	불가	검증 가능한 웹폰트 파일 미발견		@noonnu/yoon-sdj, @noonnu/yoon-sjh, @noonnu/yoon-childfundkorea				Fontsource·명시 별칭·jsDelivr 웹 검색에서 검증 가능한 패키지를 찾지 못함; Noonnu 조회 실패: HTTP 429
Yoon가변 윤고딕 130_TT	yoon가변 윤고딕 130 tt	2	not-found	불가	불가	검증 가능한 웹폰트 파일 미발견		@noonnu/yoon-sdj, @noonnu/yoon-sjh, @noonnu/yoon-childfundkorea				Fontsource·명시 별칭·jsDelivr 웹 검색에서 검증 가능한 패키지를 찾지 못함; Noonnu 조회 실패: HTTP 429
Yoon가변 윤고딕 140_TT	yoon가변 윤고딕 140 tt	6	not-found	불가	불가	검증 가능한 웹폰트 파일 미발견		@noonnu/yoon-sdj, @noonnu/yoon-sjh, @noonnu/yoon-childfundkorea				Fontsource·명시 별칭·jsDelivr 웹 검색에서 검증 가능한 패키지를 찾지 못함; Noonnu 조회 실패: HTTP 429
Yoon가변 윤고딕 150_TT	yoon가변 윤고딕 150 tt	2	not-found	불가	불가	검증 가능한 웹폰트 파일 미발견		@noonnu/yoon-sdj, @noonnu/yoon-sjh, @noonnu/yoon-childfundkorea				Fontsource·명시 별칭·jsDelivr 웹 검색에서 검증 가능한 패키지를 찾지 못함; Noonnu 조회 실패: HTTP 429
Yoon가변 윤고딕 310_TT	yoon가변 윤고딕 310 tt	6	not-found	불가	불가	검증 가능한 웹폰트 파일 미발견		@noonnu/yoon-sdj, @noonnu/yoon-sjh, @noonnu/yoon-childfundkorea				Fontsource·명시 별칭·jsDelivr 웹 검색에서 검증 가능한 패키지를 찾지 못함; Noonnu 조회 실패: HTTP 429
Yoon가변 윤고딕 320_TT	yoon가변 윤고딕 320 tt	8	not-found	불가	불가	검증 가능한 웹폰트 파일 미발견		@noonnu/yoon-sdj, @noonnu/yoon-sjh, @noonnu/yoon-childfundkorea				Fontsource·명시 별칭·jsDelivr 웹 검색에서 검증 가능한 패키지를 찾지 못함; Noonnu 조회 실패: HTTP 429
Yoon가변 윤고딕 330_TT	yoon가변 윤고딕 330 tt	12	not-found	불가	불가	검증 가능한 웹폰트 파일 미발견		@noonnu/yoon-sdj, @noonnu/yoon-sjh, @noonnu/yoon-childfundkorea				Fontsource·명시 별칭·jsDelivr 웹 검색에서 검증 가능한 패키지를 찾지 못함; Noonnu 조회 실패: HTTP 429
Yoon가변 윤고딕 340_TT	yoon가변 윤고딕 340 tt	1	not-found	불가	불가	검증 가능한 웹폰트 파일 미발견		@noonnu/yoon-sdj, @noonnu/yoon-sjh, @noonnu/yoon-childfundkorea				Fontsource·명시 별칭·jsDelivr 웹 검색에서 검증 가능한 패키지를 찾지 못함; Noonnu 조회 실패: HTTP 429
Yoon가변 윤고딕 350_TT	yoon가변 윤고딕 350 tt	6	not-found	불가	불가	검증 가능한 웹폰트 파일 미발견		@noonnu/yoon-sdj, @noonnu/yoon-sjh, @noonnu/yoon-childfundkorea				Fontsource·명시 별칭·jsDelivr 웹 검색에서 검증 가능한 패키지를 찾지 못함; Noonnu 조회 실패: HTTP 429
Yoon가변 윤명조 120_TT	yoon가변 윤명조 120 tt	3	not-found	불가	불가	검증 가능한 웹폰트 파일 미발견		@noonnu/yoon-sdj, @noonnu/yoon-sjh, @noonnu/yoon-childfundkorea				Fontsource·명시 별칭·jsDelivr 웹 검색에서 검증 가능한 패키지를 찾지 못함; Noonnu 조회 실패: HTTP 429
Yoon가변 윤명조 140_TT	yoon가변 윤명조 140 tt	2	not-found	불가	불가	검증 가능한 웹폰트 파일 미발견		@noonnu/yoon-sdj, @noonnu/yoon-sjh, @noonnu/yoon-childfundkorea				Fontsource·명시 별칭·jsDelivr 웹 검색에서 검증 가능한 패키지를 찾지 못함; Noonnu 조회 실패: HTTP 429
Yoon가변 윤명조 150_TT	yoon가변 윤명조 150 tt	1	not-found	불가	불가	검증 가능한 웹폰트 파일 미발견		@noonnu/yoon-sdj, @noonnu/yoon-sjh, @noonnu/yoon-childfundkorea				Fontsource·명시 별칭·jsDelivr 웹 검색에서 검증 가능한 패키지를 찾지 못함; Noonnu 조회 실패: HTTP 429
Yoon가변 윤명조 320_TT	yoon가변 윤명조 320 tt	9	not-found	불가	불가	검증 가능한 웹폰트 파일 미발견		@noonnu/yoon-sdj, @noonnu/yoon-sjh, @noonnu/yoon-childfundkorea				Fontsource·명시 별칭·jsDelivr 웹 검색에서 검증 가능한 패키지를 찾지 못함; Noonnu 조회 실패: HTTP 429
Yoon가변 윤명조 350_TT	yoon가변 윤명조 350 tt	1	not-found	불가	불가	검증 가능한 웹폰트 파일 미발견		@noonnu/yoon-sdj, @noonnu/yoon-sjh, @noonnu/yoon-childfundkorea				Fontsource·명시 별칭·jsDelivr 웹 검색에서 검증 가능한 패키지를 찾지 못함; Noonnu 조회 실패: HTTP 429
Yu Mincho	yu mincho	1	available	가능	가능	공급 경로의 라이선스 단서와 CDN 응답 확인	jsDelivr 웹 검색	@fontsource/shippori-mincho	5.3.0	OFL-1.1	https://cdn.jsdelivr.net/npm/@fontsource/shippori-mincho@5.3.0/files/shippori-mincho-0-400-normal.woff	jsDelivr 웹 검색 후 실제 CDN 글꼴 파일 응답 확인
ﾇﾑｾ鄰ﾟｰ昉�Identity-H	ﾇﾑｾ鄰ﾟｰ昉�identity h	3	not-found	불가	불가	검증 가능한 웹폰트 파일 미발견		@decentralized-identity/hub-common-js, @decentralized-identity/hub-node-core, @envage/defra-identity-hapi-plugin				Fontsource·명시 별칭·jsDelivr 웹 검색에서 검증 가능한 패키지를 찾지 못함; Noonnu 조회 실패: HTTP 429
